date,regime,log_return,body_ratio,upper_wick_ratio,lower_wick_ratio,range_zscore,volume_zscore,volume_delta,gap,atr7_norm,atr14_norm,atr28_norm,atr_ratio,rsi14,rsi28,macd_hist,roc_5,roc_10,roc_20,roc_60,bb_position,dist_sma20,dist_sma50,range_percentile,williams_r_14,stoch_k_14,realized_vol_ratio,obv_zscore,dist_52w_high,dist_52w_low,atr_momentum,cci_20,ichimoku_distance,vwap_distance,consec_bars,rsi_momentum,donchian_position,corr_index,dow_sin,dow_cos,month_sin,month_cos,hour_sin,hour_cos,session_asian,session_london,session_newyork,session_overlap,quarter_end_flag
2024-08-14 12:00:00,0.0,-0.25961083,-1.3527747,0.35098988,-1.3447928,-1.4782158,1.7105944,0.5823147,0.054931372,-1.4845681,-1.1978921,-0.43264046,-2.1058936,0.22644603,0.28249744,0.33916527,-0.0010073545,0.52532876,0.095729336,1.2557106,-0.047926806,-0.010629569,0.18754207,-1.7698731,-0.7700057,0.7700057,-1.2122934,-0.09874983,-2.8442984,0.38935685,-1.4060438,0.09369299,-0.37246808,-0.1160508,-0.72112536,-0.21996845,-0.15773915,0.9005692,0.95105654,0.309017,-0.8660254,-0.5,-0.8660254,-0.5,0.0,0.0,1.0,0.0,0.0
2024-08-14 16:00:00,3.0,-0.010570745,-0.80807203,-1.0990018,1.3756747,-0.45354447,-1.3407822,-1.7947109,0.5147727,-1.3992211,-1.2607766,-0.5718755,-1.8595692,0.17187203,0.2341857,0.3080623,0.0773953,0.23458971,-0.25314784,1.0342524,-0.029787607,0.0037225948,0.12265785,-0.71428794,-1.0061884,1.0061884,-1.2143769,-0.7696284,-2.7976613,0.38588,-1.1410657,-0.06918912,-0.031538397,-0.11396604,-1.0904315,-0.08595236,-0.21195857,0.8499846,0.58778524,-0.809017,-0.8660254,-0.5,1.2246469e-16,-1.0,0.0,1.0,0.0,0.0,0.0
2024-08-15 12:00:00,1.0,0.44242102,1.3784376,-0.09763706,-1.2214416,-1.0896895,-0.8183322,0.3895375,0.02902182,-1.5653065,-1.5028702,-0.86344844,-1.9615937,0.5404166,0.54531235,0.44928914,0.13022643,0.86865103,-0.19966887,0.8518477,0.4067921,0.4424279,0.47568867,-1.555012,-1.4129496,1.4129496,-1.0961596,-0.22320336,-2.6472468,0.88803107,-1.1695282,0.34679902,-0.0691136,0.32079214,0.105953135,0.032886323,0.13015656,0.83912766,0.58778524,-0.809017,-0.8660254,-0.5,-0.8660254,-0.5,0.0,0.0,1.0,0.0,0.0
2024-08-15 16:00:00,0.0,1.7236133,1.9533215,-1.4008193,-1.294083,-0.015653368,-1.3879764,-0.81532156,1.0911105,-0.8188277,-1.0606747,-0.7051578,-0.7695476,1.8199654,1.7643228,1.0318751,1.0598624,1.1361217,0.5993626,1.0772796,1.9889582,1.8771583,2.0139904,0.29483473,-1.9114709,1.9114709,-0.083440065,0.30874515,-0.37061682,1.9516916,-0.42995676,2.0241218,0.97464585,1.7572047,0.5123386,1.3679411,1.6033365,0.9873041,-0.58778524,-0.809017,-0.8660254,-0.5,1.2246469e-16,-1.0,0.0,1.0,0.0,0.0,0.0
2024-08-16 12:00:00,0.0,0.48220333,1.0745465,-0.05150832,-0.62178165,-0.575554,-0.50114346,1.0028368,0.035055816,-0.9755944,-1.2044781,-0.89437526,-0.90841955,2.0142982,1.9827645,1.5651767,1.1353405,1.1449742,0.7928391,1.1814241,2.2190275,2.197444,2.30243,-0.7859448,-1.632352,1.632352,-0.11013052,0.9936723,-0.09524131,2.3226426,-0.453657,2.5129364,1.3492185,2.1132371,0.9252211,1.6511441,1.9234008,0.95932275,-0.58778524,-0.809017,-0.8660254,-0.5,-0.8660254,-0.5,0.0,0.0,1.0,0.0,0.0
2024-08-16 16:00:00,0.0,0.20371142,0.32319945,-0.70701736,1.7533333,-0.4341971,-1.4411485,-1.330501,0.07020897,-1.0652121,-1.2989659,-1.039894,-0.9651218,2.0277512,2.0081627,1.8529844,1.3572711,1.0854181,0.8501438,1.0488254,2.145135,2.2421808,2.3398058,-0.7771068,-1.6623275,1.6623275,-0.33017316,1.2384703,-0.021943806,2.415003,-0.12991607,2.33722,1.370066,2.223297,1.3483537,1.4174054,2.0814788,1.2221729,-0.95105654,0.309017,-0.8660254,-0.5,1.2246469e-16,-1.0,0.0,1.0,0.0,0.0,0.0
2024-08-19 12:00:00,0.0,0.09273513,0.25396046,2.22633,-0.9872569,-1.3636353,-0.898641,0.7596781,0.040367573,-1.4394526,-1.6111678,-1.3503454,-1.43398,1.9816184,1.9675294,2.0444303,1.4037634,1.1732508,0.7650537,0.9826153,2.0199897,2.299813,2.3545725,-1.6759295,-1.3937192,1.3937192,-0.3903055,1.4815903,-0.35286337,2.6231163,-0.43834582,2.3188145,1.4808551,2.30919,1.7548926,0.3268147,1.8069718,1.1980234,-0.95105654,0.309017,-0.8660254,-0.5,-0.8660254,-0.5,0.0,0.0,1.0,0.0,0.0
2024-08-19 16:00:00,0.0,0.019378357,0.08123807,0.92321056,0.60148436,-0.93362933,-1.6157241,-1.4928393,-0.006718629,-1.5796695,-1.7631037,-1.5494653,-1.5783069,1.8961173,1.8841249,2.0255053,1.1916443,1.0472447,2.0209677,1.420071,1.6920536,2.1523077,2.2913907,-1.5037512,-1.3625759,1.3625759,0.34465095,1.3570509,-0.62164396,2.6490972,-0.40938088,1.7045176,1.4823537,2.2235725,1.678869,0.07129641,1.7415576,1.1541098,0.0,1.0,-0.8660254,-0.5,1.2246469e-16,-1.0,0.0,1.0,0.0,0.0,0.0
2024-08-20 12:00:00,0.0,-0.45574185,-1.111915,-1.2210131,0.8675332,0.082873516,-0.5041098,2.357933,0.020325646,-1.4282396,-1.6880308,-1.5576801,-1.2878165,1.3610739,1.479533,1.6342145,0.16428205,0.9549087,2.1874733,1.3418624,1.2199441,1.5164391,1.8058052,-0.43895763,-0.8737527,0.8737527,-0.7659406,0.7169461,-1.0560309,2.139356,-0.9199683,1.1473014,1.4316758,1.5690305,-0.72112536,-0.5185846,1.2888387,0.96138513,0.0,1.0,-0.8660254,-0.5,-0.8660254,-0.5,0.0,0.0,1.0,0.0,0.0
2024-08-20 16:00:00,0.0,0.26666477,-0.011415918,-0.34931841,1.9261315,-0.74604356,-1.3349167,-1.2960573,0.42353904,-1.5094583,-1.7789928,-1.709008,-1.3532214,1.4956669,1.5932391,1.4438752,0.060811773,0.9261816,1.629311,1.5624106,1.2205677,1.6289911,2.0000074,-1.2349923,-1.1025444,1.1025444,-0.8460036,0.8105836,-0.97976655,2.3494172,-0.9406377,1.0330985,1.4233344,1.7146915,0.0545153,-0.39003298,1.4475174,0.79722744,0.95105654,0.309017,-0.8660254,-0.5,1.2246469e-16,-1.0,0.0,1.0,0.0,0.0,0.0
2024-08-21 12:00:00,3.0,0.3223436,1.1015831,-1.2433053,0.42675424,-0.8059207,-0.89379597,0.5311896,0.0050091464,-1.5964013,-1.8747258,-1.8635969,-1.4243686,1.6527225,1.7300825,1.352447,0.116050705,1.1292245,2.002438,1.5956817,1.2460561,1.7523203,2.2356627,-1.4174105,-1.3720582,1.3720582,-0.6734221,0.94227403,-0.84685284,2.5756395,-1.0037258,0.99886036,1.7402964,1.8481351,0.45575926,-0.17286366,1.6705539,0.67292625,0.95105654,0.309017,-0.8660254,-0.5,-0.8660254,-0.5,0.0,0.0,1.0,0.0,0.0
2024-08-21 16:00:00,3.0,0.0019634105,-0.61232877,0.38391483,0.32967687,-0.19961713,-1.2633176,-1.0103518,0.3637543,-1.531556,-1.8408028,-1.8904142,-1.2948122,1.6317043,1.7015009,1.1768575,0.07449984,1.1219674,1.6904554,2.1179187,1.1040974,1.6210941,2.21937,-0.849596,-1.1151375,1.1151375,-0.63817054,0.929139,-0.88663375,2.5017605,-0.6971168,0.98744017,2.4118986,1.7702247,0.835906,0.3245331,1.419353,0.617443,0.58778524,-0.809017,-0.8660254,-0.5,1.2246469e-16,-1.0,0.0,1.0,0.0,0.0,0.0
2024-08-22 12:00:00,3.0,0.008706761,0.021032415,1.7182735,-0.17471188,-1.0743548,-0.49824154,1.5185504,-0.010441671,-1.5881958,-1.8861302,-1.9696023,-1.3777041,1.5986041,1.6612842,1.0153785,0.069656804,0.9598327,2.1905491,1.7946948,1.0071689,1.4687968,2.235853,-1.4571277,-1.1129218,1.1129218,-0.3392078,1.0401053,-1.0902554,2.5264137,-0.63544154,0.8792013,2.9191,1.637636,1.2078043,0.14782527,1.357551,0.0930293,0.58778524,-0.809017,-0.8660254,-0.5,-0.8660254,-0.5,0.0,0.0,1.0,0.0,0.0
2024-08-22 16:00:00,3.0,-0.2552877,-1.0231141,-0.44134977,0.21257669,2.0220673,-0.9179384,-0.9845787,0.44777402,-1.2573853,-1.6519321,-1.8202046,-0.77514875,1.2869471,1.4403325,0.62428594,0.17141221,0.2517796,1.6289899,1.7655298,0.7552413,1.015957,1.8986809,0.7273325,-0.83925974,0.83925974,-0.7281922,0.62295717,-0.9842652,2.0553675,-0.37117732,0.6891844,2.5931585,1.198783,-0.80520284,-0.38623276,1.060647,-0.11020356,-0.58778524,-0.809017,-0.8660254,-0.5,1.2246469e-16,-1.0,0.0,1.0,0.0,0.0,0.0
2024-08-23 12:00:00,0.0,0.10836392,0.39246178,-1.0757437,1.926882,-0.8089817,-0.21734937,1.324035,-0.03306638,-1.3594173,-1.7080377,-1.8913194,-0.93683827,1.3564334,1.4848628,0.42347,0.09299116,0.11530214,1.4915826,1.6774836,0.7314081,1.0156674,1.999496,-1.3829029,-0.9262595,0.9262595,-0.8030548,0.74747723,-1.0650876,2.1732583,-0.36945343,0.53057307,2.2564163,1.2055984,0.0,-0.28375524,1.1131253,-0.2858077,-0.58778524,-0.809017,-0.8660254,-0.5,-0.8660254,-0.5,0.0,0.0,1.0,0.0,0.0
2024-08-23 16:00:00,0.0,-0.81452435,-1.638022,-0.6191742,-1.0418862,2.599271,-0.71868306,-1.0287051,0.43133843,-0.89986414,-1.3647561,-1.6304855,-0.14071944,0.38876143,0.82416224,-0.153593,-0.45058492,-0.24452618,0.99122053,0.99455863,0.13746588,0.14658543,1.1981133,1.0688411,-0.114294924,0.114294924,-0.050849717,0.3697193,-1.2859497,1.3114309,0.36923504,0.34944704,1.8614134,0.3209072,-0.7820173,-1.2878023,0.34412867,-0.54220885,-0.95105654,0.309017,-0.8660254,-0.5,1.2246469e-16,-1.0,0.0,1.0,0.0,0.0,0.0
2024-08-26 12:00:00,0.0,0.52839124,1.1274441,-0.54545486,-0.15673827,0.6902609,-0.27122885,0.7607815,-0.056946672,-0.86784405,-1.3124719,-1.6136217,-0.06537872,0.8303238,1.1545779,-0.31689218,-0.20169342,-0.0931104,1.2905656,1.0994549,0.42275795,0.45430824,1.5182674,-0.10073709,-0.26345718,0.26345718,0.44146216,0.516359,-0.662253,1.5300144,0.51210785,0.25810525,1.7967472,0.6183727,0.033615597,-0.48400936,0.8283652,-0.38567364,-0.95105654,0.309017,-0.8660254,-0.5,-0.8660254,-0.5,0.0,0.0,1.0,0.0,0.0
2024-08-26 16:00:00,0.0,0.66375947,0.9541063,0.8962849,-1.1944708,1.1126534,0.14661628,0.50748175,0.22753651,-0.68019885,-1.1564798,-1.517009,0.27149755,1.3027291,1.5357103,-0.22136013,0.11189082,0.13462307,1.407789,1.1703346,0.8007415,0.81180817,1.8260795,0.4469702,-0.5060995,0.5060995,0.82707804,0.67076176,0.27226746,1.6770093,1.0608124,0.75546193,1.6764022,0.92274743,0.45575926,-0.031620543,1.1537343,-0.6195575,0.0,1.0,-0.8660254,-0.5,1.2246469e-16,-1.0,0.0,1.0,0.0,0.0,0.0
2024-08-27 12:00:00,0.0,-0.3264116,-1.0826737,-0.6189843,0.10402627,-0.734986,-0.12821315,-0.6146049,-0.059479717,-0.9131066,-1.2687876,-1.590337,-0.15063576,0.91808206,1.245112,-0.2911331,0.0790586,0.18519208,1.3488802,0.84266526,0.5038985,0.4635393,1.5997663,-1.2023954,0.045265686,-0.045265686,0.8498101,0.30144686,-0.2915495,1.5953853,0.4097427,0.5770173,1.3639894,0.5296312,-0.7426805,0.6023626,0.86700773,-0.6392819,0.0,1.0,-0.8660254,-0.5,-0.8660254,-0.5,0.0,0.0,1.0,0.0,0.0
2024-08-27 16:00:00,0.0,0.35667074,0.87251395,-0.74388355,0.64303386,-0.81781656,-0.30439878,-0.47617722,0.1548272,-1.1202104,-1.3944464,-1.6926666,-0.50657964,1.1598512,1.4265733,-0.23409845,0.20128581,0.21444358,1.3453552,0.9701648,0.71878815,0.66633844,1.8319551,-1.3547131,-0.57795054,0.57795054,0.89181954,0.41817352,-0.1912674,1.8832337,0.32738173,0.7055335,1.3907461,0.6885671,0.07671199,0.4032863,1.1591002,-0.6488361,0.95105654,0.309017,-0.8660254,-0.5,1.2246469e-16,-1.0,0.0,1.0,0.0,0.0,0.0
2024-08-28 12:00:00,0.0,0.6174582,1.4550009,-0.8328614,-0.58471245,0.27427796,0.21439558,0.4170213,-0.051713154,-1.0864666,-1.374242,-1.6943803,-0.40588787,1.5373063,1.7371933,-0.0039469847,0.8993608,0.31615785,1.6925982,1.0395639,1.2013508,1.0158389,2.1261618,-0.2715327,-1.2692566,1.2692566,-0.08649121,0.58758914,0.50952584,2.1105857,-0.18702863,1.253543,1.1642613,0.8972458,0.48719227,0.3253004,1.4791226,-0.57670075,0.95105654,0.309017,-0.8660254,-0.5,-0.8660254,-0.5,0.0,0.0,1.0,0.0,0.0
2024-08-28 16:00:00,3.0,-0.52967405,-1.239255,0.081421606,-0.9522545,1.3089877,0.24914306,-0.1276467,0.21256225,-0.8637282,-1.2070453,-1.5593175,-0.010055784,0.9428751,1.3057742,-0.12598754,0.38874635,0.13147046,1.4762112,0.5068875,0.75086683,0.38126838,1.5479089,0.7714455,-0.07471002,0.07471002,0.45920253,0.2774959,0.20046821,1.6157676,-0.005894837,1.2958943,1.0729932,0.24042259,-0.7426805,0.056569126,0.72803867,-0.37243623,0.58778524,-0.809017,-0.8660254,-0.5,1.2246469e-16,-1.0,0.0,1.0,0.0,0.0,0.0
2024-08-29 12:00:00,3.0,-0.022828707,-0.089878656,-0.22887959,1.8319248,0.2523379,0.79177415,0.18306427,-0.04701859,-0.86231816,-1.1834028,-1.5363022,-0.014880458,0.9067977,1.2634473,-0.24517414,0.049947202,0.122005984,1.2767512,0.4351543,0.8780997,0.23217148,1.4099581,-0.20309302,-0.021501692,0.021501692,0.11529623,-0.12366255,0.19591711,1.5497621,-0.27100947,0.63643885,1.0489333,0.043628726,-1.1204593,-0.28483856,0.44175264,-0.44367963,0.58778524,-0.809017,-0.8660254,-0.5,-0.8660254,-0.5,0.0,0.0,1.0,0.0,0.0
2024-08-29 16:00:00,3.0,1.9319832,1.608442,-1.0640804,-0.7220893,2.5345998,0.5063853,-0.314153,1.0973536,-0.13575535,-0.6984298,-1.217263,1.26604,1.9871936,2.2304513,0.27489704,1.1784295,0.93536025,1.32632,1.461246,2.7307181,1.4239123,2.0951214,1.4034837,-1.3778799,1.3778799,1.794072,0.256565,2.9903882,1.8065276,1.037188,2.611828,0.8157617,1.2166312,0.111128554,0.58617604,1.5159148,-0.99542993,-0.58778524,-0.809017,-0.8660254,-0.5,1.2246469e-16,-1.0,0.0,1.0,0.0,0.0,0.0
2024-08-30 12:00:00,3.0,-0.05593825,-0.08511271,1.8939544,-0.12600002,0.10388743,2.577126,1.1649528,-0.080589674,-0.33117533,-0.7573692,-1.2323345,0.86052847,1.8728877,2.094917,0.56932145,0.96670264,0.8754236,1.0885195,1.4935849,1.9383965,1.3015561,1.940646,-0.1261887,-0.8863073,0.8863073,1.8517251,-0.47381482,2.7362192,1.7863818,1.2056571,2.3708594,0.83823544,1.0555102,-0.7341413,1.2229265,0.9718622,-1.1237969,-0.58778524,-0.809017,-0.8660254,-0.5,-0.8660254,-0.5,0.0,0.0,1.0,0.0,0.0
2024-08-30 16:00:00,3.0,0.040536556,-0.44792843,2.0665526,-1.1463103,-0.16929728,-0.36824322,-1.4060283,0.35737944,-0.47588572,-0.8064167,-1.2430791,0.57681036,1.8259348,2.0245814,0.7007861,0.6827852,1.1742821,1.0139763,1.7813326,1.5567937,1.2581091,1.8778533,-0.532569,-0.7976221,0.7976221,1.7910658,-0.096686445,2.607675,1.8109148,1.0593026,1.8167095,1.2832062,1.0310558,0.07860066,1.3130167,0.8759272,-1.1997137,-0.95105654,0.309017,-0.8660254,-0.5,1.2246469e-16,-1.0,0.0,1.0,0.0,0.0,0.0
2024-09-03 12:00:00,4.0,0.5305692,1.0647666,0.0065328414,-0.67905927,0.77031213,1.5722725,1.3499665,-0.0707102,-0.45812732,-0.7704772,-1.206983,0.58826244,1.9856553,2.1659636,0.85351676,1.2038666,1.1626536,1.1815112,1.9827839,1.5559825,1.4944794,1.9939694,0.6893667,-1.1131796,1.1131796,1.2603921,0.50556195,2.9134371,1.9187875,0.8421946,1.4174482,1.2375453,1.2488497,0.48156548,0.22741637,1.2223288,-1.1284766,-0.95105654,0.309017,-0.8660254,-0.5,-0.8660254,-0.5,0.0,0.0,1.0,0.0,0.0
2024-09-03 16:00:00,4.0,1.9568695,1.7913481,-1.1469364,-1.2185678,2.932554,2.5793374,0.885705,0.06793949,0.24930625,-0.29744884,-0.8917718,1.6829742,2.4788933,2.7409856,1.2650505,2.166171,1.6175593,1.9206239,2.4903872,1.9786562,2.2334201,2.3859417,1.873666,-1.2854024,1.2854024,1.1265081,1.1551701,3.0,2.028811,1.876999,1.7227256,0.7974428,1.9593992,0.91691065,1.1542664,1.4067514,-3.0,0.95105654,0.309017,-1.0,-1.8369701e-16,1.2246469e-16,-1.0,0.0,1.0,0.0,0.0,0.0
2024-09-04 12:00:00,4.0,-1.2405828,-1.6189889,-1.0219737,-0.4953633,1.401569,1.9623204,-0.25120273,-0.04990383,0.46875632,-0.049963135,-0.6537271,1.7413193,1.4052743,1.8717158,1.0567845,0.60110885,1.2592608,1.567193,1.7611513,1.0834751,1.246015,1.6419289,1.3770727,-0.57342494,0.57342494,1.3845582,0.18995894,3.0,1.3966949,1.0382301,1.1703156,0.31155604,0.9212031,-0.9409983,-0.37705487,0.6375463,-2.5725648,0.95105654,0.309017,-1.0,-1.8369701e-16,-0.8660254,-0.5,0.0,0.0,1.0,0.0,0.0
2024-09-04 16:00:00,4.0,0.5465066,1.0085351,0.5684884,-1.2054772,0.28855494,0.87983876,-0.7203447,0.010932506,0.29619846,-0.088734835,-0.64966017,1.3781221,1.5510939,1.9849552,1.0414685,0.9012288,1.3159765,1.639254,2.1190984,1.1107255,1.4278953,1.7743615,0.80846,-0.9109379,0.9109379,1.3032985,0.8942518,3.0,1.5550576,1.125386,0.9639268,-0.033710964,1.115428,-0.023510529,-0.42146257,0.9982431,-2.541105,0.58778524,-0.809017,-1.0,-1.8369701e-16,1.2246469e-16,-1.0,0.0,1.0,0.0,0.0,0.0
2024-09-05 12:00:00,4.0,-0.08951055,-0.11977061,0.23060079,1.5272352,-0.91927475,1.0241435,0.068401664,-0.049560193,-0.18310687,-0.34711215,-0.7900688,0.6168666,1.4937543,1.8903915,0.99981016,0.8339296,1.0675672,1.4571197,2.0352046,0.8969258,1.3766695,1.7880131,-1.0707699,-0.8335665,0.8335665,1.2765571,1.4023396,2.762097,1.7137325,0.7853304,0.7415182,0.0006236024,1.0460845,0.4222664,-1.3141971,0.97003335,-2.5143592,0.58778524,-0.809017,-1.0,-1.8369701e-16,-0.8660254,-0.5,0.0,0.0,1.0,0.0,0.0
2024-09-05 16:00:00,4.0,-1.2930762,-1.6913797,-0.69335335,-0.87250733,1.0487659,0.03818144,-0.84592754,0.3808535,0.12874721,-0.11100022,-0.5815389,0.9783164,0.7757006,1.335224,0.43663833,0.043415155,0.91471833,1.0564474,2.7626755,0.39275858,0.63909006,1.254484,1.2644198,-0.15645882,0.15645882,1.4599259,0.54437065,2.1868699,1.222191,1.0372059,0.43195868,0.39543852,0.3047008,-1.0536735,-1.0091542,0.37481427,-2.176632,-0.58778524,-0.809017,-1.0,-1.8369701e-16,1.2246469e-16,-1.0,0.0,1.0,0.0,0.0,0.0
2024-09-06 12:00:00,4.0,0.17019477,0.75689423,0.23675069,-0.3222218,-0.7238872,0.37229115,0.2121399,-0.30285364,-0.20929001,-0.3003117,-0.68655556,0.46381387,0.88382685,1.4185005,0.12613586,-0.95429665,1.0462229,1.1200405,2.6366982,0.40277514,0.7516017,1.3950335,-0.65015686,-0.341339,0.341339,0.17857593,0.98965603,2.154901,1.4411081,-0.1818637,0.24856232,0.9454062,0.40428975,-0.07351211,-1.213978,0.53921777,-2.0256393,-0.58778524,-0.809017,-1.0,-1.8369701e-16,-0.8660254,-0.5,0.0,0.0,1.0,0.0,0.0
2024-09-06 16:00:00,3.0,-0.1983315,-0.5433691,0.36725467,0.54920805,0.04458314,0.11805712,-0.24776743,0.3204648,-0.22004762,-0.30024436,-0.6645253,0.4239908,0.8331176,1.3614665,-0.24573852,-0.3761451,0.23447499,1.1492057,2.189106,0.27396578,0.58456796,1.3148549,0.80424047,-0.29100728,0.29100728,-0.32196957,0.102906756,2.0207014,1.4059106,-0.47206703,0.17558664,1.0016111,0.25548455,-1.0214028,-1.2578347,0.4931521,-1.8843986,-0.95105654,0.309017,-1.0,-1.8369701e-16,1.2246469e-16,-1.0,0.0,1.0,0.0,0.0,0.0
2024-09-09 12:00:00,4.0,0.18434997,1.3151103,-0.3835126,-1.0089597,-1.2335174,1.5778714,1.1769696,-0.26909736,-0.67683977,-0.5907131,-0.8453849,-0.2508216,0.96489686,1.4558938,-0.48420662,-0.6545077,0.3440386,1.1806049,2.4597125,0.2976174,0.75246346,1.5321469,-1.4142482,-0.5079395,0.5079395,-0.50579387,0.8473409,2.001457,1.7434465,-0.83803487,0.13800468,1.0780488,0.3866126,-0.06543963,0.14407645,0.6865164,-1.7958995,-0.95105654,0.309017,-1.0,-1.8369701e-16,-0.8660254,-0.5,0.0,0.0,1.0,0.0,0.0
2024-09-09 16:00:00,4.0,2.9160783,1.6255009,-1.2529027,-0.85401434,1.6399705,1.9404192,0.3009707,2.650367,0.6264805,0.1452035,-0.41727778,1.6276239,1.8357289,2.2068198,0.0811863,0.88422114,1.3940747,2.3071923,2.3335526,1.2461077,1.8158729,2.0011544,1.8406615,-1.2598194,1.2598194,1.2052183,1.4444636,2.460139,1.7896396,0.7899087,0.8475267,1.0594907,1.548494,0.4165686,1.3637794,1.3364421,-0.80192375,0.0,1.0,-1.0,-1.8369701e-16,1.2246469e-16,-1.0,0.0,1.0,0.0,0.0,0.0
2024-09-10 12:00:00,4.0,-0.6053885,-0.99846256,-0.18851675,0.20168455,-0.41110876,1.5735533,-0.19032395,-0.27925923,0.25398934,-0.006170623,-0.47442314,1.0143667,1.4987077,1.9155251,0.31035313,1.2537705,0.95270437,1.9057006,2.1744702,0.86110365,1.4476035,1.8496239,-0.12975514,-0.86169946,0.86169946,0.81811523,0.14302221,2.1285453,1.7808107,0.17128117,0.8030758,1.2474663,1.1458087,-1.0536735,0.9748467,0.9842529,-0.7993826,0.0,1.0,-1.0,-1.8369701e-16,-0.8660254,-0.5,0.0,0.0,1.0,0.0,0.0
2024-09-10 16:00:00,4.0,-0.7881499,-1.353525,-0.5204954,-0.36366573,0.10347797,-0.28940108,-1.2856452,0.15817715,0.18457831,-0.00038855794,-0.43356112,0.8176166,1.0471119,1.5558443,0.102867156,0.7724343,-0.243988,1.4311981,1.7777811,0.46547437,0.9113374,1.5406185,1.0882261,-0.28048137,0.28048137,0.9910477,-0.77966285,1.8426973,1.598286,0.44506115,0.48267415,1.2268399,0.6033714,-1.489969,0.15963547,0.6352316,-0.7431853,0.95105654,0.309017,-1.0,-1.8369701e-16,1.2246469e-16,-1.0,0.0,1.0,0.0,0.0,0.0
2024-09-11 12:00:00,4.0,0.32374573,1.0052733,0.41615722,-1.0391233,-0.595814,-0.07903447,0.11610797,-0.29669854,-0.18788132,-0.21143581,-0.5488696,0.3221402,1.1593125,1.6186734,0.03437515,1.0371205,0.47011396,1.6349769,1.783639,0.5154635,1.0416996,1.665895,-0.44252056,-0.61788714,0.61788714,0.95169467,-0.14436246,1.8911761,1.8252465,0.16988419,0.4375413,1.279749,0.77235764,-0.06465253,-1.0302048,0.87174106,-0.72859794,0.95105654,0.309017,-1.0,-1.8369701e-16,-0.8660254,-0.5,0.0,0.0,1.0,0.0,0.0
2024-09-11 16:00:00,4.0,-2.647247,-1.734889,-1.2407713,-0.5945707,2.209956,0.01497953,0.009864785,-0.747739,1.263443,0.7606715,0.13709882,1.7716926,-0.3491753,0.46625352,-1.0686415,-0.5112848,-0.8752146,0.6914063,1.1921667,-0.6504134,-0.7310652,0.45773256,1.8835654,1.4620707,-1.4620707,1.5066711,-1.3190747,1.1807417,0.6057045,1.9162059,-0.35322705,0.9486986,-1.0072131,-1.0093338,-2.6856034,-0.56480247,-0.77682465,0.58778524,-0.809017,-1.0,-1.8369701e-16,1.2246469e-16,-1.0,0.0,1.0,0.0,0.0,0.0
2024-09-12 12:00:00,4.0,1.754048,1.5169408,-0.86157244,-1.0600924,1.1799338,0.45229143,0.2709392,-0.2132572,1.5630035,1.0386078,0.3290354,1.9565136,0.31980288,0.97689545,-1.1062287,-1.023448,-0.09398396,1.0539122,1.4643118,0.1400851,0.0762891,0.8492608,1.7078513,0.06972208,-0.06972208,0.7569066,-0.35902283,1.6700319,0.8461777,0.87045014,-0.099167876,0.8200487,-0.12880807,-0.040117122,-1.0528405,0.5165942,-0.48803997,0.58778524,-0.809017,-1.0,-1.8369701e-16,-0.8660254,-0.5,0.0,0.0,1.0,0.0,0.0
2024-09-12 16:00:00,4.0,-0.29122904,-0.44301262,-0.35730076,1.5987107,-0.13928014,-1.7807615,-1.744889,-0.06816332,1.1756082,0.91779727,0.32642916,1.4057283,0.22188027,0.8797633,-1.2190751,-0.874102,0.30870637,1.1645159,1.249573,-0.011623873,-0.14367674,0.7549926,0.9527132,0.37837103,-0.37837103,0.74810225,-1.1049603,1.55779,0.8481848,0.9957542,-0.0056976774,0.83620775,-0.30635262,-0.97007257,-1.3437265,0.40438265,-0.5570213,-0.58778524,-0.809017,-1.0,-1.8369701e-16,1.2246469e-16,-1.0,0.0,1.0,0.0,0.0,0.0
2024-09-13 12:00:00,4.0,0.63779634,1.2653824,-0.10772077,-1.1598452,-0.4560303,-0.8676878,1.0796375,-0.2572396,0.7011763,0.66382873,0.20491181,0.8621079,0.47075787,1.0559889,-1.105477,-0.101932265,0.5231946,1.4015013,1.2838701,0.3787923,0.1340793,0.95706666,0.43265134,-0.5053574,0.5053574,0.76768017,-0.37879628,1.6818204,1.1172782,0.7724756,0.32149214,0.6608886,0.020536758,0.016326612,1.1511782,0.77707434,-0.49616963,-0.58778524,-0.809017,-1.0,-1.8369701e-16,-0.8660254,-0.5,0.0,0.0,1.0,0.0,0.0
2024-09-13 16:00:00,4.0,0.7191576,0.54234767,0.19006112,0.23251414,-0.22436595,-0.8955547,-0.17438114,0.98617345,0.4849956,0.5323363,0.14580297,0.6127271,0.72763944,1.2395209,-0.8141486,0.14213766,0.92194486,0.9325356,1.3779347,0.72807866,0.48985925,1.1555053,0.8009556,-0.8828289,0.8828289,0.9481892,0.27508616,1.6824247,1.3401191,0.9665751,0.6599903,0.6617939,0.4298265,0.54799193,0.57347584,0.9220168,-0.64022404,-0.95105654,0.309017,-1.0,-1.8369701e-16,1.2246469e-16,-1.0,0.0,1.0,0.0,0.0,0.0
2024-09-16 12:00:00,4.0,-0.22265296,-0.3412184,2.10801,-0.36215976,-0.98567545,-0.37710997,0.38411054,-0.22861165,-0.08874126,0.1647315,-0.0527326,-0.05613148,0.6613833,1.1651562,-0.7051746,1.4617866,0.76436424,0.8856983,1.309087,0.54180926,0.38743243,1.1638061,-0.9196314,-0.7086801,0.7086801,-0.62762207,-0.7970351,1.5555234,1.5168248,-0.63562024,0.57801294,0.7587198,0.32613176,-0.94730115,0.6187753,0.74823004,-0.62757134,-0.95105654,0.309017,-1.0,-1.8369701e-16,-0.8660254,-0.5,0.0,0.0,1.0,0.0,0.0
2024-09-16 16:00:00,4.0,0.8044536,0.89462954,0.2833997,-0.72070134,-0.050726667,-1.1483887,-0.8380669,0.47101527,0.04183115,0.19756967,-0.034576252,0.12886968,0.939615,1.3613551,-0.39599013,0.9267424,-0.062332794,1.147457,1.421943,0.93837506,0.761442,1.3403538,0.98868895,-0.8844899,0.8844899,-1.2047323,0.15943998,1.5308881,1.6498985,-0.9179641,0.77003944,0.7090156,0.77949727,0.13604008,0.66738033,0.8750036,-0.64400136,0.0,1.0,-1.0,-1.8369701e-16,1.2246469e-16,-1.0,0.0,1.0,0.0,0.0,0.0
2024-09-17 12:00:00,4.0,0.06357371,0.68145734,-0.3043556,0.38881508,-1.1016437,-0.7588101,0.259014,-0.33159813,-0.5009337,-0.18569653,-0.26987174,-0.5082099,0.9789841,1.3655568,-0.16202621,1.1127443,0.21518019,0.9675444,1.3692373,0.8463901,0.85526,1.4652084,-1.3318312,-1.0625108,1.0625108,-1.4278663,1.1471219,1.5286909,1.9265047,-1.2051692,0.71350664,0.83057034,0.9082302,0.7389567,0.3722985,1.0021602,-0.64341396,0.0,1.0,-1.0,-1.8369701e-16,-0.8660254,-0.5,0.0,0.0,1.0,0.0,0.0
2024-09-17 16:00:00,3.0,0.6688457,0.8451576,-0.5248648,0.09474276,-0.00832244,-0.7613094,-0.21798056,0.1971512,-0.40204,-0.18704168,-0.28789577,-0.32857057,1.194691,1.5180615,0.1359567,1.1243432,0.8187119,0.42902902,1.9853495,0.9678414,1.232953,1.620735,0.9485335,-1.0370283,1.0370283,-1.2924355,1.5749719,1.4676393,2.0551596,-0.9625664,0.79530793,0.80056,1.3201967,1.2621382,0.7615571,0.97515917,0.5376815,0.95105654,0.309017,-1.0,-1.8369701e-16,1.2246469e-16,-1.0,0.0,1.0,0.0,0.0,0.0
2024-09-18 12:00:00,3.0,-0.67480665,-1.4014031,-1.2431396,0.4232538,-0.93969226,-0.5045993,0.10363392,-0.5256971,-0.8075267,-0.47893998,-0.46571994,-0.79968536,0.9186796,1.318313,0.104198724,0.4008155,0.42195758,0.7661337,2.0508933,0.54479617,0.9449944,1.5381713,-1.2405499,-0.7492342,0.7492342,-0.9631997,0.28480586,1.3035183,2.1726937,-1.2200093,0.55974734,0.53431785,1.0227747,-1.0204723,-0.11185592,0.68894494,0.45130983,0.95105654,0.309017,-1.0,-1.8369701e-16,-0.8660254,-0.5,0.0,0.0,1.0,0.0,0.0
2024-09-18 16:00:00,4.0,-0.8340823,-0.70469314,-0.3642622,1.223914,0.44637102,-0.59505117,-0.2772305,-1.0297389,-0.4024865,-0.26412842,-0.32024136,-0.28601226,0.5015129,1.0345433,-0.3547424,0.0915092,1.277723,0.2621573,1.6401737,0.099397615,0.33567116,1.1268524,1.3937503,-0.30018765,0.30018765,-0.7189952,-1.0043466,1.1155478,1.8102983,-0.6187884,0.09892665,0.2787846,0.40444016,-1.5323145,-0.8491149,0.25867614,0.4780907,0.58778524,-0.809017,-1.0,-1.8369701e-16,1.2246469e-16,-1.0,0.0,1.0,0.0,0.0,0.0
2024-09-19 12:00:00,4.0,-1.0559242,-1.1009468,0.5649664,-0.699107,0.46171108,0.22634923,0.7711628,-0.5079984,-0.001181818,-0.013761124,-0.13754193,0.12660082,-0.052742545,0.671169,-1.04074,-1.0807267,0.026667364,-0.06846863,1.6049327,-0.41303518,-0.36283436,0.675439,1.3611219,0.33827218,-0.33827218,-0.811818,-2.4304593,0.89258915,1.4420934,-0.4648053,-0.20898278,0.4720069,-0.32455218,-2.0166852,-1.9249067,-0.34455737,0.5202642,0.58778524,-0.809017,-1.0,-1.8369701e-16,-0.8660254,-0.5,0.0,0.0,1.0,0.0,0.0
2024-09-19 16:00:00,4.0,-1.0479645,-1.0504051,-0.9096785,0.8301584,2.5330486,2.8239086,3.0,3.0,2.2054658,1.4907614,0.89080775,1.9833994,-0.5998523,0.30327863,-1.6385658,-1.8151482,-0.2905842,0.0527621,1.31113,-0.94317794,-1.0825855,-0.014373773,1.7490034,1.005073,-1.005073,-0.7240313,-3.0,0.8032585,0.504124,1.7391508,-0.84135324,0.013138698,-1.085724,-2.3898041,-2.1132987,-0.9645756,-0.3302256,-0.58778524,-0.809017,-1.0,-1.8369701e-16,1.2246469e-16,-1.0,0.0,1.0,0.0,0.0,0.0
2024-09-20 12:00:00,4.0,-0.87653923,-1.4626877,-0.39169076,-0.694704,-0.55943525,1.1393763,-1.079055,-0.42860565,1.417033,1.1815172,0.7915797,1.1194103,-1.040718,0.014359603,-2.267266,-2.654658,-1.0505737,-0.33240274,1.4344851,-1.4615891,-1.5402031,-0.2217895,-0.3429277,1.6172578,-1.6172578,-1.7717892,-3.0,0.6117361,0.5359184,1.2004569,-1.2765523,-0.26417223,-1.5424556,-2.7024033,-1.9543158,-1.5056775,-0.2715273,-0.58778524,-0.809017,-1.0,-1.8369701e-16,-0.8660254,-0.5,0.0,0.0,1.0,0.0,0.0
2024-09-20 16:00:00,4.0,-0.116996825,-0.840658,-0.88468724,1.2677906,0.067619964,1.2035663,0.058924746,1.9057455,1.3371186,1.2513754,0.9131006,0.92930794,-1.0357686,0.01182122,-2.527988,-2.2177212,-1.5453957,-0.30037457,1.2309884,-1.555033,-1.5910184,-0.28083992,1.145654,1.7493793,-1.7493793,-1.3369199,-2.6439426,0.6081914,0.53823954,1.6927632,-1.5289552,-0.44770402,-1.5818113,0.21911378,-1.1473864,-1.6293063,0.08915144,-0.95105654,0.309017,-1.0,-1.8369701e-16,1.2246469e-16,-1.0,0.0,1.0,0.0,0.0,0.0
2024-09-23 12:00:00,4.0,-0.5295936,-0.5765186,-0.23592332,1.2487321,-0.31665578,1.6975554,0.5998522,-0.52674305,0.98475504,1.116936,0.91973346,0.5584976,-1.281242,-0.1622151,-2.7022903,-1.9755154,-1.7260252,-0.5630037,1.0803796,-1.9246439,-1.8421572,-0.4395599,0.58596456,2.640099,-2.640099,-1.2749867,-3.0,0.4977067,0.535782,1.1522397,-1.881049,-0.4408805,-1.8400214,-0.7301592,-0.7154127,-1.9030026,0.14842187,-0.95105654,0.309017,-1.0,-1.8369701e-16,-0.8660254,-0.5,0.0,0.0,1.0,0.0,0.0
2024-09-23 16:00:00,4.0,1.3938522,1.3205353,-0.5516768,-0.9173172,0.44241425,-0.4688275,-1.9275566,-0.2436817,1.2432631,1.3224475,1.1003838,0.7716681,-0.4206066,0.3352282,-2.2504349,-0.63531023,-1.5426289,-1.1719161,1.2588763,-0.74813193,-0.99203175,-0.058068372,1.395939,1.3002989,-1.3002989,0.05307024,-2.3149052,0.8329567,0.7553168,1.1071836,-1.0736954,-0.5130792,-0.96764076,0.26283377,0.7847178,-0.636542,-0.4267903,0.0,1.0,-1.0,-1.8369701e-16,1.2246469e-16,-1.0,0.0,1.0,0.0,0.0,0.0
2024-09-24 12:00:00,4.0,-0.069402575,0.38769105,-0.3123955,1.152908,-1.0597587,-0.3787203,-0.061697982,-0.50357497,0.21505266,0.62964284,0.6766354,-0.10999738,-0.37962243,0.35818198,-2.0522954,-0.09698304,-1.6979101,-0.9725591,1.3009847,-0.72104996,-0.93781996,0.041005228,-1.3980575,1.1554712,-1.1554712,-0.18010482,-1.7078352,0.7965753,1.1317147,-0.9480268,-0.7631707,-0.56020135,-0.9024792,0.7309312,0.80057096,-0.5538374,-0.44296342,0.0,1.0,-1.0,-1.8369701e-16,-0.8660254,-0.5,0.0,0.0,1.0,0.0,0.0
2024-09-24 16:00:00,4.0,-3.0,-1.4969587,-0.35331964,-0.9760168,0.61997247,2.2954268,3.0,-3.0,3.0,3.0,3.0,2.449867,-3.0,-1.873653,-2.4257429,-2.575063,-3.0,-2.693806,0.27942201,-3.0,-3.0,-1.9312235,1.3407991,3.0,-3.0,1.6825101,-2.5167732,-0.006685198,-1.0880917,1.5669231,-3.0,-1.7361,-3.0,-0.7279415,-1.9872383,-3.0,-0.9666557,0.95105654,0.309017,-1.0,-1.8369701e-16,1.2246469e-16,-1.0,0.0,1.0,0.0,0.0,1.0
2024-09-25 12:00:00,4.0,-1.4047152,-1.5766019,-0.69473237,-0.9360034,0.3136898,1.8290532,-0.09255354,-0.10286058,3.0,3.0,3.0,1.8816391,-3.0,-2.3420851,-2.9212637,-3.0,-3.0,-3.0,0.025397068,-3.0,-3.0,-2.3639073,1.219378,3.0,-3.0,1.5339847,-2.7354598,-0.30594623,-1.4344362,1.5022057,-3.0,-1.799946,-3.0,-1.200867,-3.0,-3.0,-0.9873035,0.95105654,0.309017,-1.0,-1.8369701e-16,-0.8660254,-0.5,0.0,0.0,1.0,0.0,1.0
2024-09-25 16:00:00,4.0,-1.4849361,-1.5226091,-1.1160126,-0.5274896,1.1658995,1.6889701,0.10074901,0.85388523,3.0,3.0,3.0,1.8420955,-3.0,-2.7166173,-3.0,-3.0,-3.0,-2.7483635,-0.386418,-3.0,-3.0,-2.688288,1.3997576,3.0,-3.0,1.5754791,-2.6533175,-0.5395715,-1.8680915,2.0427067,-3.0,-1.8751369,-3.0,-1.6183946,-3.0,-3.0,-1.1472247,0.58778524,-0.809017,-1.0,-1.8369701e-16,1.2246469e-16,-1.0,0.0,1.0,0.0,0.0,1.0
2024-09-26 12:00:00,4.0,0.1706721,0.47976235,1.5210439,-0.59890234,-0.78590167,0.5848084,-1.0002736,-0.16612618,1.972936,2.4768553,2.8385537,0.8709622,-3.0,-2.5369594,-3.0,-3.0,-3.0,-3.0,-0.2932114,-2.5908327,-3.0,-2.6374264,-0.6505342,2.7087321,-2.7087321,1.2737823,-1.8787234,-0.67345846,-1.7284108,1.097213,-2.723274,-2.3543603,-2.9416847,0.2705998,-0.6306596,-2.8893409,-1.8926494,0.58778524,-0.809017,-1.0,-1.8369701e-16,-0.8660254,-0.5,0.0,0.0,1.0,0.0,1.0
2024-09-26 16:00:00,4.0,0.8635866,0.8225459,0.32660022,-0.45745727,-0.14086047,0.30247682,-0.4365966,0.50009054,1.5718784,2.1200073,2.5156105,0.53987294,-2.4029408,-2.1128218,-2.758898,-2.8055513,-2.360371,-2.5868,-0.092038795,-2.052338,-2.5731556,-2.3321407,0.66513956,2.1576424,-2.1576424,1.4677148,-1.3994519,-0.53864694,-1.4950876,1.6044656,-2.0792217,-2.377077,-2.3505616,0.721518,0.39837825,-2.375835,-1.7950306,-0.58778524,-0.809017,-1.0,-1.8369701e-16,1.2246469e-16,-1.0,0.0,1.0,0.0,0.0,1.0
2024-09-27 12:00:00,4.0,-0.24321292,-0.71506023,0.48251954,0.206966,-1.0351183,-0.032019917,-0.5516378,-0.14899209,0.69443333,1.4631232,1.997596,-0.32299018,-2.3413982,-2.128579,-2.5656722,-0.9232513,-2.1163795,-2.7631083,-0.25677174,-1.8837422,-2.5394502,-2.4212296,-1.3379835,2.0945642,-2.0945642,-0.4000697,-1.5081817,-0.8071446,-1.3954778,-1.2101611,-1.7785016,-2.448438,-2.3359222,-0.702825,0.7425361,-2.3361585,-1.8973088,-0.58778524,-0.809017,-1.0,-1.8369701e-16,-0.8660254,-0.5,0.0,0.0,1.0,0.0,1.0
2024-09-27 16:00:00,4.0,1.7159837,1.1740552,0.043605566,-1.032328,0.7194917,-0.13686883,-0.24776724,0.90100545,1.3631192,1.7830479,2.1523788,0.42623332,-1.441468,-1.3923731,-1.7674135,0.4655926,-1.4461021,-2.2826023,-0.25896913,-1.2993749,-1.5665522,-1.7351973,1.1993834,1.27483,-1.27483,-0.15109159,-1.1423714,-0.21138096,-1.082122,-0.7233969,-1.2935618,-2.2912304,-1.3532377,0.26463446,1.6194674,-1.5253013,-2.0307722,-0.95105654,0.309017,-1.0,-1.8369701e-16,1.2246469e-16,-1.0,0.0,1.0,0.0,0.0,1.0
2024-09-30 12:00:00,4.0,-0.5670541,-1.4520746,-0.81982327,-0.6745434,-0.89048946,-0.48617482,-0.6726119,-0.16159795,0.6550295,1.2847916,1.7843679,-0.3110525,-1.5567495,-1.5322695,-1.4828147,0.87434316,-1.4807901,-2.3118727,-0.52431965,-1.3202735,-1.6836225,-1.8886135,-0.77718824,1.4289167,-1.4289167,-0.6291995,-1.2159246,-0.49111792,-1.046757,-1.4059995,-1.1926093,-2.2338037,-1.5011814,-0.67177474,0.8528325,-1.664285,-1.9185827,-0.95105654,0.309017,-1.0,-1.8369701e-16,-0.8660254,-0.5,0.0,0.0,1.0,0.0,1.0
2024-09-30 16:00:00,4.0,-0.2532638,-0.28495237,0.34506762,1.3535993,-0.64631784,-0.5451245,-0.1755504,-0.34893033,0.24657878,0.9429737,1.5116881,-0.7270426,-1.5634785,-1.5567416,-1.2388846,0.6875547,-1.8852149,-2.4983895,-0.64895564,-1.260097,-1.6434819,-1.9345748,-0.2779963,1.342775,-1.342775,-0.51741385,-1.2688395,-0.6676132,-0.9727472,-1.2570329,-1.1705189,-3.0,-1.5056224,-1.1269982,0.85213584,-1.674102,-1.7786255,0.0,1.0,-1.0,-1.8369701e-16,1.2246469e-16,-1.0,0.0,1.0,0.0,0.0,1.0
2024-10-01 12:00:00,4.0,0.032606572,0.20056486,-0.751638,2.3472762,-0.8434755,-0.7282821,-0.46040577,-0.16609026,-0.17423882,0.56922084,1.1989763,-1.1504914,-1.4694384,-1.4826887,-1.0047222,0.31425542,-1.8108337,-2.3888772,-0.6764831,-1.1385189,-1.494127,-1.8874437,-0.80776936,1.25973,-1.25973,-0.6074539,-1.0037988,-0.7893281,-0.77270305,-1.4466795,-1.0939182,-3.0,-1.3859348,0.40549022,-0.15318668,-1.5761515,-1.7322067,0.0,1.0,-1.0,-1.8369701e-16,-0.8660254,-0.5,0.0,0.0,1.0,0.0,1.0
2024-10-01 16:00:00,4.0,0.96861905,0.3671079,-0.94475543,2.003238,-0.058253787,-0.37844518,0.74885637,1.4847562,-0.037708193,0.5339962,1.0965726,-0.9063473,-0.9702695,-1.0712669,-0.52851194,0.87639934,-0.048472967,-2.162746,-0.4344033,-0.7835397,-0.88175946,-1.4820828,0.7107859,0.7358579,-0.7358579,-0.5438024,-0.68724376,-0.4644299,-0.43965656,-0.9142333,-0.83463484,-3.0,-0.7669848,0.9949261,0.70231426,-1.1044267,-2.136679,0.95105654,0.309017,-0.8660254,0.5,1.2246469e-16,-1.0,0.0,1.0,0.0,0.0,0.0
2024-10-02 12:00:00,4.0,-0.116490915,-0.13710797,1.5758201,0.6410496,-0.63064235,-0.9473143,-1.0395272,-0.17583288,-0.23832029,0.32564777,0.91532767,-1.0934569,-0.9661223,-1.0747317,-0.1937651,0.03311072,0.36478353,-1.9770476,-0.35369617,-0.7173795,-0.7779288,-1.494788,-0.23237479,0.7372521,-0.7372521,-1.1794055,-0.7824612,-0.5757345,-0.34942222,-1.510904,-0.67771953,-2.691034,-0.7017432,-0.6331348,0.7464436,-1.0565221,-2.0754247,0.95105654,0.309017,-0.8660254,0.5,-0.8660254,-0.5,0.0,0.0,1.0,0.0,0.0
2024-10-02 16:00:00,4.0,-0.5332767,-0.24740674,1.2221464,0.660146,-0.6798805,-0.9909293,-0.20150666,-0.98538256,-0.42996094,0.12922594,0.7565647,-1.282684,-1.1308297,-1.2273355,-0.033908125,0.046554327,0.6731466,-1.8870248,-0.57362145,-0.779527,-0.8703213,-1.6507238,-0.3558531,0.934668,-0.934668,-1.1923614,-0.89011586,-0.8499381,-0.4055182,-1.3201709,-0.73996884,-2.4259381,-0.8654979,-1.1378063,0.41494152,-1.1961755,-2.0140972,0.58778524,-0.809017,-0.8660254,0.5,1.2246469e-16,-1.0,0.0,1.0,0.0,0.0,0.0
2024-10-03 12:00:00,4.0,0.19174871,0.7003274,-0.7858928,1.0406508,-0.91534704,-1.072889,-0.41622826,-0.14856622,-0.7853317,-0.2046858,0.4700012,-1.6349754,-0.9813178,-1.1082494,0.16787419,0.25217533,0.6820853,-1.5806711,-0.6127234,-0.622841,-0.6429035,-1.5492152,-1.1085448,-0.12689751,0.12689751,-1.2201847,-0.6378749,-0.9213036,-0.09427906,-1.3512337,-0.66673726,-2.201221,-0.63887167,0.48712316,-0.050803974,-1.0448039,-2.0296962,0.58778524,-0.809017,-0.8660254,0.5,-0.8660254,-0.5,0.0,0.0,1.0,0.0,0.0
2024-10-03 16:00:00,3.0,0.12618607,0.74185544,-0.7064789,0.81731075,-0.82710886,-1.1712484,-0.7407547,-0.38734704,-0.99911493,-0.46113563,0.2346588,-1.7978371,-0.86467576,-1.0166396,0.3812162,0.2955192,0.44098788,-1.311227,-0.58012,-0.48895565,-0.44728485,-1.4705238,-1.0003585,-0.7400532,0.7400532,-1.2132298,-0.4081302,-0.9854663,0.16102363,-1.2623855,-0.5463583,-1.9607733,-0.36522153,1.050024,0.11046311,-0.77078426,-2.0742557,-0.58778524,-0.809017,-0.8660254,0.5,1.2246469e-16,-1.0,0.0,1.0,0.0,0.0,0.0
2024-10-04 12:00:00,3.0,-0.30237383,-0.84173775,-1.1929338,1.1788282,-0.9257851,-1.0694407,-0.10110084,-0.084928565,-1.2084099,-0.71197486,0.014883785,-1.9664912,-0.95375097,-1.0899216,0.4798845,-0.29405513,0.4211887,-1.2062933,-0.66902375,-0.511447,-0.48619902,-1.5636027,-1.1245492,-0.51564187,0.51564187,-1.6061753,-0.5039306,-1.2492976,0.2511006,-1.5326102,-0.5129007,-1.8972609,-0.39427277,-0.5693644,0.21976799,-0.8588358,-1.9979802,-0.58778524,-0.809017,-0.8660254,0.5,-0.8660254,-0.5,0.0,0.0,1.0,0.0,0.0
2024-10-04 16:00:00,3.0,-0.30432612,-0.7579936,0.70137995,-0.15976462,0.01352557,-0.89926636,0.30732086,0.29817814,-0.9248359,-0.6278241,0.023614826,-1.4834868,-1.0428702,-1.16255,0.45556962,-0.38092148,-0.25256997,-1.2481978,-0.6893197,-0.53529656,-0.5158665,-1.5954078,0.37946296,-0.23018683,0.23018683,-1.5612843,-0.640502,-1.3235533,0.03719257,-1.2262474,-0.45782882,-1.7317194,-0.42298704,-1.1200964,-0.11666761,-0.94597125,-1.8747929,-0.95105654,0.309017,-0.8660254,0.5,1.2246469e-16,-1.0,0.0,1.0,0.0,0.0,0.0
2024-10-07 12:00:00,3.0,0.5865496,1.0698867,-1.1151206,0.32134116,-0.14407308,-0.7507972,0.15905873,-0.15678255,-0.815589,-0.6479657,-0.06562498,-1.2276392,-0.6702135,-0.88646567,0.6201792,0.13865702,0.13434158,-0.9856699,-0.5569002,-0.20095733,-0.07737829,-1.300609,0.085801,-0.81871736,0.81871736,-1.4360491,-0.30805472,-1.0488597,0.2850346,-0.97073656,-0.30250058,-1.5786493,0.14223067,0.5741671,0.25545138,-0.6236372,-1.4922733,-0.95105654,0.309017,-0.8660254,0.5,-0.8660254,-0.5,0.0,0.0,1.0,0.0,0.0
2024-10-07 16:00:00,3.0,-0.981803,-1.7180957,-1.1696818,-1.1208229,-0.39000136,-0.7977988,-0.31178975,-0.36253348,-0.740023,-0.63465285,-0.07255766,-1.0865973,-1.0889996,-1.2246314,0.46066466,-0.4077725,-0.11343584,-1.4845258,-0.6295229,-0.5109953,-0.45961657,-1.6082942,-0.38927957,0.47914645,-0.47914645,-1.0416081,-0.49832094,-1.4995009,-0.14565453,-0.63346493,-0.36254886,-1.3310415,-0.35722584,-0.55534196,-0.22625853,-1.024708,-1.38284,0.0,1.0,-0.8660254,0.5,1.2246469e-16,-1.0,0.0,1.0,0.0,0.0,0.0
2024-10-08 12:00:00,3.0,-0.55328345,-1.087098,-0.65667427,0.046440475,-0.5163756,-0.5556934,0.73152816,-0.14727755,-0.8237698,-0.7339351,-0.17347006,-1.1320322,-1.2671983,-1.3750032,0.22452651,-0.7215461,-0.31167942,-1.5788786,-0.93957436,-0.73681253,-0.5900074,-1.7436817,-0.44208506,1.6660632,-1.6660632,-1.0260571,-0.98179096,-1.7962283,-0.31356287,-0.472256,-0.6781309,-1.4213815,-0.5638041,-1.0838321,-0.37125796,-0.67266023,-1.2380695,0.0,1.0,-0.8660254,0.5,-0.8660254,-0.5,0.0,0.0,1.0,0.0,0.0
2024-10-08 16:00:00,3.0,0.4838915,0.49888393,0.8345239,0.30223012,-0.5404342,-0.73800176,-0.7774211,0.54862136,-0.9113189,-0.86323684,-0.33994046,-1.1405956,-0.94805443,-1.1346346,0.234185,-0.356879,-0.47276118,-0.38491789,-0.9879346,-0.29297358,-0.2694467,-1.4866257,-0.69882697,0.93679786,-0.93679786,-0.16277982,-0.49495056,-1.5956535,-0.00069471693,-0.26787847,-0.34074137,-1.1253487,-0.14420003,0.6124799,-0.44156379,0.06253626,-0.49432477,0.95105654,0.309017,-0.8660254,0.5,1.2246469e-16,-1.0,0.0,1.0,0.0,0.0,0.0
2024-10-09 12:00:00,3.0,-0.1655196,-0.87237775,1.2543219,-1.050199,-1.4302031,-0.5004608,0.43875185,-0.11765543,-1.4354025,-1.2964306,-0.7044923,-1.7392298,-0.9776196,-1.1531562,0.22703457,-0.29297936,-0.4886038,-0.090950035,-0.9628618,-0.41260013,-0.35500523,-1.5462452,-1.7162187,1.1174177,-1.1174177,-0.018752575,-1.016426,-1.9399441,0.331294,-0.9095323,-0.3309092,-1.1659914,-0.2313526,-0.51825225,0.121221446,-0.03642751,-0.36400187,0.95105654,0.309017,-0.8660254,0.5,-0.8660254,-0.5,0.0,0.0,1.0,0.0,0.0
2024-10-09 16:00:00,3.0,0.6176135,1.0486789,-0.19500975,-0.31990752,0.5537796,-0.44232357,-0.09613028,-0.098190464,-1.1425792,-1.1938974,-0.7323544,-1.2174222,-0.59577256,-0.869943,0.42563647,-0.2772544,-0.10144459,0.42577952,-0.89199084,0.09712482,-0.021285834,-1.2012346,0.31804374,0.0051464317,-0.0051464317,0.22434087,-0.49631625,-1.4917735,0.5097871,-0.7514686,-0.033791535,-1.0985354,0.031065328,0.6124799,0.9741142,0.52035594,-0.23314184,0.58778524,-0.809017,-0.8660254,0.5,1.2246469e-16,-1.0,0.0,1.0,0.0,0.0,0.0
2024-10-10 12:00:00,3.0,-0.0014078636,0.19656487,1.0426371,0.92590153,-1.0787563,-0.63133115,-0.47895935,-0.15271877,-1.4397585,-1.4708955,-1.0052856,-1.5260341,-0.5563983,-0.8342847,0.59652126,0.17762578,-0.16613176,0.3850326,-1.0791869,0.1207015,-0.050944813,-1.1711653,-1.570335,-0.06544383,0.06544383,-0.41682628,0.1774194,-1.6317015,0.8073601,-1.0421323,0.20477824,-1.114081,-0.06414713,1.1778461,0.5726536,0.47916514,-0.2129137,0.58778524,-0.809017,-0.8660254,0.5,-0.8660254,-0.5,0.0,0.0,1.0,0.0,0.0
2024-10-10 16:00:00,3.0,0.081967674,0.39307222,-0.5308546,1.6514176,-0.07373728,-0.95406693,-0.6113996,-0.23942648,-1.3505828,-1.4817053,-1.1017966,-1.3095825,-0.46982747,-0.7672021,0.7210009,0.47256908,-0.18080625,0.1935373,-0.93174005,0.23776151,-0.021128982,-1.0827999,-0.41616908,-0.28039,0.28039,-0.83013517,0.79924273,-1.551579,0.8598478,-0.9199906,0.12712798,-1.0726031,-0.06399171,1.66799,0.75305444,0.5009273,-0.26549077,-0.58778524,-0.809017,-0.8660254,0.5,1.2246469e-16,-1.0,0.0,1.0,0.0,0.0,0.0
2024-10-11 12:00:00,0.0,0.0127078425,0.15413988,-0.6508225,2.3400934,-0.5575184,0.09106145,1.2161597,-0.1177553,-1.4204752,-1.5895652,-1.2657648,-1.3259286,-0.4213193,-0.72820735,0.81646717,0.25357628,-0.07521686,0.25712216,-0.95547557,0.34576425,-0.038344063,-1.0359249,-1.049528,-0.6748511,0.6748511,-0.91749704,1.3835027,-1.5834565,1.003253,-0.9441067,0.26008,0.111493446,-0.12533464,2.1033304,0.25897875,0.4062916,-0.20588492,-0.58778524,-0.809017,-0.8660254,0.5,-0.8660254,-0.5,0.0,0.0,1.0,0.0,0.0
2024-10-11 16:00:00,3.0,-0.08340817,0.9912314,-0.5115247,0.09069741,0.123105,0.109183155,-0.22707711,-1.2003331,-1.3057109,-1.545418,-1.3154998,-1.1179957,-0.4403197,-0.73149925,0.8252302,0.29490837,-0.00042343402,-0.18874347,-1.571979,0.24706614,-0.0735755,-1.0241004,-0.3820514,-0.5721326,0.5721326,-0.64047295,0.6563076,-1.5536536,0.93377423,-0.40671918,0.08034994,0.38478786,-0.16482842,-0.5635044,0.17742446,0.26732084,-0.012993556,-0.95105654,0.309017,-0.8660254,0.5,1.2246469e-16,-1.0,0.0,1.0,0.0,0.0,0.0
2024-10-14 12:00:00,3.0,0.16393404,0.5717516,2.2247455,-1.1154673,-0.86807024,0.24854018,-0.088869356,-0.087425284,-1.4181575,-1.657163,-1.4842573,-1.2280107,-0.29928294,-0.63233423,0.90155995,0.0803151,-0.14514036,-0.0077066785,-1.4955615,0.51214415,0.047227394,-0.92917866,-1.2215599,-0.7179969,0.7179969,-1.4571095,1.20855,-1.5174556,1.1984615,-0.7692411,0.90181285,0.6037628,-0.031063696,0.4922688,0.26629964,0.57531047,-0.07511041,-0.95105654,0.309017,-0.8660254,0.5,-0.8660254,-0.5,0.0,0.0,1.0,0.0,0.0
2024-10-14 16:00:00,3.0,1.0763692,0.90853,-0.4847312,0.18638997,1.6161175,-0.21240854,-0.473197,0.9114815,-0.94360495,-1.3585227,-1.366523,-0.45460635,0.36548963,-0.1662045,1.17609,0.57545644,0.547934,0.32167736,-1.1635708,1.8065555,0.68362105,-0.4201854,0.63460165,-1.1357652,1.1357652,0.093754016,1.4663795,-0.73579717,1.3118974,0.058015455,2.2194586,0.617729,0.7098681,1.0133867,1.1816366,1.114931,0.44551525,0.0,1.0,-0.8660254,0.5,1.2246469e-16,-1.0,0.0,1.0,0.0,0.0,0.0
2024-10-15 12:00:00,0.0,-0.09177863,-0.2139239,0.13151899,1.637434,-1.0948272,-0.96169865,-0.7180499,-0.10966958,-1.2140499,-1.5393627,-1.5547484,-0.8207876,0.34018314,-0.17882243,1.3879979,0.49891573,0.70894647,0.29147333,-1.3364159,1.3704283,0.6372972,-0.4080185,-1.4078479,-1.0592293,1.0592293,0.2078176,0.9178574,-0.8670115,1.5304536,-0.244558,2.0662532,0.55114895,0.6608528,-0.5635044,1.1472608,1.0380263,0.47303632,0.0,1.0,-0.8660254,0.5,-0.8660254,-0.5,0.0,0.0,1.0,0.0,0.0
2024-10-15 16:00:00,0.0,0.48026583,0.5609349,-0.20900382,0.919672,1.7050924,1.3491181,1.5207951,0.1278604,-0.84573746,-1.2797258,-1.4187641,-0.24160968,0.63780385,0.034007594,1.4825139,0.731168,0.70794016,0.16371496,-1.7496903,1.5428524,0.8753807,-0.19827521,0.6790957,-1.116214,1.116214,0.38897407,1.3394377,-0.48495385,1.3806411,0.34369123,1.7391554,0.29907694,0.9272925,0.53816074,1.3272314,1.0944113,1.6729585,0.95105654,0.309017,-0.8660254,0.5,1.2246469e-16,-1.0,0.0,1.0,0.0,0.0,0.0
2024-10-16 12:00:00,4.0,-1.0211954,-1.5068327,-1.1277268,-0.6962983,1.5300965,2.5426795,0.9424296,-0.10259879,-0.5388862,-1.0129217,-1.2102754,0.16085878,-0.10679799,-0.41282713,1.1717043,0.30253348,0.437377,-0.05230048,-1.6350586,0.41556934,0.1871159,-0.5470816,0.6907892,-0.09913738,0.09913738,1.3136352,0.49099797,-0.80195826,0.63822633,0.6872193,0.8971274,0.19388051,0.090462595,-0.5564035,-0.67790294,0.08490573,1.7390664,0.95105654,0.309017,-0.8660254,0.5,-0.8660254,-0.5,0.0,0.0,1.0,0.0,0.0
2024-10-16 16:00:00,4.0,2.2314413,1.6583352,-1.1084218,-1.186786,3.0,2.3884776,0.4538697,-0.59403855,0.8044592,-0.037902582,-0.5441619,1.8644805,0.98904383,0.4598875,1.29651,1.2886266,0.9918485,0.6502195,-1.1240103,1.9105709,1.1773331,0.16933618,1.4631724,-1.2844993,1.2844993,1.8693274,1.2372464,0.49566093,0.501067,2.7012827,1.5625029,0.07229479,1.1707032,0.53816074,0.8434963,1.2614535,1.1538404,0.58778524,-0.809017,-0.8660254,0.5,1.2246469e-16,-1.0,0.0,1.0,0.0,0.0,0.0
2024-10-17 12:00:00,4.0,0.55966693,1.2658483,-0.71538484,-0.5484609,-0.13320543,1.6317164,-0.30076474,-0.06919909,0.33762315,-0.23647824,-0.68253475,1.2013849,1.2176265,0.67858016,1.6331708,1.0409645,1.1843704,0.7453616,-0.92697537,1.675563,1.4525912,0.3953322,-0.2060657,-1.2768703,1.2768703,1.708248,1.6040359,0.69977236,0.8699876,1.694289,1.7822387,0.0844825,1.4103673,1.0854429,0.7501687,1.25903,1.1666737,0.58778524,-0.809017,-0.8660254,0.5,-0.8660254,-0.5,0.0,0.0,1.0,0.0,0.0
2024-10-17 16:00:00,3.0,0.6915845,0.48462018,1.0835416,0.00791231,0.44744304,1.2422589,-0.24466135,0.8050005,0.30432072,-0.18092908,-0.6373536,1.096058,1.4395517,0.92116183,1.8309126,1.3907562,1.3818126,0.88620925,-0.41661745,1.5355612,1.6653347,0.61752206,0.6114302,-1.0376315,1.0376315,1.5521549,1.6674511,0.9912614,1.0394945,2.1850214,1.6188546,0.08590442,1.6053693,1.5663098,2.026873,1.0394022,1.1704398,-0.58778524,-0.809017,-0.8660254,0.5,1.2246469e-16,-1.0,0.0,1.0,0.0,0.0,0.0
2024-10-18 12:00:00,3.0,0.20985997,0.85151154,0.8479007,-0.7584801,-0.69480526,0.97789305,-0.22669837,-0.07275807,-0.24631573,-0.5061745,-0.8693252,0.37029317,1.4963682,1.0047377,2.0140476,1.2586441,1.4373275,1.013576,-0.4002379,1.2691466,1.7709457,0.7816356,-1.2152427,-1.1678355,1.1678355,1.563418,1.6210171,1.0632218,1.4440426,1.1858261,1.28514,0.3504475,1.6778351,2.0072746,0.69878787,1.1616387,0.9954855,-0.58778524,-0.809017,-0.8660254,0.5,-0.8660254,-0.5,0.0,0.0,1.0,0.0,0.0
2024-10-18 16:00:00,3.0,-0.1988756,-0.020156633,-0.22669785,2.1898751,-0.14494497,0.15898725,-0.7682445,-0.40389103,-0.42671528,-0.6098563,-0.93387365,0.11264804,1.3673726,0.9318355,1.9167491,1.5858283,1.3768648,1.0378441,-0.4120059,0.9676308,1.5703524,0.7658729,-0.18189695,-1.0580502,1.0580502,0.8117772,1.1007913,0.9934997,1.4729898,0.6652683,0.90337497,0.47666547,1.4497716,-0.5883391,0.25970423,1.0712508,0.99983263,-0.95105654,0.309017,-0.8660254,0.5,1.2246469e-16,-1.0,0.0,1.0,0.0,0.0,0.0
2024-10-21 12:00:00,0.0,0.15556613,0.7910764,0.5225185,-0.3516154,-0.76313174,-0.38308638,-0.68898785,-0.064199395,-0.8479499,-0.9134969,-1.1700691,-0.44471905,1.4204776,1.0032266,1.8637701,0.64177567,1.3553946,0.9251858,-0.41446677,0.85473853,1.6625503,0.9384688,-1.4557362,-1.1560167,1.1560167,-0.83054626,1.1202983,1.0527446,1.8715948,-0.9821242,0.78500324,0.58931553,1.5708051,0.44990638,0.03726908,1.1572139,0.9226642,-0.95105654,0.309017,-0.8660254,0.5,-0.8660254,-0.5,0.0,0.0,1.0,0.0,0.0
2024-10-21 16:00:00,0.0,-1.2604475,-1.2392243,0.08393364,-0.87379247,0.7781316,-0.5111587,-0.27989322,-0.80823666,-0.39683476,-0.59264064,-0.8950506,0.13882123,0.5509663,0.41114113,1.2604644,-0.16031136,0.6093984,0.8893991,-1.4695909,0.3499434,0.7932585,0.455313,1.0740975,-0.4261452,0.4261452,0.29620337,0.8403209,0.60178393,1.0440712,-0.51238996,0.39493135,0.55964774,0.59483343,-0.56542575,-1.2637264,0.51798004,0.9724318,0.0,1.0,-0.8660254,0.5,1.2246469e-16,-1.0,0.0,1.0,0.0,0.0,0.0
2024-10-22 12:00:00,0.0,-0.09958659,-0.29015067,1.8660518,0.10522025,-0.4577719,-0.51901823,-0.17183502,-0.017895969,-0.66182506,-0.77296406,-1.0266025,-0.2252892,0.51791537,0.3959388,0.89786446,-0.5226359,0.61128175,1.0208266,-1.3520135,0.2646828,0.68177426,0.501435,-0.8232088,-0.38429317,0.38429317,-0.0629618,0.5948138,0.5407554,1.2079611,-0.80851835,0.20972587,0.6142041,0.4667794,-1.0708989,-1.1621809,0.44714683,0.76676124,0.0,1.0,-0.8660254,0.5,-0.8660254,-0.5,0.0,0.0,1.0,0.0,0.0
2024-10-22 16:00:00,0.0,-0.6495867,0.0144988075,1.165994,1.0193547,0.20068544,-0.4045471,0.07523976,-1.4050934,-0.39748645,-0.58519405,-0.86909354,0.1195779,0.11422835,0.10480376,0.3967355,-0.9036564,0.24791105,0.7377041,-1.3389196,-0.01634457,0.21526344,0.28012708,0.16450013,0.16552854,-0.16552854,-0.22093782,0.34116128,0.3301145,0.7836548,-0.29358083,-0.06802569,0.60942274,-0.046219464,-1.5623538,-1.7329037,0.075481504,0.9169974,0.95105654,0.309017,-0.8660254,0.5,1.2246469e-16,-1.0,0.0,1.0,0.0,0.0,0.0
2024-10-23 12:00:00,3.0,-0.082343765,-0.2883155,3.0,-1.185445,-0.63256806,-0.24848266,0.093145154,0.0067494,-0.69849586,-0.79250157,-1.0234576,-0.2949308,0.08296405,0.08986101,0.044465728,-0.8512065,0.5499261,0.77110696,-1.4284257,-0.091913685,0.10723535,0.33271533,-0.9708118,0.29386637,-0.29386637,-0.18402147,0.07078512,0.24919407,0.97959846,-0.42210513,-0.05435872,1.4322816,-0.16807391,-1.9670093,-0.60802627,0.04422273,0.8830176,0.95105654,0.309017,-0.8660254,0.5,-0.8660254,-0.5,0.0,0.0,1.0,0.0,0.0
2024-10-23 16:00:00,0.0,0.1027464,-0.81740624,-1.2021718,1.2151451,-0.44306228,-0.69529146,-0.691408,0.83266175,-0.856348,-0.923246,-1.1279277,-0.50396895,0.15921137,0.15155877,-0.20284063,-0.873621,-0.16568057,0.6300417,-0.73501575,-0.09114803,0.10658068,0.43749183,-0.67345226,0.24916299,-0.24916299,-0.20752534,0.21137893,0.26474872,1.177182,-0.23358372,-0.12525307,1.4828013,-0.15685125,0.4958158,-0.47353593,0.04832437,0.52167284,0.58778524,-0.809017,-0.8660254,0.5,1.2246469e-16,-1.0,0.0,1.0,0.0,0.0,0.0
2024-10-24 12:00:00,0.0,-0.56868625,-1.408948,-0.7000952,-0.6833367,-0.33877954,-0.109862804,0.82108694,0.009186338,-0.90675044,-0.9740338,-1.156489,-0.5777127,-0.19741979,-0.10433165,-0.5168945,-0.55265504,-0.5227568,0.50005615,-1.3216976,-0.3587105,-0.27872813,0.26367253,-0.42731747,0.62755996,-0.62755996,-0.90917355,-0.11127708,0.0021462818,1.0577117,-0.65346235,-0.27523875,1.5083374,-0.58707845,-0.47935522,-0.3967718,-0.25487545,0.53115803,0.58778524,-0.809017,-0.8660254,0.5,-0.8660254,-0.5,0.0,0.0,1.0,0.0,0.0
2024-10-24 16:00:00,0.0,-0.5943149,-0.055807803,2.069814,0.0861443,-0.4339868,-0.6620865,-0.6865916,-1.0976589,-0.8960912,-0.98380005,-1.1565641,-0.5581565,-0.5402056,-0.36601982,-0.8568397,-0.7489857,-0.9272103,0.3396868,-1.383669,-0.65169746,-0.67224085,0.059755918,-0.6293199,1.016716,-1.016716,-0.8632806,-0.38898113,-0.27256313,0.8792694,-0.4841807,-0.567092,1.2425965,-1.0116241,-0.9611509,-0.7895109,-0.5749872,0.5019913,-0.58778524,-0.809017,-0.8660254,0.5,1.2246469e-16,-1.0,0.0,1.0,0.0,0.0,0.0
2024-10-25 12:00:00,3.0,0.38414833,1.4008546,0.16585198,-1.4232037,-0.8095355,-0.69013107,-0.19108897,0.009668701,-1.1371984,-1.1829768,-1.3228884,-0.91354024,-0.29071882,-0.18574329,-1.0105628,-0.30977625,-0.88096267,0.43577263,-1.4281164,-0.5361734,-0.524755,0.2734753,-1.4225216,0.7385578,-0.7385578,-0.6794247,-0.1694379,-0.19782093,1.2815276,-0.9250984,-0.5332246,1.1952364,-0.8371714,0.5175428,-0.57212543,-0.34671646,0.5251867,-0.58778524,-0.809017,-0.8660254,0.5,-0.8660254,-0.5,0.0,0.0,1.0,0.0,0.0
2024-10-25 16:00:00,3.0,-0.49451458,-0.9763457,0.1802236,-0.49137804,1.0388416,-0.8599575,-0.4203004,0.5670714,-0.5404793,-0.7951443,-1.0403794,0.054931276,-0.58517075,-0.41266078,-1.0533205,-0.47296867,-0.9615244,0.34156373,-1.7028193,-0.8435491,-0.8191856,0.044239037,1.3349271,1.7224684,-1.7224684,-0.5955265,-0.4416871,-0.23187576,0.6335421,-0.18729612,-0.6506851,0.8320222,-1.1605277,-0.44679308,-0.4829458,-0.89272434,0.2978508,-0.95105654,0.309017,-0.8660254,0.5,1.2246469e-16,-1.0,0.0,1.0,0.0,0.0,0.0
2024-10-28 12:00:00,3.0,-0.074237205,-0.35488847,0.10824265,1.036463,-0.63721013,-0.48617506,0.4781489,0.04549271,-0.7708394,-0.9410495,-1.1457388,-0.30744076,-0.62698066,-0.44158524,-1.1677059,-0.55260164,-1.0330193,0.28139567,-1.6421798,-0.9624658,-0.93045586,0.050892103,-0.92206305,1.635971,-1.635971,-0.6945974,-0.74150735,-0.35763282,0.7850435,-0.23131688,-0.8980168,0.45933384,-1.2819349,-0.9295678,-0.09183193,-1.0683388,0.2800507,-0.95105654,0.309017,-0.8660254,0.5,-0.8660254,-0.5,0.0,0.0,1.0,0.0,0.0
2024-10-28 16:00:00,3.0,0.88934374,1.3329378,-0.6124468,-0.5382165,0.06515859,-0.7349684,-0.45866087,0.3062888,-0.69067544,-0.9043044,-1.145193,-0.13356207,-0.035270203,-0.015510336,-0.9517646,0.04343531,-0.3707479,0.20386523,-1.6083511,-0.51522213,-0.43953437,0.46684387,0.4108878,0.9131607,-0.9131607,-0.1538874,-0.47231364,0.10136422,1.0371982,-0.04143396,-0.62574244,0.056581248,-0.7072602,0.5511597,0.32797086,-0.5230403,0.09285216,0.0,1.0,-0.8660254,0.5,1.2246469e-16,-1.0,0.0,1.0,0.0,0.0,0.0
2024-10-29 12:00:00,3.0,0.27910316,0.76793796,-0.2741289,0.5228714,-0.7463515,-0.63924354,0.09213026,0.046898685,-0.93090945,-1.0707997,-1.2741759,-0.50997466,0.14456446,0.13250156,-0.77523535,0.40930682,-0.2576859,0.3052699,-1.5473895,-0.40682945,-0.33067557,0.6855254,-1.0958699,0.6900964,-0.6900964,-0.4286193,-0.20700623,0.15869801,1.3633168,-0.2484228,-0.45871472,0.08728701,-0.56497663,1.0447356,0.90964586,-0.32894447,0.0920953,0.0,1.0,-0.8660254,0.5,-0.8660254,-0.5,0.0,0.0,1.0,0.0,0.0
2024-10-29 16:00:00,3.0,0.16841893,0.34826168,-0.37250468,1.5695819,0.07535274,-0.17085251,0.53545254,-0.061132815,-0.80011976,-0.9962675,-1.2309409,-0.2609548,0.25815132,0.23673795,-0.5586576,0.32225075,-0.0010817621,0.21590859,-1.6906658,-0.34995526,-0.26227513,0.76201487,0.4193598,0.5687091,-0.5687091,-0.4631333,0.17113228,0.28721845,1.3207109,0.17511018,-0.4731299,0.021167915,-0.48671055,1.5383114,1.0767517,-0.22072579,0.24129404,0.95105654,0.309017,-0.8660254,0.5,1.2246469e-16,-1.0,0.0,1.0,0.0,0.0,0.0
2024-10-30 12:00:00,1.0,-1.0173516,-1.1735495,-0.0015419094,-0.8089395,1.2748477,1.3515432,1.6904467,0.033144876,-0.18148504,-0.55745536,-0.8960341,0.6824545,-0.5134513,-0.36841983,-0.57407147,0.10239623,-0.2790029,0.24181691,-1.8544669,-1.1058569,-0.85494244,0.18869843,1.4333416,1.406485,-1.406485,0.066590376,-0.5776088,-0.0128216725,0.46407717,0.24933842,-0.7659904,-0.02239787,-1.1610359,-0.43599197,-0.5323672,-0.98413664,-0.003819358,0.95105654,0.309017,-0.8660254,0.5,-0.8660254,-0.5,0.0,0.0,1.0,0.0,0.0
2024-10-30 16:00:00,1.0,3.0,0.18030319,0.8121576,0.94332105,3.0,1.9309323,0.56116617,3.0,2.526931,1.3770441,0.43646908,3.0,1.6263444,1.6487015,0.23566848,1.8959662,0.9826505,0.7129524,-0.60820746,1.5069443,0.97838074,1.3784512,1.582582,-0.9591097,0.9591097,2.1053996,0.34356728,1.8377506,-0.046206776,3.0,1.2197511,0.34245262,0.94356024,0.52916425,1.6218041,0.9856762,-0.14193158,0.58778524,-0.809017,-0.8660254,0.5,1.2246469e-16,-1.0,0.0,1.0,0.0,0.0,0.0
2024-10-31 12:00:00,1.0,-0.88166296,-1.5658556,-1.2142651,-0.75309443,0.26321325,0.24823603,-1.2274247,-0.09747934,1.8454986,1.1994485,0.4441126,2.4881086,1.0036952,1.0941049,0.43510187,1.1020749,0.84686583,0.2791787,-0.66442776,0.81808364,0.6047988,1.0849779,0.65688413,-0.36921015,0.36921015,2.2201073,-0.2038759,1.4846829,-0.14455469,2.899728,0.79078925,0.29539722,0.505701,-0.48755226,0.8203169,0.3437444,0.0066999365,0.58778524,-0.809017,-0.8660254,0.5,-0.8660254,-0.5,0.0,0.0,1.0,0.0,0.0
2024-10-31 16:00:00,1.0,0.20911644,-0.2905669,2.2080185,-0.64638126,2.111559,0.87063366,0.51026726,0.8411766,2.1499224,1.6135491,0.8511585,2.4793875,1.0853382,1.2065233,0.5247714,1.0782001,1.0901642,0.1370455,-0.35510686,0.9067775,0.6289426,1.0328122,1.6156005,-0.43704364,0.43704364,2.1361794,0.48943055,1.542103,-0.35312942,3.0,0.9386488,0.25053668,0.54219955,0.49552995,1.7629207,0.4195023,-0.39822835,-0.58778524,-0.809017,-0.8660254,0.5,1.2246469e-16,-1.0,0.0,1.0,0.0,0.0,0.0
2024-11-01 12:00:00,1.0,-0.42074075,-1.0583963,0.41588345,-0.8851316,-0.47835755,0.2501497,-0.7013215,-0.099750996,1.3322759,1.1994039,0.6606777,1.5076296,0.7937907,0.94345844,0.52917254,0.82049656,0.82616836,-0.05531646,-0.29326087,0.649513,0.50015956,0.92791563,-0.3522232,-0.17370449,0.17370449,2.0951982,-0.03492136,1.3313698,-0.21196854,2.6553426,0.5452604,0.27940854,0.39551428,-0.6187165,-0.91138947,0.1339409,-0.29458988,-0.58778524,-0.809017,-0.8660254,0.5,-0.8660254,-0.5,0.0,0.0,1.0,0.0,0.0
2024-11-01 16:00:00,4.0,0.5111059,1.046138,-0.13834953,-0.34850582,1.3399252,-0.19361193,-0.61077476,-0.762114,1.5138756,1.4087015,0.8914751,1.5583504,1.0224631,1.1997993,0.5320974,1.458001,1.1346966,0.16319817,-0.08559014,0.92521363,0.6715184,1.0398955,1.4831841,-0.5158661,0.5158661,1.7250091,0.5352082,1.540208,-0.23556714,2.1480489,0.5214476,0.3324053,0.61026734,0.48943245,0.046551116,0.50925,-0.09575926,-0.95105654,0.309017,-0.5,0.8660254,1.2246469e-16,-1.0,0.0,1.0,0.0,0.0,0.0
2024-11-04 12:00:00,1.0,-0.2879412,-0.78581256,0.94484586,-0.65265524,-0.586804,-0.09588081,0.015720889,-0.023092752,0.85360426,1.0131679,0.68257755,0.81167036,0.8181751,1.0190834,0.496338,-0.404955,1.0500431,0.02682033,-0.047910284,0.7402082,0.596225,0.9850681,-0.3413478,-0.33138874,0.33138874,-0.7483026,0.013095472,1.3772396,-0.054117907,-0.3411027,0.6107758,0.36315516,0.5137293,-0.6187165,-0.283059,0.31584033,-0.06092312,-0.95105654,0.309017,-0.5,0.8660254,-0.8660254,-0.5,0.0,0.0,1.0,0.0,0.0
2024-11-04 16:00:00,1.0,0.31396344,0.14362478,1.803285,0.07567419,-0.30328676,-0.92352086,-1.1804813,0.37609425,0.4631103,0.7368985,0.5181049,0.3784769,0.969562,1.1921649,0.48539332,0.14992431,0.88949764,0.4912137,-0.37920317,0.82300305,0.7372051,1.1434109,0.3529606,-0.5369648,0.5369648,-0.99986583,0.5593738,1.4678843,0.22149383,-0.3865385,0.626708,0.10639564,0.6937417,0.48943245,0.22069113,0.549121,-0.15227458,0.0,1.0,-0.5,0.8660254,1.2246469e-16,-1.0,0.0,1.0,0.0,0.0,0.0
2024-11-04 20:00:00,4.0,-0.07968159,-0.17986679,0.6987141,0.81197757,-0.85712856,-0.7072075,0.289633,-0.0721427,-0.07340125,0.32766134,0.24473795,-0.22033061,0.9147348,1.161264,0.44429362,0.01626369,0.779022,0.49529013,-0.4435499,0.6889354,0.73042053,1.1954329,-1.304437,-0.48776853,0.48776853,-0.9873781,0.04279015,1.3845198,0.5477544,-0.92483324,0.47019783,0.123197705,0.6935288,-0.5948164,-0.1112665,0.5052811,-0.10235125,0.0,1.0,-0.5,0.8660254,-0.8660254,-0.5,0.0,0.0,1.0,0.0,0.0
2024-11-05 12:00:00,4.0,-0.004670649,0.7427664,-0.48461738,0.6548987,-1.0683556,-1.4650854,-2.4771864,-0.17016873,-0.6080501,-0.10885921,-0.07428564,-0.8340322,0.92947716,1.1652247,0.40151933,0.21374798,0.74907106,0.6849185,1.7174171,0.61933875,0.7849459,1.3015192,-1.4827561,-0.5175463,0.5175463,-1.104495,0.28351048,1.3053529,1.0273936,-0.9970307,0.37235945,0.9488501,0.7908326,0.5023177,0.12815116,0.54056376,-0.1478953,0.0,1.0,-0.5,0.8660254,-0.8660254,0.5,0.0,0.0,1.0,0.0,0.0
2024-11-05 16:00:00,3.0,0.61663383,1.1369953,0.5651989,-1.2720197,0.19398206,-0.7609884,3.0,-0.18817922,-0.41778243,-0.066330664,-0.06320385,-0.53780866,1.2220494,1.4383098,0.4152078,0.21391377,1.2580601,0.87038225,2.5369391,0.8047804,1.0176861,1.4881169,0.99072033,-0.8836364,0.8836364,-1.0260712,0.7246219,1.5405283,1.1806446,-1.0760248,0.49699378,0.91758764,1.1007514,1.0261334,0.28825164,0.9745351,0.022661692,0.95105654,0.309017,-0.5,0.8660254,1.2246469e-16,-1.0,0.0,1.0,0.0,0.0,0.0
2024-11-05 20:00:00,3.0,-0.5208916,-1.0693182,0.072784774,-0.42260015,-0.5900131,-0.7735407,-0.23823357,-0.13012953,-0.6569748,-0.28466415,-0.2163702,-0.78383875,0.95525223,1.208753,0.33523408,0.16915436,-0.20849831,0.72050047,2.832252,0.5359898,0.83445823,1.3506713,-0.82901365,-0.66778487,0.66778487,-0.9911674,0.20615907,1.3315268,1.3883246,-1.0134181,0.3540352,0.94999915,0.92044306,-0.6877872,-0.033590026,0.7494233,0.027924232,0.95105654,0.309017,-0.5,0.8660254,-0.8660254,-0.5,0.0,0.0,1.0,0.0,0.0
2024-11-06 12:00:00,4.0,0.06048986,1.2017394,-0.9628985,-0.11122786,-0.9359431,-1.1894444,-1.8764409,-0.14929539,-1.0607365,-0.6697209,-0.52269584,-1.2039326,1.0494618,1.2878926,0.28516722,0.032503247,0.15095785,0.90873194,2.620168,0.51208746,0.9494566,1.5050278,-1.3833586,-0.7816597,0.7816597,-0.98148334,0.3685964,1.3231577,1.9801729,-1.0966102,0.2556536,0.76749915,1.1086932,0.4585248,0.0339947,0.87759423,0.020961719,0.95105654,0.309017,-0.5,0.8660254,-0.8660254,0.5,0.0,0.0,1.0,0.0,0.0
2024-11-06 16:00:00,4.0,3.0,-0.44841307,0.88702554,0.20175157,1.5381315,1.8641645,3.0,3.0,2.529997,1.8813355,1.2642512,2.3873265,2.4875221,2.860765,0.69489485,2.5469337,1.5889151,2.204357,3.0,1.9365355,1.9836301,2.0011005,1.7098055,-0.98294795,0.98294795,1.1491119,1.8502777,1.3909799,0.55162746,1.064257,1.8983028,0.5839824,2.139593,1.0316808,1.6434926,1.090263,1.3682743,0.58778524,-0.809017,-0.5,0.8660254,1.2246469e-16,-1.0,0.0,1.0,0.0,0.0,0.0
2024-11-06 20:00:00,4.0,0.10327589,0.61999154,0.47933257,-0.08321257,-0.18856022,0.84031576,-0.40281942,-0.1862361,1.7245618,1.5284771,1.1206495,1.5594987,2.4410532,2.7682025,1.1474836,2.5195563,1.8324991,2.0989141,3.0,1.5175657,2.0338945,2.0627587,0.7129658,-0.969548,0.969548,1.0806412,2.1029906,1.4135418,0.89426637,1.3014213,1.6486756,0.9188324,2.1205373,1.5405425,2.0170767,1.2073638,1.2926495,0.58778524,-0.809017,-0.5,0.8660254,-0.8660254,-0.5,0.0,0.0,1.0,0.0,0.0
2024-11-07 12:00:00,4.0,0.27014416,1.2267659,-0.002780681,-1.0108722,-0.42506236,-0.5416026,-0.69486624,-0.1773907,1.0219606,1.1266304,0.893435,0.8512926,2.3844538,2.6845815,1.489998,2.2533174,1.7170336,2.2433183,2.5824294,1.2799255,2.1124206,2.1881723,-0.009324191,-1.164431,1.164431,1.106445,1.8073038,1.4850614,1.4126638,0.9033314,1.4730433,0.99696803,2.2694156,2.0056663,1.9842461,1.3668078,1.4180778,0.58778524,-0.809017,-0.5,0.8660254,-0.8660254,0.5,0.0,0.0,1.0,0.0,0.0
2024-11-07 16:00:00,4.0,-0.91943604,-1.5130118,-1.1567174,-0.29235747,0.094261736,-0.28705353,0.11827237,-0.09072896,0.82354796,1.0615686,0.9553725,0.5889462,1.7378546,2.0973067,1.3923018,1.9468168,1.5123178,1.991299,2.375966,0.8108194,1.567245,1.837139,1.1296678,-0.7695003,0.7695003,1.1526918,1.1628598,1.2026238,1.2971386,1.057273,0.94938844,0.99778515,1.6889513,-0.7169576,-0.81584203,1.0014004,1.1569469,-0.58778524,-0.809017,-0.5,0.8660254,1.2246469e-16,-1.0,0.0,1.0,0.0,0.0,0.0
2024-11-07 20:00:00,4.0,0.14940986,1.1729802,0.16539767,-1.0988841,-0.6962619,-0.23918535,-0.08322838,-0.1789658,0.20396131,0.58364874,0.6238455,-0.0022794316,1.7602762,2.092804,1.3689927,1.9374139,1.4947097,1.8089501,2.3707504,0.71887165,1.6713095,1.9792575,-0.95268345,-0.9175338,0.9175338,1.1056062,1.2707069,1.2436967,1.9193408,1.090526,0.6252742,1.096075,1.8365022,0.34932697,-0.756149,1.132755,1.1038766,-0.58778524,-0.809017,-0.5,0.8660254,-0.8660254,-0.5,0.0,0.0,1.0,0.0,0.0
2024-11-08 12:00:00,4.0,-0.37522578,-1.0976408,0.9113727,-1.2361759,-0.91061515,-0.87419695,-0.6537797,-0.1605523,-0.37130558,0.07857934,0.24294557,-0.57622206,1.5617777,1.8940744,1.2187912,-0.39538446,1.4545099,1.6590956,2.1695995,0.49127993,1.5345887,1.9720075,-1.3314064,-0.79810154,0.79810154,-0.9660152,0.87449193,1.1032413,2.4579284,-1.0925658,0.37166563,1.254281,1.7709088,-0.732785,-1.0805032,1.0225422,1.0804733,-0.58778524,-0.809017,-0.5,0.8660254,-0.8660254,0.5,0.0,0.0,1.0,0.0,0.0
2024-11-08 16:00:00,4.0,1.2228032,1.2429882,-1.0834725,-0.12487809,0.6027857,-0.3627085,0.68007416,0.30581307,0.00792264,0.2801364,0.36776948,-0.118783936,1.8498544,2.1709352,1.1210182,0.18193202,1.9029217,1.9502813,2.1182737,0.75184125,1.8913428,2.1629722,1.5120481,-1.3057121,1.3057121,-0.52926433,0.94443864,1.4570205,2.5061777,-0.8106809,0.38907456,1.2709844,2.166229,0.37783197,0.25571468,1.487305,1.0740585,-0.95105654,0.309017,-0.5,0.8660254,1.2246469e-16,-1.0,0.0,1.0,0.0,0.0,0.0
2024-11-08 20:00:00,3.0,-0.39637733,-0.622007,1.8990271,-1.0399499,-0.37020665,0.4949363,0.6206193,-0.16180311,-0.22934681,0.052602027,0.19597447,-0.35780028,1.6237656,1.9486164,0.9774633,-0.16270883,1.4929113,2.1061125,1.9847192,0.54637873,1.5545359,2.0162432,0.092221186,-0.9320773,0.9320773,-0.4867768,0.30603796,1.1819282,2.6206126,-0.7467286,0.32038108,1.3331482,1.6518965,-0.7280177,-0.093801014,1.099502,1.0839038,-0.95105654,0.309017,-0.5,0.8660254,-0.8660254,-0.5,0.0,0.0,1.0,0.0,0.0
2024-11-11 12:00:00,4.0,-0.6217408,-1.6980375,-1.2676831,-0.71715724,-0.70103186,-0.64528,-0.72264904,-0.18546568,-0.6011404,-0.30835813,-0.111433245,-0.7471463,1.2516062,1.6319083,0.67603165,-0.0104642715,1.4045117,0.83752453,1.9156978,0.24491368,1.269067,1.8828865,-0.96318007,-0.66967356,0.66967356,-0.3316859,0.0037861965,0.9589346,2.8471873,-0.89836574,0.03045881,2.8765628,1.3153181,-1.2809426,-0.37072727,0.83695537,1.6687946,-0.95105654,0.309017,-0.5,0.8660254,-0.8660254,0.5,0.0,0.0,1.0,0.0,0.0
2024-11-11 16:00:00,3.0,0.96004856,0.71902543,0.52822405,-0.2797293,0.22685423,-0.29181182,0.19516674,0.6879426,-0.12610757,-0.011714155,0.08983074,-0.16376723,1.5190392,1.8612927,0.5090637,0.41370094,1.7149332,1.4060111,2.011625,0.4611952,1.5419109,1.9597741,0.919968,-1.0594656,1.0594656,-0.077817164,0.20578992,1.2172587,2.591816,-0.45959628,0.14385349,2.635602,1.587532,0.37783197,-0.42517632,1.2245909,1.5268657,0.0,1.0,-0.5,0.8660254,1.2246469e-16,-1.0,0.0,1.0,0.0,0.0,0.0
2024-11-11 20:00:00,3.0,-0.5493097,-0.7903471,0.49255463,-0.21645772,-0.2522137,0.052746132,0.07735719,-0.26974744,-0.3589348,-0.22391386,-0.09257232,-0.4142604,1.2102634,1.5951148,0.27849057,0.31939134,-0.0563109,1.2015023,1.8068371,0.19475639,1.1907849,1.7839509,0.0070657404,-0.85967034,0.85967034,-0.053983733,-0.2363388,1.0378562,2.6063628,-0.29816177,-0.00839583,2.6371434,1.1338295,-0.7026508,-0.5862153,1.0000855,2.0507298,0.0,1.0,-0.5,0.8660254,-0.8660254,-0.5,0.0,0.0,1.0,0.0,0.0
2024-11-12 12:00:00,3.0,0.016721554,1.5421714,-0.92750645,-1.031748,-1.0103502,-0.9944541,-0.8207376,-0.21885173,-0.8682404,-0.7061753,-0.57113487,-0.9741205,1.2356226,1.5929164,0.11362627,-0.30597857,-0.0896255,1.3584553,1.8273087,0.13876498,1.2713315,1.9568229,-1.3839772,-0.9586737,0.9586737,-0.4979949,-0.19926116,1.0714892,3.0,-0.7704656,-0.09347225,2.7865074,1.2050201,0.38945976,0.00016973936,1.0940163,1.9958609,0.0,1.0,-0.5,0.8660254,-0.8660254,0.5,0.0,0.0,1.0,0.0,0.0
2024-11-12 16:00:00,3.0,-0.73742956,0.26463377,0.92463964,0.41163394,0.090597734,-0.08164163,1.5740832,-0.9781256,-0.7172471,-0.65182936,-0.5413067,-0.759683,0.78854656,1.2473334,-0.33806732,-0.4892352,-0.47374544,1.0003886,1.7004672,-0.15816869,0.66989887,1.5829798,0.41295913,-0.64280266,0.64280266,-0.44078067,-0.6013796,0.812839,2.6878371,-0.61926496,-0.29292324,2.7000809,0.5520051,-0.73960596,-1.0893711,0.685311,2.0608358,0.95105654,0.309017,-0.5,0.8660254,1.2246469e-16,-1.0,0.0,1.0,0.0,0.0,0.0
2024-11-12 20:00:00,3.0,-0.26623595,-0.07456636,0.23953938,1.8686341,-0.36763346,-0.09266426,-0.18621144,-0.2586755,-0.8811219,-0.8513895,-0.7690623,-0.9238854,0.7058598,1.1665934,-0.7341229,-0.30501264,-0.22917125,1.0359404,1.4853675,-0.2754066,0.45508856,1.525254,-0.46981183,0.067349814,-0.067349814,-0.5248143,-1.0118611,0.730065,2.7715058,-0.5337394,-0.3781281,2.0035064,0.2689572,-1.2573751,-0.7612992,0.6013894,2.0194376,0.95105654,0.309017,-0.5,0.8660254,-0.8660254,-0.5,0.0,0.0,1.0,0.0,0.0
2024-11-13 12:00:00,3.0,-0.03543308,0.82157445,0.06722908,-0.25595197,-0.7319162,-0.84763575,-0.7122353,-0.18719383,-1.1450595,-1.1477535,-1.1116538,-1.2184443,0.75007015,1.184105,-1.0371071,-0.8287987,-0.29975575,0.96971625,1.655613,-0.30571005,0.4437347,1.6532326,-1.1665082,0.06583321,-0.06583321,-1.1844718,-0.9235755,0.7520543,3.0,-0.9488357,-0.3548975,2.123012,0.30643785,0.38945976,-0.75203246,0.6976339,1.9723659,0.95105654,0.309017,-0.5,0.8660254,-0.8660254,0.5,0.0,0.0,1.0,0.0,0.0
2024-11-13 16:00:00,3.0,-0.32140565,-0.119434215,0.33652002,1.636629,0.26300916,-0.17985061,0.9606208,-0.2986672,-0.96245986,-1.0721425,-1.0986567,-0.92606676,0.6408909,1.0980645,-1.3034328,-0.7129361,-0.2808869,0.96858317,1.6740385,-0.44608563,0.092087194,1.4564769,0.70160705,0.2604635,-0.2604635,-1.2244966,-1.3862677,0.68654144,2.7514572,-0.7772357,-0.44284013,2.3007767,-0.041495726,-0.73960596,-0.26282102,0.59699035,1.9202145,0.58778524,-0.809017,-0.5,0.8660254,1.2246469e-16,-1.0,0.0,1.0,0.0,0.0,0.0
2024-11-13 20:00:00,3.0,0.054951504,0.71494114,0.52292216,-0.48285154,-0.43915355,-0.18488982,-0.1350554,-0.14691575,-1.0558468,-1.2068807,-1.2897774,-1.0048157,0.73848534,1.1520109,-1.449219,-0.6948331,-0.7334497,0.9998448,1.5508536,-0.401694,0.07852401,1.5489876,-0.40256143,-0.119765,0.11976499,-1.1691915,-1.1054814,0.7864257,2.8557754,-0.588997,-0.3098436,2.3036585,0.08017862,0.38384613,-0.021482367,0.75955635,1.8275793,0.58778524,-0.809017,-0.5,0.8660254,-0.8660254,-0.5,0.0,0.0,1.0,0.0,0.0
2024-11-14 12:00:00,3.0,-0.49754548,-1.3753058,-1.0466065,0.06350123,-0.7217681,-0.88593274,-0.71637005,-0.1799757,-1.2301251,-1.3974409,-1.5066075,-1.2172691,0.4292819,0.9458898,-1.6958821,-0.5630075,-0.77669156,0.6371758,1.4682996,-0.63209075,-0.3394435,1.4428811,-1.1874126,0.4803401,-0.4803401,-1.3047584,-1.3861034,0.57514143,2.9075708,-0.7843658,-0.46424142,2.3886974,-0.2756634,-0.73960596,-0.50449425,0.5067086,1.8491384,0.58778524,-0.809017,-0.5,0.8660254,-0.8660254,0.5,0.0,0.0,1.0,0.0,0.0
2024-11-14 16:00:00,3.0,0.03338216,0.61238676,0.79740024,-0.4799931,0.1973545,-0.16325338,1.1731246,-0.26136914,-1.0505996,-1.3086659,-1.4835093,-0.9029721,0.5331087,0.999042,-1.7066038,-0.4046329,-0.5236381,0.8053184,1.3289536,-0.5194145,-0.41879117,1.3901308,0.59150475,0.18249863,-0.18249863,-1.2265574,-1.0857444,0.70872176,2.6469662,-0.57992184,-0.39687482,1.6799673,-0.29420868,0.38384613,-0.19561121,0.67719525,1.7683151,-0.58778524,-0.809017,-0.5,0.8660254,1.2246469e-16,-1.0,0.0,1.0,0.0,0.0,0.0
2024-11-14 20:00:00,3.0,-0.8468206,-1.5772595,-1.1890172,-0.38872787,0.16660556,0.06511278,0.033409614,-0.14771964,-0.89549947,-1.2023281,-1.3999183,-0.6575726,-0.17473632,0.54256296,-1.885449,-0.8299039,-1.2200253,0.49035907,1.1677527,-1.2423507,-1.1789298,0.9178851,0.64915794,1.3177199,-1.3177199,-0.95441985,-1.8407831,0.29909512,2.2117035,-0.27647465,-0.9553526,1.4391294,-0.9205301,-0.7139099,-1.2253373,-0.9735953,1.7250277,-0.58778524,-0.809017,-0.5,0.8660254,-0.8660254,-0.5,0.0,0.0,1.0,0.0,0.0
2024-11-15 12:00:00,3.0,-0.23948668,-0.4067019,-0.12882544,1.4335308,-1.3842671,-1.2031025,-0.8378008,-0.17183647,-1.2184699,-1.4808749,-1.6856675,-1.1059204,-0.24301116,0.48848218,-2.112633,-0.783374,-1.093024,-1.044512,1.0992188,-1.3773502,-1.2545526,1.0079951,-1.4123679,2.4171824,-2.4171824,-0.28323856,-1.8475034,0.14618723,2.5250213,-0.60766166,-1.3434553,1.6183248,-1.0863321,-1.2397676,-0.8700623,-1.4121361,-0.3812944,-0.58778524,-0.809017,-0.5,0.8660254,-0.8660254,0.5,0.0,0.0,1.0,0.0,0.0
2024-11-15 16:00:00,3.0,0.59473276,1.3420246,-1.2352428,-0.3278304,1.8128093,0.91520584,2.5061226,-0.4669699,-0.6725525,-1.0866714,-1.3889791,-0.23159423,0.24781021,0.7762672,-1.711138,-0.4981874,-0.86894554,-0.8710967,1.1868925,-0.14590451,-0.6662007,1.0431865,1.3539618,0.10559411,-0.10559411,0.20815846,-1.0166934,0.7727758,1.9772346,-0.08407459,-0.80104846,1.0435023,-0.56358504,0.5121774,-0.38546798,0.025714343,-1.9373012,-0.95105654,0.309017,-0.5,0.8660254,1.2246469e-16,-1.0,0.0,1.0,0.0,0.0,0.0
2024-11-15 20:00:00,3.0,-0.5665292,-1.0524843,-1.3703338,1.0475173,-0.26913235,0.35762674,-0.35162175,-0.2237588,-0.7703371,-1.1462159,-1.4447232,-0.36709905,-0.18489762,0.49026203,-1.6877775,-0.53549707,-0.7984632,-1.1669029,1.09883,-0.82344735,-0.9807287,0.8117267,-0.17676218,0.80814344,-0.80814344,0.2389299,-1.4865388,0.48514268,1.9056572,0.057181366,-0.71339494,0.9957602,-0.88305277,-0.6697705,-0.0011427682,-0.64197904,-1.7735891,-0.95105654,0.309017,-0.5,0.8660254,-0.8660254,-0.5,0.0,0.0,1.0,0.0,0.0
2024-11-18 12:00:00,3.0,-0.1394225,0.25322762,0.3582274,1.0379632,-0.9361459,-1.0014997,-0.70819,-0.1781094,-1.0633063,-1.3808068,-1.6696562,-0.7832115,-0.16514957,0.49052528,-1.7004007,-0.62446296,-0.749609,-0.8982785,1.0394862,-0.7925837,-0.9776279,0.9313853,-1.2610863,0.45135754,-0.45135754,0.2665859,-1.1261446,0.45216948,2.1672323,-0.28119802,-0.73448163,0.9936101,-0.89341456,0.5121774,0.107831165,-0.69545394,-1.0191495,-0.95105654,0.309017,-0.5,0.8660254,-0.8660254,0.5,0.0,0.0,1.0,0.0,0.0
2024-11-18 16:00:00,3.0,0.44527555,1.2940258,-1.267734,-0.10905161,0.7394788,0.22726507,0.85454845,-0.24650128,-0.8422131,-1.2308446,-1.5777909,-0.39348397,0.2581969,0.7342675,-1.3812783,0.04780151,-0.5648131,-0.79316384,0.90846235,0.49460563,-0.519191,1.0544298,0.80898905,-1.1994525,1.1994525,0.01580683,-0.45077065,1.0066084,1.9833034,-0.18999444,0.14066711,0.8954597,-0.45098227,1.1031513,0.0014324376,0.5426529,-0.78770524,0.0,1.0,-0.5,0.8660254,1.2246469e-16,-1.0,0.0,1.0,0.0,0.0,0.0
2024-11-18 20:00:00,3.0,0.040902052,0.9852218,-0.65182626,0.06506352,-0.92263216,0.6240014,-0.024814859,-0.14900307,-1.089358,-1.4285911,-1.7660908,-0.7541874,0.39495248,0.80535316,-1.2065839,0.19388345,-0.42687446,-0.64801,0.92977333,1.1756555,-0.36240372,1.2509958,-1.1565945,-1.1560552,1.1560552,-0.050428815,0.41587716,1.2003127,2.236277,-0.1052397,1.4001395,-0.57192355,-0.28204644,1.6230122,0.7061002,1.0601496,-0.78551805,0.0,1.0,-0.5,0.8660254,-0.8660254,-0.5,0.0,0.0,1.0,0.0,0.0
2024-11-19 12:00:00,3.0,-0.14277108,0.33980584,-0.21839856,1.378828,-1.2325494,-0.8333571,-0.6908741,-0.17782,-1.3417214,-1.6426893,-1.96351,-1.1561455,0.41439793,0.7974079,-1.1087952,-0.19139035,-0.5009858,-1.1207637,0.82234484,0.9622246,-0.28456056,1.3914968,-1.3773161,-1.1533928,1.1533928,-0.14695613,1.0434238,1.2157167,2.5266075,-0.7693833,1.2425022,-0.7597728,-0.18824542,2.0938199,0.71191,1.1298827,-1.4315509,0.0,1.0,-0.5,0.8660254,-0.8660254,0.5,0.0,0.0,1.0,0.0,0.0
2024-11-19 16:00:00,3.0,-0.46278444,0.7835974,-0.952659,0.8048664,1.4552809,1.4078339,1.2058941,-1.0683767,-0.81403595,-1.2502337,-1.6397808,-0.24512067,0.03600609,0.5579148,-0.9689219,-0.13193606,-0.4848079,-1.1419108,0.9309272,0.17184484,-0.62787724,0.7157786,1.2046236,-0.6359961,0.6359961,-0.28736845,0.024650237,0.9776064,1.7840557,-0.30782363,-0.35708287,-0.83076704,-0.56397545,-0.69794,-0.27562228,0.4644222,-1.4312696,0.95105654,0.309017,-0.5,0.8660254,1.2246469e-16,-1.0,0.0,1.0,0.0,0.0,0.0
2024-11-19 20:00:00,3.0,-0.26502535,-0.38519636,1.2194401,0.29212847,-0.4477903,0.4502121,-0.43338412,-0.17439148,-0.94217217,-1.3255167,-1.7004478,-0.45322824,-0.08867149,0.46316704,-1.0063385,-0.19036475,-0.59141046,-1.0026153,0.47102067,-0.09897931,-0.719097,0.6227762,-0.59700435,-0.47690955,0.47690955,-0.14749728,-0.7395684,0.83898026,1.8671327,-0.17254119,0.3210862,-0.8191436,-0.65611076,-1.2144958,-0.59846437,0.25509807,-1.4052962,0.95105654,0.309017,-0.5,0.8660254,-0.8660254,-0.5,0.0,0.0,1.0,0.0,0.0
2024-11-20 12:00:00,3.0,0.04067574,1.2318755,0.08907076,-1.3045189,-1.0410936,-0.98727554,-0.64471465,-0.1537885,-1.1798254,-1.4998708,-1.8501196,-0.8629883,0.07766867,0.5407167,-1.0167004,-0.40647256,-0.25747406,-1.3047564,0.37275904,0.39653936,-0.4942822,0.8163047,-1.2184433,-0.86564046,0.86564046,-0.5524441,-0.19521691,0.9948332,2.1739357,-0.5732041,0.5545536,-0.92257214,-0.4184938,0.4539135,-0.42148915,0.78484535,-1.761441,0.95105654,0.309017,-0.5,0.8660254,-0.8660254,0.5,0.0,0.0,1.0,0.0,0.0
2024-11-20 16:00:00,3.0,-1.4218239,-1.7709347,-0.9556187,-1.2890389,2.196293,0.86275446,0.8299892,-0.1248939,-0.55763996,-1.0201589,-1.4345402,0.1948478,-1.4438616,-0.47973648,-1.1907953,-1.1465396,-0.6839167,-1.5406531,0.0124078905,-2.6181433,-1.5171692,-0.47712523,1.4657516,1.5289851,-1.5289851,0.9372957,-1.1477615,-0.19784448,1.2296498,0.1974099,-1.5103865,-0.8082073,-1.4493198,-0.63201064,-1.8918432,-2.2842817,-0.6615132,0.58778524,-0.809017,-0.5,0.8660254,1.2246469e-16,-1.0,0.0,1.0,0.0,0.0,0.0
2024-11-20 20:00:00,3.0,-0.63352776,-1.1896204,-1.0596285,0.23809958,0.34142175,1.5308878,-0.023651117,-0.17004238,-0.536543,-0.96064496,-1.3680062,0.19665593,-1.84666,-0.8346176,-1.4818517,-1.3878868,-1.1459657,-1.7051762,-0.13026246,-3.0,-1.7938721,-0.8923686,0.3740209,2.116293,-2.116293,0.81785643,-2.1478946,-0.66329473,1.0738453,0.60194594,-3.0,-1.1085702,-1.7162886,-1.1777632,-2.2224443,-2.9091191,-1.0539827,0.58778524,-0.809017,-0.5,0.8660254,-0.8660254,-0.5,0.0,0.0,1.0,0.0,0.0
2024-11-21 12:00:00,3.0,0.04625386,0.87357944,1.3812653,-1.5750521,-0.93491054,-0.9369833,-0.7316323,-0.14032383,-0.85332257,-1.1682712,-1.5311296,-0.34300643,-1.6195961,-0.73279077,-1.7045496,-1.1435289,-0.91610515,-1.425648,-0.08521532,-2.367341,-1.6380463,-0.8055529,-1.1048816,1.7682424,-1.7682424,1.1304964,-1.4677181,-0.64676964,1.3732909,-0.18966517,-2.6251676,-1.1725986,-1.579008,0.555028,-2.0947292,-2.4133925,-1.0364381,0.58778524,-0.809017,-0.5,0.8660254,-0.8660254,0.5,0.0,0.0,1.0,0.0,0.0
2024-11-21 16:00:00,3.0,0.8987213,1.40283,-0.9276768,-0.64177144,1.6658281,1.581385,1.1904309,-0.19805868,-0.40369448,-0.83725125,-1.2859018,0.44562483,-0.70694226,-0.2027402,-1.2394731,-0.54552513,-0.5362146,-1.0559068,0.032531466,-0.6036087,-0.76548225,-0.46754047,1.2538048,0.037936136,-0.037936136,1.7763758,-0.18824203,0.5090495,1.072585,0.40495625,-1.2641871,-1.1498426,-0.70208514,1.120226,0.84019196,-0.34825495,-0.6132058,-0.58778524,-0.809017,-0.5,0.8660254,1.2246469e-16,-1.0,0.0,1.0,0.0,0.0,0.0
2024-11-21 20:00:00,3.0,-0.21993406,-0.30996203,1.267345,0.33275685,-0.45911214,1.5402617,-0.20324773,-0.15597701,-0.6154766,-0.9535958,-1.3610203,0.06943957,-0.7635146,-0.26085445,-1.0912341,-0.67585814,-0.7877045,-1.0994222,0.2297098,-0.7087455,-0.7953211,-0.5578711,-0.53406703,0.14305046,-0.14305046,1.6682161,-1.3850869,0.39157504,1.2030246,0.5371784,-0.48153573,-1.1295412,-0.7344962,-0.61805576,1.2953411,-0.4707218,-0.6346283,-0.58778524,-0.809017,-0.5,0.8660254,-0.8660254,-0.5,0.0,0.0,1.0,0.0,0.0
2024-11-22 12:00:00,3.0,-0.17539759,-0.20773949,1.1485261,0.7447383,-0.9520664,-0.92320794,-0.7489451,-0.15802447,-0.9277755,-1.1669567,-1.5173936,-0.48769462,-0.776151,-0.2866936,-1.0201181,-0.037613757,-0.8631388,-1.0428889,0.22200768,-0.7423233,-0.79817027,-0.56924766,-1.2120184,0.17211732,-0.17211732,0.50727683,-1.6635963,0.27076212,1.5016861,-0.37318695,-0.6243233,-1.1238965,-0.7432545,-1.1974831,1.0414158,-0.5026544,-0.5874095,-0.58778524,-0.809017,-0.5,0.8660254,-0.8660254,0.5,0.0,0.0,1.0,0.0,0.0
2024-11-22 16:00:00,3.0,-0.29448247,0.7849443,1.3484687,-1.4456277,1.3683003,1.5479019,1.2485973,-0.96058464,-0.47788537,-0.83912826,-1.2551727,0.30595177,-0.9173866,-0.4043545,-0.7849652,0.14302923,-0.9078785,-1.1328416,0.29870087,-0.9220318,-0.86781144,-0.91784513,1.2147769,0.3866944,-0.3866944,0.15644316,-2.2251613,0.23514016,1.0104601,-0.006061122,-0.7974431,-1.1016154,-0.8125002,-1.7769103,-0.28430578,-0.7489229,-0.58324903,-0.95105654,0.309017,-0.5,0.8660254,1.2246469e-16,-1.0,0.0,1.0,0.0,0.0,0.0
2024-11-22 20:00:00,3.0,-0.3432745,-0.44492212,0.31634378,1.0706558,0.13616961,1.6241409,-0.18325064,-0.18128951,-0.4837421,-0.8124908,-1.2165425,0.2680683,-1.1116174,-0.564248,-0.736351,-0.059331715,-0.8509501,-1.0682275,0.2614019,-1.1812402,-0.98011696,-1.1475157,0.35344705,0.68044424,-0.68044424,0.27534854,-2.3562965,0.04724323,0.9424757,0.31223407,-1.1817399,-1.0692042,-0.91896534,-2.3563375,-0.4680566,-1.0805558,-0.5852878,-0.95105654,0.309017,-0.5,0.8660254,-0.8660254,-0.5,0.0,0.0,1.0,0.0,0.0
2024-11-25 12:00:00,3.0,0.10617769,1.182232,-0.5357297,-0.6559301,-0.8104131,-1.0836374,-0.81075746,-0.11925196,-0.78372395,-1.0123662,-1.3611667,-0.2597818,-0.8431677,-0.42738223,-0.6737171,-0.49742568,-0.71666384,-1.0383673,0.26228154,-0.71403486,-0.76330733,-0.9875892,-0.95677185,0.23687613,-0.23687613,-1.0496993,-1.6956732,0.2021163,1.2474736,-0.40918317,-0.7924841,-1.0388,-0.70605385,0.5407988,-0.09503337,-0.5514206,-0.5055408,-0.95105654,0.309017,-0.5,0.8660254,-0.8660254,0.5,0.0,0.0,1.0,0.0,0.0
2024-11-25 16:00:00,3.0,-0.007345315,-1.07855,1.3089558,-1.550817,1.066875,0.76149476,1.0453936,0.6977248,-0.3396912,-0.68957764,-1.1094064,0.5106179,-0.69320935,-0.35605207,-0.4288751,-0.38695735,-0.73725784,-0.7804341,0.36910203,-0.4928867,-0.6650632,-1.0996647,1.1138433,0.39427632,-0.39427632,-0.9432197,-0.9943603,0.0061454764,0.81828743,0.1694173,0.4260136,-0.98932636,-0.6162817,1.0837264,0.29944566,-0.72552824,-0.67970955,0.0,1.0,-0.5,0.8660254,1.2246469e-16,-1.0,0.0,1.0,0.0,0.0,0.0
2024-11-25 20:00:00,3.0,0.31786838,0.9542815,-0.0516479,-0.53292793,0.15598527,1.2230797,-0.10003117,-0.15365347,-0.37043244,-0.68344843,-1.0946183,0.4402659,-0.24937364,-0.09475958,-0.19408892,-0.123576246,-0.10927546,-0.61882883,0.5418265,0.2592023,-0.36049354,-0.9271551,0.31871593,-0.2908121,0.2908121,-0.58538264,-0.31923378,0.47067162,0.8615827,0.53711444,0.18050104,-0.9042564,-0.3041622,1.5959752,1.1499382,0.080421895,-0.777797,0.0,1.0,-0.5,0.8660254,-0.8660254,-0.5,0.0,0.0,1.0,0.0,0.0
2024-11-26 12:00:00,3.0,0.27952304,0.9608474,0.23618762,-0.8245531,0.174604,0.6913371,-0.372919,-0.1745063,-0.4128712,-0.6920999,-1.0907298,0.35763234,0.12772238,0.14869207,0.07503361,0.19281001,0.23419161,-0.7178173,0.5306594,0.8588799,-0.06158909,-0.7721275,0.21789943,-0.92821443,0.92821443,-0.56461847,0.2586022,0.93831474,0.9124615,0.06938941,0.877483,-0.8809805,-0.01144314,2.0613976,1.2652774,0.831095,0.76842046,0.0,1.0,-0.5,0.8660254,-0.8660254,0.5,0.0,0.0,1.0,0.0,0.0
2024-11-26 16:00:00,3.0,0.21595825,-0.3480886,-1.00202,2.710052,0.64833194,-0.2763913,-0.5045237,0.4001657,-0.30081695,-0.59326303,-1.0055369,0.521555,0.43538722,0.364524,0.33865154,0.5068883,0.30539373,-0.48781496,0.6839432,1.1572249,0.13678797,-0.70500493,0.8418423,-1.094745,1.094745,-1.1088033,0.6010939,1.0649537,0.82675606,0.19011156,1.07562,-0.7021783,0.19478919,2.4322276,1.4090196,1.0154738,0.6984494,0.95105654,0.309017,-0.5,0.8660254,1.2246469e-16,-1.0,0.0,1.0,0.0,0.0,0.0
2024-11-26 20:00:00,3.0,-0.62012243,-1.095896,-1.085089,0.83819413,0.038008533,0.24156365,-0.04132443,-0.17806007,-0.35262218,-0.5982422,-0.9815139,0.3886395,-0.21702076,-0.09957749,0.36188075,0.10523307,-0.29919982,-0.61589473,0.6075954,0.406395,-0.23345149,-1.0603734,0.13165043,-0.5372553,0.5372553,-0.14827476,0.09684695,0.611581,0.76171696,0.47204396,0.6186704,-0.6948695,-0.17853157,-0.7210892,0.064369895,0.3783823,0.62322634,0.95105654,0.309017,-0.5,0.8660254,-0.8660254,-0.5,0.0,0.0,1.0,0.0,0.0
2024-11-27 12:00:00,3.0,-0.5983045,-1.5467086,-1.0490742,-0.54114294,-0.593415,-0.7968825,-0.54393744,-0.17915821,-0.56912804,-0.731965,-1.0564303,-0.0070646177,-0.8235881,-0.5720882,0.23829083,-0.2281867,-0.45331407,-0.9093792,0.32911435,-0.20880185,-0.54568994,-1.3432081,-0.6025628,0.05186415,-0.05186415,0.3025112,-0.1898618,-0.014379128,0.86739504,-0.19106998,-0.0014449247,-0.6854395,-0.49482542,-1.2080263,-1.0763892,-0.27670693,0.39286122,0.95105654,0.309017,-0.5,0.8660254,-0.8660254,0.5,0.0,0.0,1.0,0.0,0.0
2024-11-27 16:00:00,3.0,1.2400855,1.4142298,-1.3543998,-0.42131355,2.514058,0.6846634,0.37852424,-0.5948106,0.33527127,-0.091083586,-0.5932448,1.3815929,0.37431225,0.34721395,0.46968374,0.30126578,0.12473542,-0.5773847,0.54690933,1.3984118,0.26928446,-0.8936017,1.5351748,-1.2817545,1.2817545,0.9647035,0.46036816,1.4129103,0.28585005,0.67361397,0.70856464,-0.7205772,0.32197186,0.36703643,-0.101898886,1.2211455,-0.8415517,0.58778524,-0.809017,-0.5,0.8660254,1.2246469e-16,-1.0,0.0,1.0,0.0,0.0,0.0
2024-11-27 20:00:00,3.0,-0.52413064,-0.9941965,0.70299447,-0.796624,-0.43183753,0.75620794,-0.22175808,-0.16594298,0.02529439,-0.23764983,-0.65931994,0.82699865,-0.097293824,-0.050765567,0.52082974,-0.15750273,0.029733432,-0.68032134,0.4271608,0.7774303,0.044655774,-1.0978863,-0.20520943,-0.5949389,0.5949389,1.0392851,-0.11157105,0.6940885,0.37201816,0.46784753,1.2296295,-0.600112,0.066960625,-0.65570813,0.14270468,0.49308798,-0.8054173,0.58778524,-0.809017,-0.5,0.8660254,-0.8660254,-0.5,0.0,0.0,1.0,0.0,0.0
2024-11-29 12:00:00,3.0,-0.24804941,-0.3089238,0.45262218,1.3951255,-1.1064502,-1.6395879,-0.82326,-0.16988452,-0.48043278,-0.56636125,-0.8733796,0.00673241,-0.18061846,-0.14140043,0.5320927,-0.41991198,0.07154054,-0.61288404,0.67630434,0.5565712,0.05977015,-1.1092867,-1.4296242,-0.4177523,0.4177523,0.98621243,-0.25949287,0.58811724,0.7389235,-0.10309536,0.67718357,-0.50611216,0.117045976,-1.1688823,0.748245,0.431523,-0.7714927,0.58778524,-0.809017,-0.5,0.8660254,-0.8660254,0.5,0.0,0.0,1.0,0.0,0.0
2024-11-29 16:00:00,3.0,-0.05652921,0.58437943,0.2945178,0.23666923,-0.27634758,0.044384778,1.115006,-0.30725715,-0.5685539,-0.63159585,-0.91017574,-0.107788704,-0.082933865,-0.072804615,0.51601225,-0.09896237,0.0076822625,-0.5503113,-0.48860863,0.51828974,0.11898748,-1.1005372,-0.07770005,-0.56609344,0.56609344,0.87882143,0.3591777,0.755461,0.84814185,-0.14859697,0.51481616,-0.4965925,0.17677957,0.41306365,-0.52323484,0.5628668,-0.7785882,-0.95105654,0.309017,-0.5,0.8660254,1.2246469e-16,-1.0,0.0,1.0,0.0,0.0,0.0
2024-12-02 12:00:00,3.0,0.27234128,1.2301935,-0.41873285,-0.973639,-0.617729,-1.5404862,-0.73286766,-0.087828614,-0.7531706,-0.7717483,-1.0073849,-0.3965083,0.2523186,0.20124702,0.58671224,0.3844434,0.101814605,-0.5024437,-0.16142629,0.71233207,0.44031852,-0.8978465,-0.49186864,-1.1173316,1.1173316,0.6709767,0.6283174,1.50041,1.1194254,-0.111511745,0.65990806,-0.47703427,0.5483052,0.91069293,0.3871256,1.0607656,-0.77820235,-0.95105654,0.309017,-0.5,0.8660254,-0.8660254,-0.5,0.0,0.0,1.0,0.0,0.0
2024-12-02 16:00:00,3.0,-0.9372702,-1.5948669,-0.7162661,-0.9042418,0.9620645,-0.01183518,0.8332001,0.38380206,-0.34943786,-0.5180752,-0.81738055,0.34511095,-0.69399124,-0.6145043,0.38293427,-0.8136175,-0.3477642,-0.31100872,-0.46345156,0.009377935,-0.24284048,-1.3871822,1.3208221,0.21463042,-0.21463042,-0.21650718,0.07162978,-0.5320179,0.6772708,-0.69151443,0.3345203,-0.51609856,-0.15797329,-0.64648247,-0.5884687,-0.16536151,-2.2563658,0.0,1.0,-2.4492937e-16,1.0,1.2246469e-16,-1.0,0.0,1.0,0.0,0.0,0.0
2024-12-02 20:00:00,3.0,0.84543884,1.0833054,-0.6167146,-0.4405222,0.946341,0.5549133,-0.110338345,-0.09599104,-0.00056144525,-0.29753962,-0.67377853,0.91634434,0.064721346,0.037198223,0.4514945,-0.0894924,-0.17919123,0.05648276,-0.12410476,0.71774036,0.21486676,-1.0104554,1.3290154,-0.87273216,0.87273216,0.5158928,0.71140933,1.2299592,0.5365409,-0.17947565,0.42176223,-0.54876906,0.28008288,0.38529316,0.17088889,0.85754627,-1.8801568,0.0,1.0,-2.4492937e-16,1.0,-0.8660254,-0.5,0.0,0.0,1.0,0.0,0.0
2024-12-03 12:00:00,3.0,-0.19982238,-0.10749463,-0.24213426,2.421309,-0.9183067,-1.2622048,-0.72682893,-0.12221983,-0.45059964,-0.5577601,-0.83354783,0.17747463,0.06211778,0.019747406,0.49287823,-0.03867523,-0.33877626,-0.001333498,-0.39015925,0.5936506,0.17418292,-0.9461432,-0.8061102,-0.8317972,0.8317972,0.5525992,0.90732,1.155681,0.8759925,0.02794498,0.5133816,-0.5184871,0.31515005,0.8968109,-0.22016588,0.83967257,-1.7471762,0.0,1.0,-2.4492937e-16,1.0,-0.8660254,0.5,0.0,0.0,1.0,0.0,0.0
2024-12-03 16:00:00,3.0,-1.0030451,-1.1030412,-1.2626029,1.0002772,1.6639403,-0.07234088,0.4013089,0.113752656,0.3634535,-0.03691632,-0.47798914,1.319985,-0.9077285,-0.89910537,0.26918066,-0.51688206,-0.4220047,-0.49075648,-0.5812861,-0.18550365,-0.5052037,-1.4793043,1.6478716,0.20846352,-0.20846352,1.1165748,0.39882186,0.017898345,0.178531,0.9765773,-0.13602264,-0.5743773,-0.40669066,-0.67043144,-0.24616274,-0.16776963,-1.9396616,0.95105654,0.309017,-2.4492937e-16,1.0,1.2246469e-16,-1.0,0.0,1.0,0.0,0.0,0.0
2024-12-03 20:00:00,3.0,-0.59660065,-1.0277916,-0.43105853,0.39545235,-0.37994173,0.8071747,-0.011771963,-0.14077911,0.061981037,-0.16669665,-0.53447175,0.7834625,-1.3265039,-1.3469971,0.041821364,-0.9478046,-0.37520343,-0.56346637,-0.9878749,-0.6022311,-0.77984476,-1.6291271,-0.0071597314,0.7276763,-0.7276763,0.90240216,-0.2978976,-0.6947825,0.2690846,1.0287113,-0.504517,-0.14544201,-0.7109277,-1.1546373,-1.5986885,-0.6499516,-1.8260996,0.95105654,0.309017,-2.4492937e-16,1.0,-0.8660254,-0.5,0.0,0.0,1.0,0.0,0.0
2024-12-04 12:00:00,3.0,-0.66730666,-1.5551318,-0.5816803,-0.96669805,-0.7166443,-1.0672961,-0.7098161,-0.09982533,-0.31000724,-0.37345082,-0.64181775,0.18780544,-1.7613819,-1.837822,-0.24155416,-0.8123487,-1.1281343,-0.66456074,-1.3483136,-1.0909241,-1.1019713,-1.8015361,-0.4526376,1.3184237,-1.3184237,0.6684276,-0.5921484,-1.6133177,0.44414598,0.15959613,-0.90752584,-0.10821967,-1.0211898,-1.6221464,-2.0678768,-1.20251,-1.7633615,0.95105654,0.309017,-2.4492937e-16,1.0,-0.8660254,0.5,0.0,0.0,1.0,0.0,0.0
2024-12-04 16:00:00,3.0,-1.5704986,-1.044536,0.12818019,-0.28176606,0.615929,0.5953148,0.5290854,-0.86839026,0.25663114,0.020987362,-0.35312584,0.90375113,-2.7240205,-2.9840827,-0.6564175,-1.9692132,-1.4321585,-0.9401894,-1.9679546,-2.3347614,-1.8700441,-2.3194063,0.9792369,2.7677124,-2.7677124,-0.30077615,-1.1983523,-3.0,-0.20910174,0.21746397,-2.1870143,-0.62387717,-1.8445683,-2.0153124,-2.2188768,-2.7098405,-2.0362988,0.58778524,-0.809017,-2.4492937e-16,1.0,1.2246469e-16,-1.0,0.0,1.0,0.0,0.0,0.0
2024-12-04 20:00:00,3.0,0.11051906,0.42543906,-0.80277723,1.7316428,-0.32859924,1.2292154,-0.15029317,-0.087020114,-0.004685181,-0.11560587,-0.42226982,0.49899626,-2.3364172,-2.6081831,-0.8830991,-1.7692734,-1.2934191,-0.8136949,-2.1456661,-2.0835855,-1.6952751,-2.1142123,0.1192869,2.151335,-2.151335,-0.057477485,-0.5598665,-2.7561421,-0.043935355,0.49577892,-2.3430088,-0.7201691,-1.6861814,0.44310662,-1.4265406,-2.5564852,-1.9509512,0.58778524,-0.809017,-2.4492937e-16,1.0,-0.8660254,-0.5,0.0,0.0,1.0,0.0,0.0
2024-12-05 12:00:00,3.0,-0.44076928,-0.92109495,0.26534545,-0.0935896,-0.70801157,-1.0806954,-0.7185009,-0.09985698,-0.34782898,-0.32737395,-0.53639746,-0.023924101,-2.3796544,-2.6689577,-1.0862347,-1.4813927,-1.4061401,-0.9370014,-2.0189085,-2.2286234,-1.8386476,-2.1459625,-0.33101222,2.3101928,-2.3101928,-0.09679332,-1.1106956,-3.0,0.14894168,-0.6219382,-2.2065852,-0.6943267,-1.8285441,-0.5415747,-1.1158875,-2.6714625,-1.8642303,0.58778524,-0.809017,-2.4492937e-16,1.0,-0.8660254,0.5,0.0,0.0,1.0,0.0,0.0
2024-12-05 16:00:00,3.0,-0.017428225,0.070052475,1.8500688,0.34346935,-0.4668223,0.9589932,0.5734585,-0.030458067,-0.5309647,-0.46610537,-0.61994016,-0.29299057,-2.1446598,-2.4332018,-1.1285573,-1.1993458,-1.4730575,-0.932038,-1.9851185,-2.0016932,-1.720383,-1.9979153,-0.24365254,2.0715954,-2.0715954,0.09033156,-0.22775888,-2.830943,0.34618932,-0.6254238,-1.9723113,-0.86669266,-1.7056837,0.44310662,0.28665385,-2.3756452,-1.9077854,-0.58778524,-0.809017,-2.4492937e-16,1.0,1.2246469e-16,-1.0,0.0,1.0,0.0,0.0,0.0
2024-12-05 20:00:00,3.0,-0.62002456,-0.9822334,0.066791385,-0.17193161,-0.39011046,0.2832925,-0.53166527,0.06732704,-0.68954635,-0.5727825,-0.68388706,-0.42786375,-2.2771523,-2.5416386,-1.1831893,-1.155338,-1.3238212,-1.1272795,-3.0,-2.095401,-1.883078,-2.050257,-0.10450375,2.2906842,-2.2906842,0.13857153,-0.9563823,-3.0,0.41343033,-0.42354485,-2.0384693,-0.85356027,-1.8838518,-0.5196872,-0.27680108,-2.5629177,-1.6230158,-0.58778524,-0.809017,-2.4492937e-16,1.0,-0.8660254,-0.5,0.0,0.0,1.0,0.0,0.0
2024-12-06 12:00:00,3.0,-0.12358696,-0.34208438,2.195793,-0.46032172,-0.7927527,-1.3947916,-0.9148948,0.13329695,-1.1561531,-0.87109166,-0.8683717,-0.91904646,-2.2061758,-2.4263303,-1.2254995,-0.45934463,-1.6564217,-1.2378256,-3.0,-1.8886572,-1.873308,-1.9852667,-0.76920354,2.2053254,-2.2053254,-1.2744474,-1.1589007,-3.0,0.8126253,-1.2496018,-1.843628,-0.8305101,-1.9012486,-0.9834722,-0.032524407,-2.4392622,-1.5652418,-0.58778524,-0.809017,-2.4492937e-16,1.0,-0.8660254,0.5,0.0,0.0,1.0,0.0,0.0
2024-12-06 16:00:00,3.0,1.8168479,1.7001677,-1.0818568,-1.3622571,0.89989305,-0.14040528,0.61440957,-0.33392346,-0.36659196,-0.5053199,-0.7003196,0.25555694,-1.1022316,-1.53517,-0.6883064,0.17749053,-1.1948218,-1.0362287,-2.8563476,-0.8671664,-0.9328136,-1.3937047,1.2059386,1.022668,-1.022668,0.13934861,-0.38781753,-1.3602824,0.5592063,-0.5281319,-1.1803166,-1.1317892,-0.9359285,0.5602757,1.5182503,-1.2118304,-1.4224868,-0.95105654,0.309017,-2.4492937e-16,1.0,1.2246469e-16,-1.0,0.0,1.0,0.0,0.0,0.0
2024-12-06 20:00:00,3.0,-0.44404247,-0.8141684,0.72319084,-0.33103305,-0.48733678,0.18042977,-0.19787444,0.13398011,-0.7688933,-0.74191505,-0.83496624,-0.14743769,-1.2518505,-1.6517991,-0.45818543,0.29107735,-0.98567843,-0.9557597,-2.482627,-0.99158794,-1.059623,-1.4445918,-0.24930793,1.2064358,-1.2064358,0.1591503,-1.053828,-1.6792145,0.80806357,-0.41806763,-0.87673944,-1.3499242,-1.0664713,-0.4740794,1.5442896,-1.3907967,-1.3173277,-0.95105654,0.309017,-2.4492937e-16,1.0,-0.8660254,-0.5,0.0,0.0,1.0,0.0,0.0
2024-12-09 12:00:00,3.0,-0.33329126,-1.2675136,-1.096306,0.00902715,-1.0949821,-1.4683336,-0.97047126,0.09372995,-1.6928687,-1.327381,-1.1636552,-1.0814924,-1.3513547,-1.7162739,-0.35091203,0.17742598,-0.8874747,-0.8576963,-2.4605927,-1.0730971,-1.2021775,-1.4746791,-1.4294635,1.3141502,-1.3141502,0.27403876,-1.1892376,-2.0825598,1.5980089,-0.8384087,-1.0071626,-1.6150165,-1.2289174,-0.96029633,1.3367649,-1.5003779,-1.264263,-0.95105654,0.309017,-2.4492937e-16,1.0,-0.8660254,0.5,0.0,0.0,1.0,0.0,0.0
2024-12-09 16:00:00,0.0,-0.15522699,-0.6202466,0.5423071,0.25124446,1.2762891,0.49216342,1.4499665,1.2535439,-0.5017431,-0.73793876,-0.8825326,0.21220335,-1.3567083,-1.6910455,-0.105943434,0.426039,-0.70959276,-1.2852416,-2.2706075,-1.0145364,-1.0815783,-1.4418757,1.14258,1.3227364,-1.3227364,0.64115,-1.6790081,-1.7706821,0.7293213,0.064755455,-0.8877697,-1.429475,-1.0824127,-1.4339873,-0.37380862,-1.497632,-0.40391338,0.0,1.0,-2.4492937e-16,1.0,1.2246469e-16,-1.0,0.0,1.0,0.0,0.0,0.0
2024-12-09 20:00:00,0.0,-1.3143824,-1.4733242,-0.8526335,-0.90030783,0.3141983,1.4179285,-0.008017991,0.07408231,-0.23811413,-0.58068764,-0.7971583,0.42440274,-1.9095373,-2.177489,-0.1841704,-0.17881401,-0.46223953,-1.3868645,-2.6629446,-1.4519557,-1.533227,-1.6956677,0.7109225,1.9438705,-1.9438705,1.1675949,-2.0024464,-2.4042397,0.2739737,0.73764306,-1.245927,-1.3702918,-1.5151337,-1.8468467,-0.98262185,-2.0972629,-0.19568603,0.0,1.0,-2.4492937e-16,1.0,-0.8660254,-0.5,0.0,0.0,1.0,0.0,0.0
2024-12-10 12:00:00,0.0,-0.49788108,-0.77893037,-0.1978667,0.36788553,-0.26669538,-0.7484982,-0.8653787,0.180247,-0.43316922,-0.70293003,-0.87291163,0.21760467,-2.034079,-2.2644973,-0.30471155,-1.42032,-0.700528,-1.4748518,-2.4884176,-1.4759895,-1.642221,-1.7509723,0.075138144,1.6785935,-1.6785935,-1.0642674,-1.7990507,-2.581078,0.30287674,-0.16462255,-1.4305387,-1.3335066,-1.6758779,-2.2098958,-1.0529281,-1.8773537,-0.17511861,0.0,1.0,-2.4492937e-16,1.0,-0.8660254,0.5,0.0,0.0,1.0,0.0,0.0
2024-12-10 16:00:00,0.0,1.9840561,1.5419344,-1.3135821,-0.73762614,2.1277483,0.15637158,0.13030495,-1.2492445,1.5539703,0.64543784,-0.22578657,1.870707,-0.8781664,-1.3837458,0.24762277,-0.14520904,0.12843552,-1.098015,-1.9947942,-0.4969053,-0.5552779,-1.191705,1.7314562,-0.021309601,0.021309601,0.821802,-1.0327823,-0.9560185,-0.7507,1.6125656,-0.9722975,-1.2101935,-0.5344181,0.599109,0.6908337,-0.67713,-0.321725,0.95105654,0.309017,-2.4492937e-16,1.0,1.2246469e-16,-1.0,0.0,1.0,0.0,0.0,0.0
2024-12-10 20:00:00,0.0,0.40795526,0.38979545,1.2904701,0.097804986,0.25715822,0.8459222,-0.03906693,0.15710498,1.5291384,0.8625791,-0.11450092,1.6479548,-0.6627701,-1.1980798,0.64865005,0.24673273,0.32467496,-1.1381733,-2.12763,-0.2245725,-0.29383886,-1.0809759,0.87945473,-0.74258304,0.74258304,0.840666,-0.2919974,-0.70487714,-0.8457776,2.5768907,-0.27774924,-1.1687137,-0.29777005,1.0571817,1.7988338,-0.48013362,-0.49595255,0.95105654,0.309017,-2.4492937e-16,1.0,-0.8660254,-0.5,0.0,0.0,1.0,0.0,0.0
2024-12-11 12:00:00,0.0,0.46550852,0.7600476,-0.687795,0.7901787,-0.5909819,-1.3636241,-0.96372217,0.14523873,0.6580717,0.38979864,-0.36988407,0.8823085,-0.40842807,-0.98592705,1.0372217,0.58644533,0.7742205,-0.8150958,-1.8863955,0.06763534,-0.005259648,-0.9528493,-0.3083631,-1.0984076,1.0984076,0.87788415,0.0619632,-0.53274286,-0.27404204,1.124724,-0.076360874,-1.1613859,0.014110622,1.4692013,2.2716954,-0.23519431,-0.40052435,0.95105654,0.309017,-2.4492937e-16,1.0,-0.8660254,0.5,0.0,0.0,1.0,0.0,0.0
2024-12-11 16:00:00,3.0,1.1084712,0.39192376,0.647273,0.6268159,1.688,0.679182,1.0790156,1.1138868,2.0697,1.7020055,0.38838515,1.8686169,0.13170205,-0.5443503,1.4902138,1.8331951,1.2687213,-0.89688504,-1.7307107,0.7901407,0.55646265,-0.7193058,1.5650488,-0.8326413,0.8326413,0.13565925,0.7890208,0.21178578,-1.2259045,1.9325908,0.6634651,-0.79100215,0.61746335,1.854992,1.3478448,0.28418195,-0.006598765,0.58778524,-0.809017,-2.4492937e-16,1.0,1.2246469e-16,-1.0,0.0,1.0,0.0,0.0,0.0
2024-12-11 20:00:00,3.0,-0.3518896,-0.45760113,0.93194264,0.31886634,-0.51254004,-0.30604497,-0.59572685,0.07542935,1.1736792,1.2075089,0.21184894,1.1003481,-0.02951259,-0.6626529,1.6962303,1.8561107,0.34499002,-0.9420242,-1.5726217,0.8244048,0.54638803,-0.7537514,-0.12454337,-0.6813712,0.6813712,-0.04945093,0.37997136,0.017500192,-0.87045175,1.6179961,0.8844006,-0.779245,0.5610905,-0.38894993,0.8341708,0.16541801,0.029266903,0.58778524,-0.809017,-2.4492937e-16,1.0,-0.8660254,-0.5,0.0,0.0,1.0,0.0,0.0
2024-12-12 12:00:00,3.0,0.16416034,0.9822099,-0.22903378,-0.1640945,-1.4095651,-1.5473269,-0.888477,0.07038822,-0.42027593,-0.1456664,-0.6233799,-0.18906955,0.095621936,-0.55502146,1.86343,0.89437187,0.60271657,-0.61520964,-1.4720867,1.0399225,0.8077074,-0.65576845,-1.5508156,-0.7859117,0.7859117,-1.0187122,0.7611402,-0.0145414565,0.54962975,-0.61765414,0.9724002,-0.7804975,0.849784,0.4881494,0.642129,0.7330109,-0.00041739983,0.58778524,-0.809017,-2.4492937e-16,1.0,-0.8660254,0.5,0.0,0.0,1.0,0.0,0.0
2024-12-12 16:00:00,3.0,1.0127814,0.5004223,-1.3922014,2.1935318,-0.22455724,-0.69021505,0.3586834,1.5895607,-0.6069683,-0.42631721,-0.8833315,-0.31097317,0.612101,-0.12476335,2.063023,1.1863729,1.1459528,-0.19674996,-1.3446798,1.5586126,1.4304612,-0.36335146,0.20570318,-1.3212308,1.3212308,-0.8371758,1.2780482,0.56352276,1.1395632,-0.8796554,1.3713626,-0.76280683,1.5208182,0.9262321,0.57213837,1.2988489,-0.04917535,-0.58778524,-0.809017,-2.4492937e-16,1.0,1.2246469e-16,-1.0,0.0,1.0,0.0,0.0,0.0
2024-12-12 20:00:00,3.0,-0.53917605,-0.65694046,-0.5875452,1.1973301,-0.31845596,-0.29940227,-0.079145595,-0.034099195,-0.76630294,-0.65223193,-1.0948867,-0.44999006,0.29488572,-0.35509393,1.9935766,0.6888988,0.99649787,-0.08645896,-1.3324753,1.1193194,1.1672275,-0.45929804,-0.06501038,-1.0472646,1.0472646,-0.42728785,0.69161433,0.2691861,1.2791519,-0.7159227,1.2035165,-0.7514633,1.233153,-0.41829836,0.38633734,1.0394043,0.081098996,-0.58778524,-0.809017,-2.4492937e-16,1.0,-0.8660254,-0.5,0.0,0.0,1.0,0.0,0.0
2024-12-13 12:00:00,3.0,-0.30280638,-0.9396209,-0.4257375,0.19834241,-1.1560411,-1.4548936,-0.91400903,0.08751269,-1.687361,-1.6072572,-1.9397233,-1.330493,0.13807072,-0.46713528,1.8837924,-0.008227647,1.3831697,0.51782495,-1.3786002,0.8284488,1.0507634,-0.46561956,-1.3333029,-0.90427774,0.90427774,-0.51217717,0.4044785,0.009733945,2.4244199,-2.0537028,0.889527,-0.75021136,1.1429604,-0.84056807,0.044277728,0.90815663,1.083372,-0.58778524,-0.809017,-2.4492937e-16,1.0,-0.8660254,0.5,0.0,0.0,1.0,0.0,0.0
2024-12-13 16:00:00,3.0,1.1384773,0.1645604,1.0333463,0.96108913,0.09607327,0.079905294,1.1178949,2.272468,-1.023036,-1.1753912,-1.71169,-0.5900707,0.7562788,0.048421565,1.871461,0.7276201,1.9624901,0.85777825,-1.1380787,1.2196764,1.5929687,-0.11668923,0.26203743,-1.0331267,1.0331267,-0.1533235,1.0661325,0.8010981,2.0700097,-1.4954743,1.1949441,0.27128342,1.6609509,0.48318645,0.13806044,1.0631083,0.99798095,-0.95105654,0.309017,-2.4492937e-16,1.0,1.2246469e-16,-1.0,0.0,1.0,0.0,0.0,0.0
2024-12-13 20:00:00,3.0,-1.1353594,-1.4390278,-0.1428145,-1.4511373,-0.026968071,-0.14606948,-0.3893736,0.066241704,-0.87644905,-1.083574,-1.6424738,-0.4469705,-0.010839494,-0.53985703,1.5828202,0.07941471,0.7381728,0.81196445,-1.2780704,0.56712466,0.81739825,-0.43908492,0.26619285,-0.5399835,0.5399835,0.55211455,0.48019058,0.14087014,1.6333085,-0.7186587,0.7462122,0.47398472,0.89451873,-0.39424875,-0.36212775,0.56544435,0.90889627,-0.95105654,0.309017,-2.4492937e-16,1.0,-0.8660254,-0.5,0.0,0.0,1.0,0.0,0.0
2024-12-16 12:00:00,3.0,0.14671873,0.9384126,0.13473965,-0.30265495,-1.1882012,-1.5179238,-0.9694006,0.007643421,-1.8155284,-1.9889231,-2.530784,-1.4429653,0.11745147,-0.42384297,1.455159,-0.34704933,0.64344776,0.98108995,-1.0647432,0.5683451,0.93182886,-0.29645574,-1.4332296,-0.617814,0.617814,0.013686045,0.81166273,0.1553821,2.8505046,-1.2613564,0.4776213,0.78202903,1.0294925,0.48318645,-0.027825326,0.6549768,1.0081514,-0.95105654,0.309017,-2.4492937e-16,1.0,-0.8660254,0.5,0.0,0.0,1.0,0.0,0.0
2024-12-16 16:00:00,3.0,1.2478518,1.1828016,-0.4522851,-0.5099667,0.8499808,1.1601481,2.3998008,-0.09599023,-0.74791783,-1.1749024,-1.8814967,-0.1763923,0.7839755,0.15537302,1.4709195,0.5442272,0.94654435,1.6922373,-0.86812437,1.0325086,1.4479425,0.08069072,0.8809534,-1.102341,1.102341,0.5127244,1.6756096,1.0653069,1.9641348,-0.4615406,0.75353587,1.2169282,1.4698731,0.8988642,0.01744391,1.1573373,1.2084731,0.0,1.0,-2.4492937e-16,1.0,1.2246469e-16,-1.0,0.0,1.0,0.0,0.0,0.0
2024-12-16 20:00:00,3.0,-0.000584762,0.20525505,1.7012001,0.23419866,-0.6303959,1.6041231,-0.09608025,-0.083515815,-1.1750417,-1.5539873,-2.2714777,-0.63827324,0.828344,0.2088167,1.4926953,0.69055533,0.5251481,1.7095509,-1.0172025,0.91820025,1.3598248,0.13855736,-0.7862847,-1.0179274,1.0179274,0.39773443,2.2941408,1.0227702,2.4024177,-0.07505185,0.8723564,1.5172805,1.3612139,1.3121688,0.95579284,1.076987,1.1303041,0.0,1.0,-2.4492937e-16,1.0,-0.8660254,-0.5,0.0,0.0,1.0,0.0,0.0
2024-12-17 12:00:00,3.0,-0.6451433,-1.214403,-0.98596185,0.009196052,-0.7049698,-0.87405545,-1.0284021,-0.07758996,-1.5830988,-1.9295828,-2.623969,-1.1136525,0.3910977,-0.115300946,1.3272978,-0.18797937,0.41465843,0.73005605,-0.96349186,0.5472437,0.9615102,-0.030437147,-0.7730695,-0.5284011,0.5284011,0.4299751,1.7672639,0.62109005,2.7120986,-0.8142647,0.56261384,1.7518554,0.9866412,-0.4471637,0.30976632,0.81879026,0.9714284,0.0,1.0,-2.4492937e-16,1.0,-0.8660254,0.5,0.0,0.0,1.0,0.0,0.0
2024-12-17 16:00:00,3.0,1.3657459,1.2257291,-0.5317314,-0.5431344,1.1982473,2.3726616,2.4709227,-0.32225883,-0.30847186,-0.9147042,-1.7610624,0.4301132,1.0808752,0.5202861,1.3340917,1.0481005,0.8680243,1.4025242,-0.7777484,0.9908931,1.4844824,0.38201037,1.3402374,-0.95245326,0.95245326,0.09854689,2.30943,1.0819501,1.6430442,0.077434175,0.7840508,1.7515678,1.3924487,0.4325026,0.33590716,1.0982423,0.39669183,0.95105654,0.309017,-2.4492937e-16,1.0,1.2246469e-16,-1.0,0.0,1.0,0.0,0.0,0.0
2024-12-17 20:00:00,3.0,-0.94857264,-0.9717432,0.38509926,-0.6165845,0.19475861,1.7045907,-0.40687695,-0.038765907,-0.08865406,-0.6464217,-1.463439,0.6090683,0.43423375,0.0010599409,1.1241063,0.5147015,0.13049242,1.179907,-1.004086,0.52755475,0.8239421,0.04618683,0.7167905,-0.36082482,0.36082482,0.73166436,1.2745323,0.50983936,1.1459125,1.1080006,0.70951086,1.9771967,0.7176192,-0.4273141,-0.45169556,0.7163885,0.55993927,0.95105654,0.309017,-2.4492937e-16,1.0,-0.8660254,-0.5,0.0,0.0,1.0,0.0,0.0
2024-12-18 12:00:00,3.0,0.6686725,1.0892555,0.68877226,-1.1374948,-0.2660242,-0.54120874,-0.99209917,0.007316348,-0.37829837,-0.84358865,-1.6203771,0.2892534,0.80222416,0.34905344,1.0889496,0.22646128,0.58508766,1.4813656,-0.943206,0.7405724,1.1006011,0.35901123,0.041323476,-0.70240474,0.70240474,0.2609681,1.4486371,0.9433736,1.4721702,0.18070976,0.74714637,1.9508686,1.0038606,0.47805527,0.45153722,1.0016707,0.5841512,0.95105654,0.309017,-2.4492937e-16,1.0,-0.8660254,0.5,0.0,0.0,1.0,0.0,0.0
2024-12-18 16:00:00,0.0,1.9766405,1.4145124,-0.6696603,-0.8888839,0.95131844,1.490165,1.2753743,0.9036149,0.5326262,-0.075655475,-0.9790077,1.3140064,1.6410623,1.2413771,1.3134798,1.23217,1.444955,2.5619507,-0.66890955,1.4166996,1.8087687,1.1006955,0.9067126,-1.0415902,1.0415902,1.3552314,1.9564041,1.1658553,1.0393599,1.3309351,1.3953593,1.6951283,1.598514,0.9615752,0.6089181,1.1535447,0.56369215,0.58778524,-0.809017,-2.4492937e-16,1.0,1.2246469e-16,-1.0,0.0,1.0,0.0,0.0,0.0
2024-12-18 20:00:00,1.0,-3.0,-1.5526054,-0.9252001,-1.155172,2.8573043,1.5175983,-0.22585797,-0.18026999,3.0,2.9903152,2.111163,3.0,-0.75220567,-1.1343246,0.56909645,-0.5901074,-0.5838644,1.2194557,-1.0984714,-0.45431408,-0.43237263,-0.7150311,1.692958,1.4436255,-1.4436255,2.629912,1.0940439,-0.672232,-2.0034075,3.0,0.2903769,1.2042588,-0.5799661,-0.41210365,-1.3137885,-0.2207098,2.393747,0.58778524,-0.809017,-2.4492937e-16,1.0,-0.8660254,-0.5,0.0,0.0,1.0,0.0,0.0
2024-12-19 12:00:00,1.0,-2.9068336,-1.663223,-1.3210312,-1.2193633,1.6722348,-0.019009324,-0.82086945,-0.07377031,3.0,3.0,3.0,3.0,-1.9372859,-2.5391116,-0.24652937,-2.865135,-1.499569,-0.746996,-1.4789419,-2.0219684,-1.6166164,-1.8051004,1.5157213,1.8775417,-1.8775417,2.2356403,0.5167682,-1.7734933,-3.0,3.0,-1.7241416,0.16807814,-1.7484109,-0.8699966,-2.8575997,-1.9103637,2.4603758,0.58778524,-0.809017,-2.4492937e-16,1.0,-0.8660254,0.5,0.0,0.0,1.0,0.0,0.0
2024-12-19 16:00:00,4.0,3.0,1.454886,-0.67771846,-0.8735702,1.4495335,1.0913894,0.3888124,3.0,3.0,3.0,3.0,3.0,-0.34086666,-0.8424982,-0.10427401,-0.36190435,0.09153543,0.657239,-0.9330719,-0.02734468,-0.14481188,-0.5220899,1.4681053,0.18010065,-0.18010065,2.7761705,1.2721183,0.14043158,-2.9645033,3.0,-0.5722923,0.09312414,-0.26741657,0.50368226,-1.9753691,-0.18524912,2.3597832,-0.58778524,-0.809017,-2.4492937e-16,1.0,1.2246469e-16,-1.0,0.0,1.0,0.0,0.0,0.0
2024-12-19 20:00:00,4.0,-0.006388014,0.16318446,-0.49276915,2.4391088,-0.3562204,1.4839582,-0.06353442,-0.19592631,2.9992406,3.0,3.0,2.392374,-0.31829908,-0.79145104,-0.07332421,-0.6791383,-0.36947355,0.50076807,-0.59604746,-0.06600571,-0.16681562,-0.46220753,0.09015769,0.16279848,-0.16279848,2.5595143,1.907251,0.089844845,-2.48022,3.0,-0.24833146,0.12446508,-0.27773055,0.93297875,0.43332323,-0.16772735,2.2168686,-0.58778524,-0.809017,-2.4492937e-16,1.0,-0.8660254,-0.5,0.0,0.0,1.0,0.0,0.0
2024-12-20 12:00:00,4.0,-0.7730284,-1.2963394,0.07716702,-1.2624017,-0.4829422,-0.34551412,-0.93181944,-0.15101738,1.9497205,2.6184719,2.8579252,1.3344265,-0.65177363,-1.1389376,-0.19331667,-2.0961895,-0.75815433,-0.23960823,-0.57317466,-0.61681044,-0.51167613,-0.7214016,-0.16535069,0.549503,-0.549503,2.0993912,1.2746737,-0.36348215,-2.1339624,1.970247,-0.45579883,0.15257448,-0.6338378,-0.442211,1.3675148,-0.5613672,2.1404662,-0.58778524,-0.809017,-2.4492937e-16,1.0,-0.8660254,0.5,0.0,0.0,1.0,0.0,0.0
2024-12-20 16:00:00,4.0,1.4812828,1.4552413,-1.5164982,-0.2654121,1.3726488,2.0305457,1.8213063,-2.0495718,2.510717,3.0,3.0,1.7920604,0.007806356,-0.4097511,0.037874524,0.84802836,0.23030385,0.599133,-0.33284432,0.43705204,0.11336674,-0.0889268,1.4633837,-0.26485252,0.26485252,1.384617,1.9354193,0.51061934,-2.194074,0.88328,-0.25728709,0.09842718,-0.018710962,0.4727083,0.37788078,0.26740068,2.0088997,-0.95105654,0.309017,-2.4492937e-16,1.0,1.2246469e-16,-1.0,0.0,1.0,0.0,0.0,0.0
2024-12-20 20:00:00,4.0,0.24046794,0.50432104,2.121049,-0.70464605,-0.34177458,1.1660926,-0.5316587,-0.09753482,1.7716464,2.4219372,2.7446322,1.0528667,0.13381185,-0.25886768,0.21359256,2.5706427,-0.15241353,0.6555864,-0.5072105,0.5542872,0.21515597,0.09034806,0.43534106,-0.42646092,0.42646092,0.16418141,2.023679,0.6199934,-1.8422518,0.014965623,0.9968781,0.11336197,0.08036307,0.930168,0.48879156,0.4319326,1.9158921,-0.95105654,0.309017,-2.4492937e-16,1.0,-0.8660254,-0.5,0.0,0.0,1.0,0.0,0.0
2024-12-23 12:00:00,1.0,-0.46231425,-0.9400128,-0.88852566,0.46581474,-0.7817297,-0.13281174,-0.7925508,0.022401683,0.9748922,1.7756001,2.2154727,0.22862387,-0.07471887,-0.46363986,0.24191995,0.30486465,-0.037589125,0.08495933,-0.5353484,0.19927353,0.028906703,-0.020469526,-0.9071632,-0.21117827,0.21117827,-1.040626,1.3581625,0.3497394,-1.4684402,-0.9567483,0.44520882,-0.4131208,-0.10701235,-0.442211,0.628311,0.21274532,1.8419645,-0.95105654,0.309017,-2.4492937e-16,1.0,-0.8660254,0.5,0.0,0.0,1.0,0.0,0.0
2024-12-23 16:00:00,4.0,-1.6028395,-0.39282095,0.98565364,0.39276195,0.38675255,-0.50935614,-0.5360249,-2.9372172,1.4276654,2.0816824,2.5264976,0.60364145,-0.84213567,-1.2705609,-0.08381338,-0.67997754,-1.1110324,-0.5114364,-0.7713672,-0.9510391,-0.73052365,-0.77248,1.1043136,0.62762743,-0.62762743,-0.5274757,0.9321697,-0.39291286,-1.8377157,-0.5178464,-1.009713,-0.41387227,-0.85615444,-0.89967066,-0.9250315,-0.6411718,1.6671709,0.0,1.0,-2.4492937e-16,1.0,1.2246469e-16,-1.0,0.0,1.0,0.0,0.0,0.0
2024-12-23 20:00:00,3.0,0.8618145,1.636309,-1.1629312,-1.037347,-0.6031036,2.3680522,2.6020844,-0.16374053,0.87998646,1.6046424,2.096273,0.06857448,-0.4020688,-0.810263,-0.123593666,0.3183228,-1.404518,0.017220838,-0.5573764,-0.311048,-0.31655183,-0.28578985,-0.12085346,0.12753081,-0.12753081,-0.47465053,1.5719405,0.017020836,-1.416534,-0.44686493,-0.640662,-0.7222269,-0.42104164,0.44862172,-0.5815877,-0.1320831,1.61731,0.0,1.0,-2.4492937e-16,1.0,-0.8660254,-0.5,0.0,0.0,1.0,0.0,0.0
2024-12-24 12:00:00,3.0,0.22131556,0.70515245,1.9919972,-1.1081216,-0.8986654,-1.1121773,-1.2612727,-0.09884989,0.27762762,1.0781753,1.642191,-0.5415803,-0.26877466,-0.6570863,-0.10283268,-0.45088834,0.29375714,-0.2735071,-0.4417424,-0.124928065,-0.17824437,-0.07937603,-0.98972654,-0.022160804,0.022160804,-0.90788794,1.403674,0.08062108,-0.9865401,-1.0891,-0.0066046226,-0.39743248,-0.28122735,0.8876219,-0.21174446,0.020301247,1.5803883,0.0,1.0,-2.4492937e-16,1.0,-0.8660254,0.5,0.0,0.0,1.0,0.0,0.0
2024-12-24 16:00:00,3.0,1.6025176,1.2713014,-0.8497148,-0.29000807,0.12716697,-0.76961374,0.36750266,1.4187068,0.5782179,1.1800485,1.66438,-0.15088789,0.46440828,0.11402215,0.31454605,0.42063373,2.3873475,0.93689656,-0.1805575,0.9693753,0.6356164,0.7977373,0.93267626,-0.95049685,0.95049685,-0.42742276,1.3306245,1.0877047,-0.86322373,-0.7698798,1.0202146,-0.018448787,0.5729007,1.3285758,1.397815,0.9652432,1.5927459,0.95105654,0.309017,-2.4492937e-16,1.0,1.2246469e-16,-1.0,0.0,1.0,0.0,0.0,1.0
2024-12-26 12:00:00,3.0,0.2958588,1.2445706,-0.20010695,-0.8929414,-1.1846259,-1.2073568,-0.8502978,-0.076085724,-0.09728099,0.6080189,1.1769291,-0.84736174,0.61059576,0.28814974,0.68498516,0.8812416,0.94586104,1.0257081,-0.12699518,0.9988993,0.84367365,1.1443126,-1.5159025,-1.1330656,1.1330656,-0.53943986,1.1876081,1.2672033,-0.31327233,-0.8039298,1.4126681,0.1592755,0.84464484,1.7455851,1.0764827,1.1507314,1.5333235,0.95105654,0.309017,-2.4492937e-16,1.0,-0.8660254,-0.5,0.0,0.0,1.0,0.0,1.0
2024-12-26 16:00:00,3.0,-0.5112446,0.8578908,0.37047422,-0.25506702,-0.95855385,-0.908601,0.22106665,-2.2927566,-0.32909495,0.34026957,0.94716024,-1.0561706,0.34726533,0.042424057,0.76096165,1.5119328,0.68997914,0.3339994,-0.30648163,0.5851522,0.56612575,0.9348312,-1.2961725,-0.8739195,0.8739195,-1.2704296,0.88364846,0.96307373,-0.10875925,-1.1366266,0.8220583,0.17967215,0.5962463,-0.52693295,0.65758944,0.8868857,1.4507489,-0.58778524,-0.809017,-2.4492937e-16,1.0,1.2246469e-16,-1.0,0.0,1.0,0.0,0.0,1.0
2024-12-26 20:00:00,3.0,0.19835597,0.94731855,1.444307,-1.4211398,-1.0889908,-0.79511917,-0.24263176,-0.04087859,-0.79619205,-0.13293959,0.51859504,-1.5149131,0.48108685,0.18731157,0.8657474,1.1070807,1.1560045,0.4323055,-0.3481965,0.6436647,0.7590688,1.2587117,-1.4746394,-1.0331852,1.0331852,-1.298385,0.85415465,1.1141118,0.4713023,-1.2264671,0.88730454,0.4918852,0.82446516,0.43786192,0.0138066,1.0297894,1.426201,-0.58778524,-0.809017,-2.4492937e-16,1.0,-0.8660254,-0.5,0.0,0.0,1.0,0.0,1.0
2024-12-27 12:00:00,3.0,-0.08282827,-0.07182732,0.40611348,2.0761611,-1.234525,-1.1563317,-0.9904963,-0.043315466,-1.2598323,-0.63633895,0.049385246,-1.9771566,0.48937485,0.20242159,0.8997592,0.9293337,0.40291542,0.6106117,-0.43677685,0.53820103,0.78252864,1.452941,-1.6048039,-0.990689,0.990689,-1.2794156,0.68499696,1.0714911,1.1594137,-1.2958068,0.6848229,0.5847688,0.92014354,-0.49272913,-0.14909402,1.0146796,1.3983659,-0.58778524,-0.809017,-2.4492937e-16,1.0,-0.8660254,0.5,0.0,0.0,1.0,0.0,1.0
2024-12-27 16:00:00,3.0,-0.9892459,-0.16850859,2.393565,-0.027369527,0.25182614,-0.6171632,1.6363178,-2.340392,-0.62898445,-0.29041368,0.29215696,-1.0949429,-0.14077665,-0.38959426,0.44631186,-0.6744869,-0.21709938,-0.3551972,-0.49423382,-0.03932034,0.036481433,0.6075881,0.8665045,-0.29980746,0.29980746,-1.724199,0.45070896,0.4031415,0.5015954,-1.1435457,0.16426583,0.50774854,0.18396987,-0.9793301,-0.53184074,0.4900908,1.4343226,-0.95105654,0.309017,-2.4492937e-16,1.0,1.2246469e-16,-1.0,0.0,1.0,0.0,0.0,1.0
2024-12-27 20:00:00,3.0,-0.30364966,-0.5285595,0.21287529,0.93134344,-0.42930606,-0.47832522,-0.17211345,0.12082332,-0.6187268,-0.3628628,0.18808536,-1.0147884,-0.29496932,-0.5283475,0.073407285,-1.0363503,-0.14765358,-0.17981572,-0.4066945,-0.20868228,-0.15796004,0.42186928,0.12819077,-0.12301285,0.12301285,-1.810408,0.21877618,0.20436543,0.4408205,-0.86991304,-0.17949945,0.8133994,-0.003970268,-1.4540488,-0.8393616,0.3479299,1.4003409,-0.95105654,0.309017,-2.4492937e-16,1.0,-0.8660254,-0.5,0.0,0.0,1.0,0.0,1.0
2024-12-30 12:00:00,0.0,0.25886056,0.74164695,0.25429118,0.080416866,-0.7277839,-0.77051336,-0.7643533,-0.05845508,-0.80929404,-0.58706784,-0.06031352,-1.1837432,-0.09940968,-0.3465031,-0.107234016,-0.5728098,0.77835184,-0.28595448,-0.7493989,-0.03418076,0.058190092,0.67598236,-0.79520434,-0.3397876,0.3397876,-1.6482961,0.24861473,0.38673797,0.7280197,-0.8484151,-0.09440799,1.3680599,0.23424292,0.5175428,-0.6265835,0.51910025,1.3490477,-0.95105654,0.309017,-2.4492937e-16,1.0,-0.8660254,0.5,0.0,0.0,1.0,0.0,1.0
2024-12-30 16:00:00,0.0,-1.7475362,0.6007137,-0.9181767,1.4329914,-0.0810423,-0.36600736,0.5128707,-3.0,0.6058481,0.4658716,0.8049058,0.4435934,-1.1715695,-1.4283049,-0.65919423,-1.7249683,-0.54628074,-1.8066988,-1.0401357,-0.98880106,-0.97592163,-0.7146453,0.54957175,1.109351,-1.109351,-1.0689176,0.0144807035,-0.5462318,-0.75665903,0.33984128,-1.2667325,0.3135552,-0.824531,-0.468253,-1.0599395,-0.43195632,1.3444768,0.0,1.0,-2.4492937e-16,1.0,1.2246469e-16,-1.0,0.0,1.0,0.0,0.0,1.0
2024-12-30 20:00:00,0.0,0.17025153,0.35411093,2.793112,-1.3399329,-0.66163075,-0.22582036,-0.15855841,0.11843985,0.09783456,0.122600555,0.50920457,-0.1147848,-1.0152366,-1.2829685,-0.99676704,-1.5408862,-0.5756387,-0.26770172,-0.99679834,-0.8716217,-0.8832985,-0.59517384,-0.75638044,0.9366638,-0.9366638,-0.77055854,0.14965594,-0.52257025,-0.39098912,0.5530828,-0.7876586,0.36328724,-0.74728626,0.4958158,-0.73518354,-0.30446854,1.2131144,0.0,1.0,-2.4492937e-16,1.0,-0.8660254,-0.5,0.0,0.0,1.0,0.0,1.0
2024-12-31 12:00:00,0.0,-0.30484363,-0.88228554,1.4691156,-1.2813051,-0.7110199,-0.73798025,-0.98165685,0.08798626,-0.3389832,-0.21104227,0.2184772,-0.6005013,-1.1599001,-1.4355812,-1.2958128,-1.1255528,-1.5490123,0.8264414,-1.0823078,-1.3212587,-1.1817398,-0.8053646,-1.1627873,1.1337609,-1.1337609,-0.5996261,0.004158304,-0.8503136,-0.06354051,-0.07565453,-1.0284246,0.41062087,-1.0480847,-0.47935522,-1.0796183,-0.7309185,1.0937653,0.0,1.0,-2.4492937e-16,1.0,-0.8660254,0.5,0.0,0.0,1.0,0.0,1.0
2024-12-31 16:00:00,0.0,0.24261832,-0.26102853,2.1984055,-0.45480362,0.08351715,-0.44394022,0.5045844,0.95529747,-0.33654672,-0.2506631,0.14153793,-0.5501424,-0.95008904,-1.2580258,-1.3035232,-0.8118887,-1.5649841,-0.5728043,-1.1423646,-1.0831294,-0.9834506,-0.64578843,0.30724078,0.91496325,-0.91496325,0.113340214,0.13809824,-0.6565876,0.024717981,-0.029596716,-0.8609306,0.41508225,-0.87430996,0.5240571,0.2474813,-0.7584841,1.1100782,0.95105654,0.309017,-2.4492937e-16,1.0,1.2246469e-16,-1.0,0.0,1.0,0.0,0.0,1.0
2024-12-31 20:00:00,0.0,0.37963307,0.7272526,-0.43993628,0.70271385,-0.3062818,-0.0069614076,0.39796457,0.18342508,-0.5234005,-0.43498427,-0.06037795,-0.7215307,-0.6225206,-0.96311444,-1.1667098,-0.73607266,-1.1038377,-0.3916539,-0.79231954,-0.75682527,-0.70772517,-0.37546712,-0.417327,0.5887878,-0.5887878,0.1461537,0.4075054,-0.4131897,0.3201419,0.020096503,-0.8684552,0.44625282,-0.6153142,0.9916316,0.41460872,-0.45335162,1.0951643,0.95105654,0.309017,-2.4492937e-16,1.0,-0.8660254,-0.5,0.0,0.0,1.0,0.0,1.0
2025-01-02 12:00:00,0.0,-0.15014367,-0.5646361,-1.0290645,1.8620588,-0.82344556,-0.40889484,-0.76741683,0.096745916,-0.8728016,-0.7508582,-0.36728066,-1.1092062,-0.7085789,-1.0545641,-1.1198894,0.19725464,-1.2678363,-0.11168101,-1.1754863,-0.9000301,-0.8566308,-0.5027776,-1.2995044,0.6808677,-0.6808677,-1.557226,0.1810129,-0.6605847,0.74539447,-1.0301704,-0.8804596,0.5128071,-0.7636471,-0.47935522,0.48504952,-0.5400879,1.0465306,0.95105654,0.309017,-2.4492937e-16,1.0,-0.8660254,0.5,0.0,0.0,1.0,0.0,1.0
2025-01-02 16:00:00,0.0,-0.15260299,-0.7592515,0.74831533,-0.40838,2.4382863,0.29879925,0.8318638,1.7044147,0.07499289,-0.07714907,0.14347276,0.08698447,-0.80452144,-1.1604543,-0.864617,0.009954059,-1.2863127,-0.92212814,-1.2392204,-0.94145966,-0.8173327,-0.6565868,1.3686918,0.775424,-0.775424,-1.3951056,-0.45690882,-0.45574123,-0.15711719,-0.25689098,-0.6061641,-0.06375001,-0.7266584,-0.94322985,0.17579053,-0.85938925,0.9000526,-0.58778524,-0.809017,0.5,0.8660254,1.2246469e-16,-1.0,0.0,1.0,0.0,0.0,0.0
2025-01-02 20:00:00,0.0,-0.6842414,-0.6371691,-0.7302939,1.4304019,1.7683241,0.37417668,-0.3067012,0.058500916,0.6544691,0.41234142,0.5524086,0.68275565,-1.28275,-1.6387378,-0.85008466,-0.20501441,-1.1161339,-1.3662773,-1.1974684,-1.304664,-1.0881908,-1.1052055,1.2672138,1.0256418,-1.0256418,-0.9889137,-1.0893196,-0.71531504,-0.7513676,0.44516867,-1.3497767,-0.25991926,-0.978764,-1.4012426,-0.62511826,-1.1214175,0.9016231,-0.58778524,-0.809017,0.5,0.8660254,-0.8660254,-0.5,0.0,0.0,1.0,0.0,0.0
2025-01-03 12:00:00,0.0,-0.0962208,-0.32333156,1.0221919,0.5165343,-0.65023017,-0.31678906,-0.86151373,0.102138445,0.09269708,0.046775155,0.25646988,0.0414686,-1.3050652,-1.6430352,-0.9372555,-0.40282264,-1.0064927,-1.181075,-1.084503,-1.2185194,-1.1246593,-1.1830417,-1.0249256,1.0608518,-1.0608518,-1.0666256,-1.4856403,-0.91980356,-0.40112635,0.15110941,-1.1735985,-0.62534946,-1.0188553,-1.8319447,-0.5977839,-1.1520694,0.86885256,-0.58778524,-0.809017,0.5,0.8660254,-0.8660254,0.5,0.0,0.0,1.0,0.0,0.0
2025-01-03 16:00:00,3.0,-0.38236588,-0.25853556,0.8413312,0.8865305,1.4923347,0.46484947,0.9083235,-0.2773976,0.5680887,0.4377463,0.5804449,0.5356468,-1.5275611,-1.8399042,-0.90537155,-0.84011006,-1.2964727,-0.5840749,-1.0424601,-1.384811,-1.2321326,-1.3652526,1.1714082,1.1768763,-1.1768763,-1.3795973,-2.2902691,-0.96435004,-0.8273275,0.66229993,-1.3278693,-0.8535826,-1.1292192,-2.2289956,-0.78813446,-1.2634325,0.77547705,-0.95105654,0.309017,0.5,0.8660254,1.2246469e-16,-1.0,0.0,1.0,0.0,0.0,0.0
2025-01-03 20:00:00,3.0,0.6477419,1.6284907,-0.8800075,-1.3610201,-0.48761728,0.63967544,-0.5828385,0.017321495,0.07290985,0.09266183,0.28375995,-0.0060262224,-0.8749367,-1.2721318,-0.7815527,-0.4035724,-0.1608511,-0.6942622,-0.04112836,-0.9027806,-0.8657601,-0.9973122,-0.62667924,0.75640815,-0.75640815,-0.45020586,-1.5331044,-0.66201484,-0.40588635,0.7166547,-1.0357804,-0.85495806,-0.76563436,0.5317528,0.40319172,-0.8137233,0.7468963,-0.95105654,0.309017,0.5,0.8660254,-0.8660254,-0.5,0.0,0.0,1.0,0.0,0.0
2025-01-06 12:00:00,3.0,-0.12801452,-0.37467667,-0.60977596,2.095123,-0.9982779,-1.1297828,-0.97787184,0.0024129474,-0.5197315,-0.36878172,-0.10831024,-0.683454,-0.9526914,-1.3076394,-0.7267237,-0.3993071,-0.3060967,-0.8580647,-0.1665152,-0.9159217,-0.96397346,-1.13826,-1.3794996,0.59448665,-0.59448665,-0.43439454,-1.5018097,-0.95453787,0.10293566,-0.35911676,-0.9442534,-0.87582743,-0.87251633,-0.40518257,0.37289786,-0.88533604,0.7144236,-0.95105654,0.309017,0.5,0.8660254,-0.8660254,0.5,0.0,0.0,1.0,0.0,0.0
2025-01-06 16:00:00,0.0,-0.5424292,-0.78738874,-1.1277311,1.5140368,0.7449911,2.0736685,3.0,0.16266578,-0.21813059,-0.17661668,0.032533772,-0.29436436,-1.359434,-1.6412047,-0.70931166,-0.3130711,-0.4179977,-1.8552288,-0.20687886,-1.1533083,-1.1621627,-1.4812653,0.6758059,1.0220357,-1.0220357,-0.20706034,-1.8408401,-1.2292253,-0.20561555,-0.5644355,-1.2062536,-0.8362517,-1.0242785,-0.86944216,0.20750609,-1.239763,0.09791678,0.0,1.0,0.5,0.8660254,1.2246469e-16,-1.0,0.0,1.0,0.0,0.0,0.0
2025-01-06 20:00:00,3.0,-0.53977174,-0.6485916,0.8262323,-0.062640734,0.9173048,2.2570136,-0.012971055,0.055005275,0.13159595,0.08669833,0.24469534,0.107504435,-1.7162889,-1.9301864,-0.78102964,-0.59258157,-0.8093793,-2.1570618,-0.5447401,-1.3841372,-1.2996691,-1.7497171,0.81957436,1.4391377,-1.4391377,0.014660884,-1.9971149,-1.4350389,-0.6746901,-0.085733496,-1.2658937,-0.79817873,-1.1437266,-1.2963494,-0.9431929,-1.5781513,0.09105241,0.0,1.0,0.5,0.8660254,-0.8660254,-0.5,0.0,0.0,1.0,0.0,0.0
2025-01-07 12:00:00,3.0,0.016615553,0.051637407,-0.09505004,1.8927493,-1.0482926,-0.45089445,-1.0269935,0.08949679,-0.4844769,-0.3825582,-0.15532018,-0.59773004,-1.6520922,-1.8297441,-0.8969253,-0.34528998,-1.0001715,-1.8646365,-0.24932458,-1.2681224,-1.265403,-1.8004119,-1.3179739,1.4127824,-1.4127824,-0.030157046,-1.5085329,-1.6962914,-0.21414621,-0.7410301,-1.4222631,-0.8242027,-1.1252682,0.5613676,-0.79288393,-1.5555539,0.08550396,0.0,1.0,0.5,0.8660254,-0.8660254,0.5,0.0,0.0,1.0,0.0,0.0
2025-01-07 16:00:00,0.0,0.56105626,0.6725856,0.1061221,0.1401636,0.8466999,0.36486217,0.41965985,-0.14526704,-0.07501968,-0.11355193,0.024307983,-0.0683144,-1.0021561,-1.3337355,-0.6357854,-0.39839396,-0.6709507,-1.684815,0.14435896,-0.8167895,-0.72541326,-1.3387027,0.851042,0.885437,-0.885437,-0.2608766,-1.0877519,-1.1120852,-0.42246217,-0.28132662,-1.0669595,-1.5083942,-0.5997251,0.99552804,0.38726243,-1.1189386,-0.16787823,0.95105654,0.309017,0.5,0.8660254,1.2246469e-16,-1.0,0.0,1.0,0.0,0.0,0.0
2025-01-07 20:00:00,0.0,-1.3730917,-1.6987408,-0.93517876,-1.1088042,0.57297516,0.9796559,0.055936273,0.05327235,0.18625638,0.112002105,0.23390055,0.19395187,-1.9377111,-2.1414118,-0.82524145,-1.1725305,-1.2902167,-2.1493034,-1.50403,-1.7686723,-1.3967446,-2.0725453,0.58529633,1.7719413,-1.7719413,0.61599284,-1.3155336,-1.8943872,-0.8323465,0.28964213,-1.4736514,-1.5707935,-1.3434368,-0.38930947,-0.29820216,-1.8393364,-0.014002022,0.95105654,0.309017,0.5,0.8660254,-0.8660254,-0.5,0.0,0.0,1.0,0.0,0.0
2025-01-08 12:00:00,0.0,0.04991126,0.20459206,1.1725261,0.40190166,-1.2627015,-0.87652946,-0.99242157,0.048401985,-0.50337327,-0.408557,-0.2063976,-0.59407395,-1.8057606,-1.9944121,-0.9825529,-0.79981536,-0.9134557,-1.6676326,-1.2585812,-1.5504917,-1.3326209,-2.0755935,-1.4216225,1.6617955,-1.6617955,0.7546979,-1.0676452,-2.1315877,-0.44658196,-0.32554868,-1.6950041,-1.6720623,-1.3104608,0.5288743,-0.27411348,-1.7095096,-0.21481378,0.95105654,0.309017,0.5,0.8660254,-0.8660254,0.5,0.0,0.0,1.0,0.0,0.0
2025-01-08 16:00:00,0.0,0.6520495,0.93226296,0.023651818,-0.43196276,1.0780395,0.39526576,1.0766383,-0.7545966,0.06735739,-0.014839776,0.076450095,0.11367083,-1.0980772,-1.4538416,-0.65939075,-0.0567997,-0.53371036,-1.2625158,-0.7259075,-0.9259192,-0.72581404,-1.4924223,0.997697,0.8671846,-0.8671846,0.8783766,-0.71025336,-1.3742741,-0.7418603,-0.18468235,-1.2919903,-1.6818976,-0.6952099,0.9629971,-0.19707543,-0.89863694,-0.36852282,0.58778524,-0.809017,0.5,0.8660254,1.2246469e-16,-1.0,0.0,1.0,0.0,0.0,0.0
2025-01-08 20:00:00,3.0,0.0023070497,-0.039925687,-0.060390618,1.9213579,-0.6970081,0.7580264,-0.097817905,0.06386834,-0.32959408,-0.31222475,-0.17981024,-0.3359625,-1.0611392,-1.3937035,-0.47683075,-0.06580337,-0.33488646,-1.3579292,-0.6534084,-0.88590574,-0.64288986,-1.4875878,-0.7955511,0.8588973,-0.8588973,0.8973604,-0.3210454,-1.5057564,-0.513035,-0.023721699,-1.0230612,-1.7328857,-0.63840544,1.3818583,0.96756494,-0.890674,-0.41661152,0.58778524,-0.809017,0.5,0.8660254,-0.8660254,-0.5,0.0,0.0,1.0,0.0,0.0
2025-01-10 12:00:00,0.0,-0.2696855,-1.0107372,1.0641383,-0.9866315,-0.9525506,-0.9400423,-0.96885645,0.080203645,-0.7848469,-0.69210076,-0.51647675,-0.8599046,-1.2507074,-1.5133281,-0.40540186,-0.58186245,-0.8010336,-0.7582911,-0.26054782,-1.042618,-0.8199037,-1.6923457,-1.1963049,0.64862067,-0.64862067,1.3683637,-0.46957937,-1.9239213,-0.12530097,-0.6001382,-0.8996301,-1.8235016,-0.8353137,-0.51948607,0.64956266,-1.0799686,-1.1953716,0.58778524,-0.809017,0.5,0.8660254,-0.8660254,0.5,0.0,0.0,1.0,0.0,0.0
2025-01-10 16:00:00,3.0,-2.4016254,-1.6238401,-0.7164148,-0.89368373,1.4050744,0.7833589,1.5529696,-1.4682664,0.4462703,0.25604337,0.30700558,0.5256571,-2.5986063,-2.7220674,-0.9739079,-1.2898436,-1.9623002,-1.8083625,-1.5326228,-2.4669158,-2.105731,-2.7028308,1.2249103,1.6922264,-1.6922264,1.6948937,-0.8687957,-2.8306866,-1.380013,-0.04312008,-2.3338308,-1.5720729,-2.143226,-1.0690854,-1.9328792,-1.7843298,-0.045350473,-0.95105654,0.309017,0.5,0.8660254,1.2246469e-16,-1.0,0.0,1.0,0.0,0.0,0.0
2025-01-10 20:00:00,3.0,-0.3959874,-0.74319947,0.16087174,0.3059199,0.17399117,1.2795333,-0.052816883,0.16998753,0.44034755,0.31222668,0.3732379,0.47642514,-2.5769558,-2.6909196,-1.3843147,-1.5415193,-1.8406204,-1.8043121,-2.508751,-2.041401,-2.1090367,-2.6608293,0.49514487,1.4854939,-1.4854939,1.5547584,-1.3051542,-2.8099518,-1.441579,0.47219184,-2.3849921,-1.5851474,-2.096244,-1.508812,-2.065478,-1.6140307,-0.10357927,-0.95105654,0.309017,0.5,0.8660254,-0.8660254,-0.5,0.0,0.0,1.0,0.0,0.0
2025-01-13 12:00:00,3.0,0.36327705,0.94997144,-0.06293233,-0.34924763,-0.8636581,-0.62935936,-0.9087196,0.087278105,-0.141462,-0.10920244,0.016369993,-0.16438144,-2.1301858,-2.3126566,-1.5251043,-1.6708585,-1.3784938,-1.7252184,-2.3678143,-1.5152131,-1.8288296,-2.4437346,-0.95580786,1.2056197,-1.2056197,1.2724444,-0.99628085,-2.7058413,-1.0472754,-0.24509309,-1.8450599,-1.2698057,-1.8404835,0.47019315,-1.3984636,-1.4180517,-0.09033376,-0.95105654,0.309017,0.5,0.8660254,-0.8660254,0.5,0.0,0.0,1.0,0.0,0.0
2025-01-13 16:00:00,3.0,-1.691797,-0.705074,1.475936,-0.7815651,0.08170945,0.34502774,0.4137719,-2.7579749,0.41012752,0.34320918,0.43438792,0.39612025,-2.5670698,-2.7737372,-1.7904907,-2.5762153,-2.152272,-2.4196713,-3.0,-1.8534331,-2.387846,-2.825331,0.4254106,1.609249,-1.609249,1.1374775,-1.3277606,-3.0,-1.5817434,0.33931223,-1.9960647,-1.3390752,-2.4100015,-0.4948395,-0.52580774,-1.6682787,-0.044732224,0.0,1.0,0.5,0.8660254,1.2246469e-16,-1.0,0.0,1.0,0.0,0.0,0.0
2025-01-13 20:00:00,3.0,0.85783774,1.3319455,-0.34804285,-0.97840077,-0.24773866,0.29638362,-0.31004778,0.1419797,0.18690787,0.18722253,0.28649577,0.16379623,-1.839969,-2.1742399,-1.6742687,-1.8976986,-1.9523677,-1.9755245,-2.9049926,-1.2634921,-1.7522442,-2.3084855,0.17638867,1.1427383,-1.1427383,1.531598,-0.83279383,-2.5404892,-1.329779,0.6302688,-1.4288793,-1.4326245,-1.7597823,0.55525476,0.6756638,-1.3117808,0.03675275,0.0,1.0,0.5,0.8660254,-0.8660254,-0.5,0.0,0.0,1.0,0.0,0.0
2025-01-14 12:00:00,3.0,0.62535864,1.2506336,-1.2007401,-0.108227186,-0.5791437,-1.0901573,-0.9255755,0.13085318,-0.18057051,-0.102171145,0.024843777,-0.22876346,-1.3688636,-1.774929,-1.3458184,-0.14253299,-1.0339662,-1.656025,-2.368529,-0.8887871,-1.3177392,-1.9956015,-0.34972706,0.8061176,-0.8061176,0.5499002,-0.5651688,-2.290489,-1.1144768,-0.37711585,-0.9716822,-1.455955,-1.3319565,1.0420303,0.8905383,-0.91775024,0.028600449,0.0,1.0,0.5,0.8660254,-0.8660254,0.5,0.0,0.0,1.0,0.0,0.0
2025-01-14 16:00:00,3.0,1.2064701,0.2832047,-0.1318538,1.2479485,-0.07764508,0.4348012,1.2746223,2.1494029,-0.019659285,-0.016813941,0.049883563,0.0014177734,-0.57803166,-1.1324177,-0.5819689,0.82340294,-0.48312116,-0.97180444,-1.8104433,-0.32170597,-0.508274,-1.3402781,0.18038382,0.1168258,-0.1168258,0.6677416,0.12680157,-1.572284,-1.2173065,-0.30829677,-0.38991967,-1.5002862,-0.48055524,1.5143485,2.7890851,-0.25806245,-0.24220856,0.95105654,0.309017,0.5,0.8660254,1.2246469e-16,-1.0,0.0,1.0,0.0,0.0,0.0
2025-01-14 20:00:00,3.0,-0.16305427,-0.41936278,0.8576589,0.5080813,-0.018554995,-0.28929615,-0.5929297,0.077988215,-0.08912944,-0.070534326,0.003853814,-0.076262355,-0.65472686,-1.1792798,-0.0949328,0.5177382,-0.85564446,-0.98941994,-2.1058443,-0.3351959,-0.531771,-1.3602893,0.2912873,0.21503387,-0.21503387,0.6775435,-0.30403522,-1.6309139,-1.3692082,-0.03221985,-0.289801,-1.4744785,-0.5334033,-0.4939837,1.6843244,-0.34680343,-0.2870941,0.95105654,0.309017,0.5,0.8660254,-0.8660254,-0.5,0.0,0.0,1.0,0.0,0.0
2025-01-15 12:00:00,0.0,0.25807253,0.5052647,0.90372884,-0.18555528,-0.87385285,-1.2968502,-0.9148377,0.167208,-0.5527734,-0.4511028,-0.33781287,-0.5908248,-0.4924222,-1.0359441,0.3714876,1.6706529,-0.737353,-0.76411295,-1.7897358,-0.1691308,-0.34561282,-1.2652801,-0.9954711,-0.026591565,0.026591565,-0.8996759,-0.036992207,-1.6624279,-1.0382862,-0.629306,-0.17926516,-1.866492,-0.34154165,0.5109422,1.2589536,-0.14883628,-0.04528402,0.95105654,0.309017,0.5,0.8660254,-0.8660254,0.5,0.0,0.0,1.0,0.0,0.0
2025-01-15 16:00:00,0.0,2.9001741,0.9823787,-0.09990574,-0.5252084,0.86681646,0.3822563,1.8908068,3.0,1.2203519,0.8613299,0.6734425,1.3839653,1.0952901,0.37118936,1.4923959,2.8303812,0.8956831,0.1354315,-0.39524522,1.2922376,1.3340044,0.18171734,0.78358716,-1.4483572,1.4483572,0.34763733,0.77110636,0.22830899,-1.4209458,0.60324854,1.0403785,-0.7029081,1.3706614,0.9884049,2.242455,1.3518064,0.45151556,0.58778524,-0.809017,0.5,0.8660254,1.2246469e-16,-1.0,0.0,1.0,0.0,0.0,0.0
2025-01-15 20:00:00,0.0,0.6178982,1.014533,-1.3602364,0.51332116,-0.024373893,0.031207278,-0.4379358,0.038105316,0.784639,0.6339945,0.51419336,0.8716132,1.3491455,0.64699775,2.353967,2.6868224,2.3335843,0.41971987,-0.44131747,1.5246042,1.6887333,0.44927168,0.21063519,-1.6487172,1.6487172,0.29650018,1.3040209,0.47898507,-1.1888368,0.69377,1.2489779,-0.59897274,1.7005525,1.458054,2.522187,1.5475758,0.45237732,0.58778524,-0.809017,0.5,0.8660254,-0.8660254,-0.5,0.0,0.0,1.0,0.0,0.0
2025-01-16 12:00:00,0.0,-0.26350984,-1.3495226,0.22052023,-0.9691024,-1.2453897,-1.3064804,-0.94183415,0.047875043,-0.05726313,0.037078336,0.04208176,-0.05264676,1.1718396,0.52826935,2.8146653,1.8446784,2.2895398,0.5029475,-0.23370044,1.3111172,1.622712,0.3612156,-1.3972418,-1.436475,1.436475,0.5130688,0.88607144,0.27234715,-0.8289709,0.061597504,1.2557532,-0.110152945,1.6936568,-0.5530549,2.0266526,1.3436577,1.0905409,0.58778524,-0.809017,0.5,0.8660254,-0.8660254,0.5,0.0,0.0,1.0,0.0,0.0
2025-01-16 16:00:00,0.0,0.8857327,1.3508208,-0.28764397,-1.3086306,0.9955022,0.3683508,1.4250083,-0.4703983,0.19868137,0.21176876,0.16871135,0.24213906,1.5068908,0.90907145,2.9133282,2.3042765,2.4485977,1.0311989,0.12628661,1.5192631,1.9653392,0.74044234,0.9351228,-1.4475508,1.4475508,0.28506035,1.1831115,0.73832864,-0.81619585,0.28632593,1.3424097,-0.060744353,2.0495245,0.45249948,0.5338502,1.3563052,1.0573814,-0.58778524,-0.809017,0.5,0.8660254,1.2246469e-16,-1.0,0.0,1.0,0.0,0.0,0.0
2025-01-16 20:00:00,0.0,-0.6588034,-1.4355273,-0.6688603,-0.4845353,-0.18109247,-0.12118221,-0.48885137,0.06456833,-0.03476326,0.04926448,0.06181267,-0.033332992,1.0908521,0.5899034,2.7420669,1.7848878,2.7086244,0.777762,-0.53638035,1.1701707,1.5702076,0.47666436,-0.1336998,-1.1542782,1.1542782,0.5971571,0.6064092,0.42481136,-0.79348934,0.48511136,1.1683096,0.21195106,1.6227996,-0.53082377,-0.29237467,1.0699613,1.0107744,-0.58778524,-0.809017,0.5,0.8660254,-0.8660254,-0.5,0.0,0.0,1.0,0.0,0.0
2025-01-17 12:00:00,0.0,0.127701,0.74122655,0.33103266,-0.28184512,-1.4204406,-1.4107624,-0.9420821,0.055046126,-0.8086556,-0.6038988,-0.5346372,-0.8626255,1.1579083,0.66852355,2.711902,0.3648321,2.309458,0.6454048,-0.4790184,1.1641617,1.7536294,0.6014622,-1.6416126,-1.2239932,1.2239932,-0.9231305,0.6809415,0.40041927,-0.25920227,-1.088073,1.0605675,0.7702541,1.8666707,0.50581366,-0.013619983,1.1370546,1.0978857,-0.58778524,-0.809017,0.5,0.8660254,-0.8660254,0.5,0.0,0.0,1.0,0.0,0.0
2025-01-17 16:00:00,0.0,0.98192155,1.0579716,-0.893799,-0.071521424,0.80502874,1.0321484,2.5371258,0.3170855,-0.483749,-0.4475449,-0.47629014,-0.4095841,1.5512002,1.1043196,2.5368967,0.5540308,2.3693204,1.4996597,0.15928996,1.3735758,2.1273432,1.0693405,0.59068346,-1.5346997,1.5346997,-0.68024814,1.0766528,0.9727212,-0.21389684,-0.8252256,1.1714395,0.84459287,2.184311,0.9884049,0.05529017,1.4505194,0.9393886,-0.95105654,0.309017,0.5,0.8660254,1.2246469e-16,-1.0,0.0,1.0,0.0,0.0,0.0
2025-01-17 20:00:00,0.0,0.30789638,0.6560191,-1.1948135,1.1905489,-0.6412644,0.21207128,-0.55903363,0.10796661,-0.8071838,-0.7737648,-0.8352897,-0.72598803,1.6696345,1.2587414,2.515925,0.8451681,1.9785718,1.592225,-0.09673755,1.3366941,2.246145,1.289154,-0.5177938,-1.5788877,1.5788877,-0.7747887,1.2070483,1.1331407,0.17333464,-0.62677455,1.1755865,1.0747498,2.284907,1.458054,0.72861874,1.4988983,0.9085077,-0.95105654,0.309017,0.5,0.8660254,-0.8660254,-0.5,0.0,0.0,1.0,0.0,0.0
2025-01-21 12:00:00,3.0,-0.2515712,-1.021677,0.29519615,-0.17978375,-0.9186587,-0.90693855,-0.7637951,0.050301537,-1.1785204,-1.1607193,-1.2660408,-1.1160302,1.4765892,1.1302168,2.352462,0.26347014,1.8799996,1.267214,0.064025074,1.1502467,2.0654955,1.2332829,-1.1094359,-1.3951956,1.3951956,-0.853032,0.8213616,0.9706938,0.58047,-1.0195487,1.0731013,2.2949114,2.1285527,-0.5530549,0.43199018,1.3332846,0.96147907,-0.95105654,0.309017,0.5,0.8660254,-0.8660254,0.5,0.0,0.0,1.0,0.0,0.0
2025-01-21 16:00:00,0.0,1.367902,1.5364543,-1.3912959,-0.8051384,0.7166565,0.35520425,0.55300254,0.6001964,-0.7158188,-0.8981175,-1.1624522,-0.46424362,1.9527333,1.7016344,2.230073,1.2914482,2.2246428,1.7865407,0.5180702,1.4086628,2.5345876,1.8323673,0.52741706,-1.5341827,1.5341827,-0.7773945,0.97923493,1.4570312,0.619054,-0.6710676,1.1779306,2.4457066,2.5761151,0.45249948,0.57072616,1.4818838,0.96693736,0.95105654,0.309017,0.5,0.8660254,1.2246469e-16,-1.0,0.0,1.0,0.0,0.0,0.0
2025-01-21 20:00:00,3.0,0.34407422,0.6920211,-0.7917586,0.7502956,-0.3442633,0.49646446,-0.23939101,0.054764837,-0.8600456,-1.066558,-1.4175035,-0.59043515,2.0566807,1.8668101,2.2226672,1.3863417,1.277013,2.020464,0.07650052,1.3700147,2.5607715,2.0226636,-0.19242068,-1.489464,1.489464,-0.8019071,1.0754628,1.4048245,0.9572966,-0.331283,1.2002358,2.6644826,2.5612888,0.95527667,0.5647728,1.449467,0.9776171,0.95105654,0.309017,0.5,0.8660254,-0.8660254,-0.5,0.0,0.0,1.0,0.0,0.0
2025-01-22 12:00:00,3.0,-0.10525052,-0.41907576,2.3389702,-0.6208764,-1.1190583,-1.1257265,-0.88649404,0.09255949,-1.2233856,-1.3969637,-1.7710865,-1.0275517,1.9324521,1.7744145,2.1362786,0.839039,1.0066915,2.6852558,1.3100452,1.19296,2.3474295,2.0152159,-1.129943,-1.3112036,1.3112036,-0.5549419,0.7783554,1.175341,1.1303055,-0.77015054,1.1487715,2.692203,2.3737051,-0.5530549,0.7167498,1.3050303,0.6491177,0.95105654,0.309017,0.5,0.8660254,-0.8660254,0.5,0.0,0.0,1.0,0.0,0.0
2025-01-22 16:00:00,3.0,-0.37773073,-1.3501679,0.13617943,-0.69657654,1.3535099,0.40262315,0.8076499,1.0220721,-0.76157445,-1.0587524,-1.44968,-0.39069042,1.6725146,1.5622534,1.683492,0.53757936,0.9794723,2.5397937,2.16897,1.0041912,1.8004091,1.6930494,0.86443,-0.9840934,0.9840934,-0.37759423,0.4285166,0.7361867,0.6311666,-0.2858998,1.0399685,2.5289378,1.7338834,-1.0558321,-0.2543422,1.0466669,0.2188864,0.58778524,-0.809017,0.5,0.8660254,1.2246469e-16,-1.0,0.0,1.0,0.0,0.0,0.0
2025-01-22 20:00:00,3.0,0.64006793,1.0655546,-1.2542115,0.26818922,0.14230561,0.40346503,-0.29936197,0.06956873,-0.8283644,-1.1317804,-1.5413516,-0.377362,1.7967622,1.7245959,1.4950932,0.92390597,0.83913696,2.474511,1.0996261,1.0312254,1.840896,1.8986145,0.09955045,-1.1018289,1.1018289,-0.4828979,0.6073373,1.0498893,0.82674605,0.09756833,0.9487358,2.4140568,1.7899876,0.45249948,-0.16332012,1.1945428,0.15424888,0.58778524,-0.809017,0.5,0.8660254,-0.8660254,-0.5,0.0,0.0,1.0,0.0,0.0
2025-01-23 12:00:00,3.0,-0.597931,-1.5295286,-0.70673245,-0.43260032,-0.612214,-1.3023068,-0.9328101,0.08645198,-1.1374902,-1.3702179,-1.7394819,-0.7390707,1.415842,1.4201832,1.2128876,-0.0277237,0.896865,2.656002,0.8880387,0.8481587,1.4003255,1.6860915,-0.5489834,-0.77223736,0.77223736,-0.94947714,0.4644229,0.7701382,1.000231,-0.5030978,0.89274913,2.369282,1.340492,-0.53082377,-0.63769674,1.0307907,-0.107644014,0.58778524,-0.809017,0.5,0.8660254,-0.8660254,0.5,0.0,0.0,1.0,0.0,0.0
2025-01-23 16:00:00,3.0,1.23284,1.0322877,0.2374996,-1.1469615,1.779489,0.47018293,1.2840656,0.3490909,-0.34307584,-0.844749,-1.3356102,0.3871844,1.7082186,1.7507919,1.0322051,0.31390867,1.1965996,2.5641124,1.6156036,1.0481818,1.530583,1.9187071,1.4189429,-1.055082,1.055082,-0.27331084,0.670266,1.0694386,0.63042676,0.38760057,1.0215154,2.3536847,1.4310633,0.46368548,0.25068662,1.1488231,-0.21584134,-0.58778524,-0.809017,0.5,0.8660254,1.2246469e-16,-1.0,0.0,1.0,0.0,0.0,0.0
2025-01-23 20:00:00,3.0,0.9022914,1.4273963,-0.5217876,-1.3620539,0.2263245,0.93541217,-0.12816457,0.061793067,-0.43777472,-0.9282645,-1.4415734,0.34042612,1.8528152,1.9375738,1.0645049,0.739134,1.0907145,2.470886,1.3680818,1.1826878,1.6437465,2.145033,0.41583398,-1.237809,1.237809,-0.13818815,0.90454364,1.2305161,0.87434214,0.99329525,1.1279017,2.3316019,1.5820951,0.95527667,0.3104584,1.2187492,-0.2762905,-0.58778524,-0.809017,0.5,0.8660254,-0.8660254,-0.5,0.0,0.0,1.0,0.0,0.0
2025-01-24 12:00:00,3.0,0.12168231,0.31215438,0.11303651,0.75353086,-0.8361203,-1.0645458,-0.92024636,0.07454456,-1.0378202,-1.3731622,-1.8073797,-0.373009,1.8216053,1.9136306,1.0790421,0.98459256,1.0079476,2.105647,1.3139929,1.1327626,1.569596,2.2014358,-0.800694,-1.2166647,1.2166647,-0.33744168,0.91129535,1.2157149,1.282177,0.023179978,1.1277791,2.4190044,1.5061758,1.4350438,0.9082208,1.1986365,0.032339007,-0.58778524,-0.809017,0.5,0.8660254,-0.8660254,0.5,0.0,0.0,1.0,0.0,0.0
2025-01-24 16:00:00,3.0,1.251549,1.5295413,-1.2726625,-1.0110563,1.1139648,-0.10422386,0.3788729,-0.02527885,-0.526447,-1.0650926,-1.6191859,0.33804947,1.9845368,2.134446,1.1130143,1.2331917,1.4215003,2.3029275,1.8970414,1.3515896,1.7216235,2.3613608,0.92466205,-1.2560234,1.2560234,-0.081788234,0.99993175,1.2599936,1.1943198,0.45869872,1.2320207,2.438648,1.6794341,1.8401545,0.7700412,1.2073262,-0.26654163,-0.95105654,0.309017,0.5,0.8660254,1.2246469e-16,-1.0,0.0,1.0,0.0,0.0,0.0
2025-01-24 20:00:00,3.0,-0.49284104,-1.2367762,0.13005559,-0.25911415,-0.81010026,0.61969596,0.029506767,0.022841178,-1.1043267,-1.525345,-1.9737785,-0.35196075,1.7074736,1.8814003,1.0570138,1.2679799,0.81469136,2.0640802,2.2418375,1.1852707,1.411122,2.2093105,-0.58863914,-1.0349092,1.0349092,-0.30709922,0.6265452,1.0032014,1.5190352,0.35477298,1.1825761,2.4588282,1.4147179,-0.5932139,0.018671462,1.0227621,-0.11088056,-0.95105654,0.309017,0.5,0.8660254,-0.8660254,-0.5,0.0,0.0,1.0,0.0,0.0
2025-01-27 12:00:00,3.0,-0.04273278,-0.02240514,0.21252182,1.4070772,-1.1952633,-1.3229978,-0.96633834,0.06236872,-1.8199061,-2.165737,-2.4686055,-1.226328,1.6543086,1.8175606,0.9631546,0.7281245,0.68824816,1.3253654,1.8610561,1.0590378,1.3682418,2.2467906,-1.2511842,-1.0105335,1.0105335,0.25873017,0.6766889,1.0051353,2.1354637,-0.9487873,1.0205723,2.4770095,1.3889025,0.38193223,-0.039912883,1.0080554,-1.6091955,-0.95105654,0.309017,0.5,0.8660254,-0.8660254,0.5,0.0,0.0,1.0,0.0,0.0
2025-01-27 16:00:00,3.0,1.1818373,0.7683703,-0.7941473,0.4279472,2.7661266,1.0228633,1.7192411,-0.14036015,0.4172308,-0.49366444,-1.3217723,1.4868222,1.8025955,1.9980807,0.75490826,0.8343369,1.0318865,1.3788277,2.0918067,1.2091571,1.33519,2.0064847,1.8560538,-1.0455468,1.0455468,0.42313036,0.89947146,1.0681298,0.79695195,0.6197564,1.0772371,1.7305723,1.3102052,0.8695053,-0.064979546,1.0212044,-3.0,0.0,1.0,0.5,0.8660254,1.2246469e-16,-1.0,0.0,1.0,0.0,0.0,0.0
2025-01-27 20:00:00,3.0,1.2567302,1.4197605,-0.9392193,-1.0269389,0.78258973,1.6924589,-0.042221323,0.04545097,0.675268,-0.1758645,-1.1373006,1.6433054,1.9095758,2.1459541,0.83536226,1.2702161,1.4720659,1.6360614,1.8760014,1.3398309,1.5132221,2.11565,1.0388829,-1.125247,1.125247,0.5715972,1.1430666,1.1509305,0.7964841,1.4372642,1.2890432,1.4280299,1.4767437,1.3570783,0.70434546,1.0817134,-3.0,0.0,1.0,0.5,0.8660254,-0.8660254,-0.5,0.0,0.0,1.0,0.0,0.0
2025-01-28 12:00:00,3.0,-0.38992953,-0.9000143,-0.93141264,1.3523753,-0.5766593,-0.04068557,-0.7533578,0.031754512,-0.15361452,-0.73177034,-1.4872222,0.67297006,1.7054634,1.9513953,0.8195787,0.60239273,1.1836157,1.3405787,1.6421463,1.1181561,1.3405697,2.034314,-0.5145834,-1.0153493,1.0153493,0.6039807,0.7749786,1.0429164,1.1498219,0.477931,1.1500938,1.4904215,1.2836223,-0.5679516,0.39315087,1.0097908,-3.0,0.0,1.0,0.5,0.8660254,-0.8660254,0.5,0.0,0.0,1.0,0.0,0.0
2025-01-28 16:00:00,3.0,0.6520789,0.3903717,0.35745102,0.34254166,2.0056062,0.8356159,0.058969975,0.025808742,1.3957462,0.7172381,-0.4238171,2.1162586,1.7408781,1.993013,0.65347064,1.05612,1.487099,1.5726929,1.9618498,1.147185,1.1806006,1.7965434,1.7377521,-0.8762474,0.8762474,0.367995,0.98608226,0.89666533,0.32151148,2.1544855,1.1117239,1.384066,1.1040014,0.41814578,0.17196785,0.90445447,-2.9338841,0.95105654,0.309017,0.5,0.8660254,1.2246469e-16,-1.0,0.0,1.0,0.0,0.0,0.0
2025-01-28 20:00:00,3.0,0.0025024042,0.044373322,2.3341935,-0.71028715,-0.5218348,1.21352,-0.16953017,0.061563585,0.50630516,0.12613581,-0.7693314,1.1438562,1.6937987,1.9297973,0.6022456,1.0684242,1.149097,1.5139251,1.8488144,1.0585933,1.1170447,1.815591,-0.22499427,-0.9302595,0.9302595,0.30216032,1.1785986,0.9399508,0.7214667,2.3558564,1.0994141,1.076628,1.055581,0.9064469,-0.17861062,0.9411846,-2.8191319,0.95105654,0.309017,0.5,0.8660254,-0.8660254,-0.5,0.0,0.0,1.0,0.0,0.0
2025-01-29 12:00:00,3.0,-1.1092324,-2.0030224,-1.2551454,-1.1682551,-0.2848179,-1.3285291,-1.0005231,0.003546775,0.03055283,-0.17747247,-0.8798008,0.59153587,1.1611276,1.499812,0.3167349,0.15759167,0.62767756,1.0945216,1.5302916,0.7549184,0.7131678,1.5615678,-0.13399373,-0.6021815,0.6021815,0.78354645,0.8883415,0.5551517,0.79340094,0.22706091,0.8322225,1.0036126,0.62130404,-0.5904379,-1.0024796,0.6633107,-2.8876781,0.95105654,0.309017,0.5,0.8660254,-0.8660254,0.5,0.0,0.0,1.0,0.0,0.0
2025-01-29 16:00:00,3.0,0.5536172,0.9862073,0.737061,-1.401028,-0.046949044,-0.10589179,0.52537036,-0.076740645,-0.16692851,-0.33484668,-0.97073895,0.379758,1.2409831,1.5631628,0.14444673,-0.1194312,0.7332008,1.1099094,1.9418077,0.8194013,0.7934758,1.6273264,0.36926278,-0.8164561,0.8164561,0.085938275,0.941232,0.8260012,1.035472,-0.18933117,0.80037016,0.89528894,0.69898134,0.38601422,-0.9539908,0.8352653,-2.7022717,0.58778524,-0.809017,0.5,0.8660254,1.2246469e-16,-1.0,0.0,1.0,0.0,0.0,0.0
2025-01-29 20:00:00,3.0,0.43250725,0.7616643,-1.1435946,0.88358325,-0.08639512,0.985384,0.158113,-0.046889264,-0.3063826,-0.45817465,-1.0370178,0.23290758,1.2917144,1.5985714,0.046261165,0.20699994,0.5142179,1.2206815,2.0757363,0.8640051,0.8225979,1.6563647,0.42735976,-1.0083877,1.0083877,0.12611221,1.0506682,1.0489787,1.2299677,0.20157342,0.78047234,0.8868368,0.74331766,0.86202717,-0.78716624,0.98292226,-2.550071,0.58778524,-0.809017,0.5,0.8660254,-0.8660254,-0.5,0.0,0.0,1.0,0.0,0.0
2025-01-30 12:00:00,3.0,-0.7313102,-1.7814748,-1.0964762,-0.7941534,-0.91297114,-1.2763335,-0.96305573,-0.028339468,-1.1092931,-1.1269866,-1.4468205,-0.7083169,0.98979336,1.3456665,-0.1745354,-0.34554064,0.45404464,0.80134326,1.7599806,0.64371866,0.57901406,1.5497639,-1.0420668,-0.71294135,0.71294135,0.22213997,0.77392995,0.7858309,1.6552005,-1.430423,0.6963714,0.8723431,0.49438596,-0.6554434,-0.3074284,0.77216405,-2.5633068,0.58778524,-0.809017,0.5,0.8660254,-0.8660254,0.5,0.0,0.0,1.0,0.0,0.0
2025-01-30 16:00:00,3.0,3.0,0.97421217,0.22332023,-0.8816296,1.9994518,1.7140852,1.9113913,3.0,2.8754299,2.1915972,0.8633214,3.0,1.4256467,1.791099,0.06798182,1.0311681,1.3083692,1.2824885,2.9066904,1.2622991,1.0697498,1.5417763,1.7776451,-0.8581864,0.8581864,2.2942457,0.93236756,0.91456825,0.016202617,1.6729771,1.2006062,0.8557544,0.97164106,0.34993184,0.55968136,0.8683973,-2.0841925,-0.58778524,-0.809017,0.5,0.8660254,1.2246469e-16,-1.0,0.0,1.0,0.0,0.0,0.0
2025-01-30 20:00:00,3.0,-0.00872018,0.21302356,1.8474219,-0.41925755,-0.42913532,1.5966146,-0.2759484,-0.11611947,1.7143246,1.5202795,0.5428514,1.9942719,1.3962159,1.7391546,0.22466454,1.4803176,1.0026615,1.2840991,2.680532,1.1002846,1.0347892,1.5622587,-0.1482919,-0.89570266,0.89570266,1.6621844,1.0352435,0.95772415,0.3943403,1.4871696,1.1360877,0.9425678,0.90992653,0.8490694,0.37672198,0.9004538,-2.0141442,-0.58778524,-0.809017,0.5,0.8660254,-0.8660254,-0.5,0.0,0.0,1.0,0.0,0.0
2025-01-31 12:00:00,4.0,-0.2336624,-0.13080955,-0.35760853,2.370926,0.34535486,-0.34924465,-0.8178232,-0.23965918,1.5409366,1.5453097,0.71600056,1.666717,1.346612,1.6654707,0.21844436,1.1591086,0.6370325,1.2938393,2.554819,0.9457744,0.8581242,1.4397459,0.96163934,-0.86620426,0.86620426,1.7699268,0.99075896,0.93654746,0.3483793,1.5976685,0.91341037,0.7359571,0.7318981,1.3100301,1.0084786,0.87489474,-1.728475,-0.58778524,-0.809017,0.5,0.8660254,-0.8660254,0.5,0.0,0.0,1.0,0.0,0.0
2025-01-31 16:00:00,4.0,0.853687,-0.46211725,1.9787697,-0.19593705,2.4327018,1.8571044,0.92358077,2.8607311,3.0,3.0,2.640967,3.0,1.4100206,1.7249184,0.15889204,1.3447239,0.9652055,1.3163728,2.542179,1.0070504,0.7184021,1.16493,1.6824065,-0.3468862,0.3468862,1.6667019,1.0722789,0.31660432,-0.7831027,3.0,1.2128607,0.5553767,0.55761623,1.7426264,0.101962194,0.4449531,-1.5397798,-0.95105654,0.309017,0.5,0.8660254,1.2246469e-16,-1.0,0.0,1.0,0.0,0.0,0.0
2025-01-31 20:00:00,4.0,-0.88278353,-0.87388134,-0.06378771,0.49475896,0.1898816,0.734,-0.5734747,-0.2077481,2.9849844,3.0,2.6538641,2.4935346,1.0817243,1.4441993,0.03441558,1.253517,0.56915677,1.2496599,2.1785252,0.76036876,0.43744963,1.0000294,1.1152567,-0.17224108,0.17224108,1.6327785,0.68398887,0.12426264,-0.8291482,3.0,0.8430756,0.5050184,0.29120505,-0.6878654,-0.69794786,0.29516575,-1.1551294,-0.95105654,0.309017,0.5,0.8660254,-0.8660254,-0.5,0.0,0.0,1.0,0.0,0.0
2025-02-03 12:00:00,4.0,-1.2889212,-1.6750196,-0.79412013,-0.9848724,-0.2220106,-0.8501894,-0.83103323,-0.166372,2.1863496,2.67761,2.4342349,1.6338946,0.6192443,1.059339,-0.24884835,-0.67761505,0.21842957,0.82977766,1.893723,0.43593404,0.100480005,0.820265,0.27403313,0.3719994,-0.3719994,-0.5107215,0.46082106,-0.23059978,-0.77691907,0.59669733,0.5510787,0.38020423,-0.0564683,-1.1620492,-1.7633152,-0.01459766,-1.2111126,-0.95105654,0.309017,0.5,0.8660254,-0.8660254,0.5,0.0,0.0,1.0,0.0,0.0
2025-02-03 16:00:00,4.0,0.6228795,1.047041,-0.20218004,-0.71247506,1.2492898,1.2324305,1.0923746,-1.8960917,2.787959,3.0,2.9807127,2.0765953,0.73189884,1.1414583,-0.39876896,-0.40295723,0.68300843,0.7909044,1.9900798,0.5509133,0.13744743,0.7680138,1.5667645,0.1491399,-0.1491399,-0.26758665,0.63741124,0.110109076,-1.08146,1.5468479,0.43186307,0.29322305,-0.02847407,0.2793759,-1.6435752,0.11616111,-1.2602004,0.0,1.0,0.8660254,0.5,1.2246469e-16,-1.0,0.0,1.0,0.0,0.0,0.0
2025-02-03 20:00:00,4.0,0.13829906,0.2884375,1.2468326,-0.07105497,-0.19874437,0.23760422,-0.5842419,-0.09246344,2.079646,2.6178787,2.649304,1.3677353,0.7649125,1.154638,-0.49184787,-0.24496117,0.585176,0.7958999,2.0839539,0.55495167,0.13822414,0.79264927,0.52179635,0.041329734,-0.041329734,-0.2558061,0.6979685,0.18467154,-0.82677865,1.2201343,0.50915873,0.37693593,0.0003337257,0.74645275,-0.78614295,0.1677714,-1.1991032,0.0,1.0,0.8660254,0.5,-0.8660254,-0.5,0.0,0.0,1.0,0.0,0.0
2025-02-04 12:00:00,4.0,0.37976605,1.0998183,-0.90100116,-0.32516456,-0.7624445,-1.4078634,-0.94516826,-0.123977825,1.1171829,1.8482779,2.0542574,0.43081594,0.83236116,1.1983204,-0.52833456,-0.44731188,0.58553183,0.66111547,2.0992181,0.6043125,0.24078031,0.9110694,-0.5664675,-0.06813182,0.06813182,-0.5178322,0.6228546,0.30522594,-0.2797921,-0.6471837,0.48444042,0.67117196,0.1408996,1.231406,0.5202698,0.29635787,-1.1826589,0.0,1.0,0.8660254,0.5,-0.8660254,0.5,0.0,0.0,1.0,0.0,0.0
2025-02-04 16:00:00,3.0,-0.6600809,0.011046544,-0.23811902,1.9132732,-0.11695848,-0.5704882,0.4573669,-1.1897073,1.0218536,1.726907,2.0178378,0.29756817,0.63818824,1.0362394,-0.66230166,-0.3572781,0.6001119,0.6280218,1.9900501,0.41218284,0.03150621,0.78709954,0.8282177,0.09757743,-0.09757743,-0.7007972,0.3625391,0.16715282,-0.29059935,-0.64838195,0.29471797,0.6188986,-0.06944855,-0.95083266,-0.25523674,0.17606547,-1.3501456,0.95105654,0.309017,0.8660254,0.5,1.2246469e-16,-1.0,0.0,1.0,0.0,0.0,0.0
2025-02-04 20:00:00,3.0,-0.20804586,-0.14700557,1.7386674,0.566882,-1.0266603,-0.6027621,-0.30337352,-0.070584364,0.23159748,1.0678986,1.4932066,-0.49914134,0.6233426,1.009185,-0.80639607,0.12319902,-0.3734789,0.60099435,1.7880249,0.3543136,-0.019701099,0.8273494,-0.86310977,0.09936242,-0.09936242,-1.6039522,0.41743118,0.103315555,0.2368809,-0.8705205,0.30989316,0.65829754,-0.07601238,0.16779399,-0.37517703,0.17011754,-1.2810646,0.95105654,0.309017,0.8660254,0.5,-0.8660254,-0.5,0.0,0.0,1.0,0.0,0.0
2025-02-05 12:00:00,3.0,-0.23469979,-0.04334663,1.7120098,0.27176693,-1.3516552,-1.6130539,-0.92320675,-0.12941585,-0.713525,0.23811193,0.7999289,-1.4697764,0.6044794,0.97974694,-0.9721601,-0.26046398,-0.44100624,0.37788376,1.727095,0.28225875,-0.04960159,0.9061755,-1.813288,0.1214561,-0.1214561,-1.8290346,0.37333515,-0.009982094,1.0541121,-1.8031119,0.24837299,0.56798893,-0.0911534,0.7016574,-0.5904294,-0.01610067,-0.73008347,0.95105654,0.309017,0.8660254,0.5,-0.8660254,0.5,0.0,0.0,1.0,0.0,0.0
2025-02-05 16:00:00,3.0,0.81093496,0.495827,0.7696861,-0.32539088,0.30341998,-0.6375856,0.9349912,0.63412195,-0.1604907,0.47953442,0.9423512,-0.75158805,0.77187645,1.0968338,-0.9017704,0.03917423,-0.13985282,0.3230859,1.8960505,0.51311976,0.14574434,0.93505335,1.2255086,-0.2281082,0.2281082,-1.2218783,0.39733917,0.4123153,0.9374203,-1.428893,0.44948182,0.17691708,0.117542736,1.2257903,0.30243203,0.28999302,-0.7712255,0.58778524,-0.809017,0.8660254,0.5,1.2246469e-16,-1.0,0.0,1.0,0.0,0.0,0.0
2025-02-05 20:00:00,3.0,0.18540175,0.86850137,-0.37202513,-0.28566706,-0.8005834,-0.55514044,-0.26293796,-0.11338997,-0.6033558,0.032433413,0.5431464,-1.1660305,0.8220858,1.1242213,-0.8516879,-0.048904836,-0.3364634,0.42346314,1.9540021,0.5461588,0.22941607,1.0213997,-0.6531844,-0.25020796,0.25020796,-1.2392545,0.44829124,0.53688544,1.4644741,-1.3464541,0.51827586,0.15464844,0.22839136,1.7517873,0.44994095,0.4256359,-0.6778933,0.58778524,-0.809017,0.8660254,0.5,-0.8660254,-0.5,0.0,0.0,1.0,0.0,0.0
2025-02-06 12:00:00,3.0,0.19115508,1.3271518,-1.2530898,-0.749091,-0.9532029,-1.554526,-1.018892,-0.15229914,-1.1119101,-0.49809408,0.052307274,-1.6544297,0.8714442,1.1514245,-0.7893158,0.33657464,-0.020711739,0.35785317,1.9220428,0.5666157,0.35355598,1.1390744,-1.2597519,-0.4845632,0.4845632,-1.5670289,0.3791826,0.67752594,2.1157892,-1.6381559,0.607753,0.23630911,0.3979697,2.191159,0.6054411,0.5428224,-0.69054735,0.58778524,-0.809017,0.8660254,0.5,-0.8660254,0.5,0.0,0.0,1.0,0.0,0.0
2025-02-06 16:00:00,3.0,-0.7980834,-1.3780583,0.48859444,-1.1138471,-0.32014772,-0.5358306,1.3095114,0.1844954,-0.9979952,-0.5508588,-0.027538424,-1.4303728,0.5731499,0.93961865,-0.8873262,0.070021495,0.1313226,0.22049645,1.6753105,0.29258463,0.046234004,0.9364052,0.22054976,-0.1772288,0.1772288,-1.1030122,0.060726106,0.44365826,2.0033565,-1.3050512,0.5213126,0.70057666,0.07011678,-1.0737355,-0.5297683,0.324821,-0.6858467,-0.58778524,-0.809017,0.8660254,0.5,1.2246469e-16,-1.0,0.0,1.0,0.0,0.0,0.0
2025-02-06 20:00:00,3.0,-0.7603377,-1.2529949,-1.380868,1.2025974,-0.5925821,-0.29980636,-0.12856622,-0.09016394,-1.1071529,-0.75312984,-0.23916376,-1.480455,0.31848177,0.75997317,-1.1003987,-0.16530998,-0.29208437,0.28042057,1.740715,0.063826516,-0.24428207,0.7948333,-0.5144382,0.11321962,-0.11321962,-0.7805348,-0.29998463,0.21118443,2.1030684,-0.9239562,0.17319,0.731863,-0.18074676,-1.5909646,-1.2454672,0.1185618,-0.6532043,-0.58778524,-0.809017,0.8660254,0.5,-0.8660254,-0.5,0.0,0.0,1.0,0.0,0.0
2025-02-07 12:00:00,3.0,-0.32664114,-0.28610528,0.317319,2.112067,-1.0347965,-1.2738081,-0.92763394,-0.1484814,-1.5319147,-1.214309,-0.7004636,-1.906732,0.28514737,0.7286597,-1.3254775,-0.6975058,-0.44082606,0.12982915,1.6584095,-0.017287455,-0.34434968,0.82085574,-1.6006421,0.03603201,-0.03603201,-1.3194523,-0.5526849,0.11292665,2.60002,-1.4810722,0.079438016,0.3083508,-0.24181196,-2.0193884,-1.4146552,0.06430949,-0.6141609,-0.58778524,-0.809017,0.8660254,0.5,-0.8660254,0.5,0.0,0.0,1.0,0.0,0.0
2025-02-07 16:00:00,3.0,0.2124732,0.09028673,2.5822926,-1.144852,0.021728477,-0.30843973,0.907059,0.32804784,-0.94298095,-0.8905735,-0.524642,-1.0771196,0.38640246,0.7828494,-1.3090035,-0.6867524,-0.49997628,0.095388114,1.5668834,0.164517,-0.30285737,0.72553724,0.5854041,-0.25093547,0.25093547,-1.2555677,-0.36390653,0.37803867,2.1170683,-0.9144458,0.40664718,0.39440674,-0.21326691,0.069534704,-0.4906129,0.22337942,-0.6895736,-0.95105654,0.309017,0.8660254,0.5,1.2246469e-16,-1.0,0.0,1.0,0.0,0.0,0.0
2025-02-07 20:00:00,3.0,-0.76297563,-1.1937963,0.25851017,-0.42815065,-0.4112768,-0.37296754,-0.33321208,-0.023409646,-0.935573,-0.9408596,-0.61441886,-1.0198145,0.090646476,0.5872496,-1.4398384,-1.1205044,-0.5318131,0.08388348,1.4434284,-0.07032457,-0.6360007,0.5293105,-0.21777306,0.081910975,-0.081910975,-1.3616241,-0.79342896,0.1391763,2.0222309,-0.58255357,0.034720097,0.43848097,-0.5053311,-0.94161665,-0.53153217,-0.24515393,-0.6720277,-0.95105654,0.309017,0.8660254,0.5,-0.8660254,-0.5,0.0,0.0,1.0,0.0,0.0
2025-02-10 12:00:00,3.0,0.006802342,0.9982436,0.21094975,-1.2346675,-1.0160469,-1.2020934,-0.91095513,-0.15710044,-1.4062077,-1.3773632,-1.0651635,-1.5392301,0.15321551,0.6158079,-1.5308288,-0.750047,-0.46980262,-0.54803854,1.4621686,0.05610588,-0.53912634,0.6372054,-1.6113089,0.23281547,-0.23281547,-0.6241163,-0.70678174,0.20408331,2.5353453,-0.9324063,-0.048545435,0.3770849,-0.39013812,0.08785483,-0.31282339,-0.10577501,-0.7507859,-0.95105654,0.309017,0.8660254,0.5,-0.8660254,0.5,0.0,0.0,1.0,0.0,0.0
2025-02-10 16:00:00,3.0,0.14100365,0.13106748,0.30742052,0.98652226,-0.19281174,-0.4587515,0.6054158,0.24613088,-1.2139342,-1.3142298,-1.1071907,-1.2129428,0.25752577,0.6771395,-1.4496042,-0.34955943,-0.3677162,-0.5379247,1.7997334,0.28934234,-0.42875364,0.6475597,0.11488797,-0.20701817,0.20701817,-0.74471337,-0.43268374,0.43281657,2.4208987,-0.69725007,0.10685557,0.5330726,-0.28121096,0.58954704,-0.3463869,0.16920774,-0.65324503,0.0,1.0,0.8660254,0.5,1.2246469e-16,-1.0,0.0,1.0,0.0,0.0,0.0
2025-02-10 20:00:00,3.0,0.68258065,0.7396077,-0.58084065,0.19335994,0.67893547,0.84926903,0.6676266,-0.18485145,-0.536183,-0.8447335,-0.79350245,-0.29777282,0.4978764,0.83008,-1.1638724,0.10291523,-0.45562655,-0.37756267,1.9081274,0.8957949,-0.16368209,0.6336471,1.4370486,-0.6965638,0.6965638,-0.2638326,0.24834706,0.7932239,1.8727647,0.26760253,0.5230486,0.42296943,-0.030036213,1.1029483,0.7938678,0.642326,-0.6225917,0.0,1.0,0.8660254,0.5,-0.8660254,-0.5,0.0,0.0,1.0,0.0,0.0
2025-02-11 12:00:00,3.0,-0.38990623,-0.20090841,-0.18279505,2.2498257,-1.1377556,-0.9310617,-1.0223889,-0.19823296,-1.0821239,-1.2579155,-1.1899076,-0.9600094,0.482085,0.8166042,-1.1095968,-0.18384762,-0.6715801,-0.65945333,1.7908983,0.6277276,-0.18134576,0.6983897,-1.5807239,-0.63312346,0.63312346,-0.029767318,0.30853903,0.777303,2.333437,-0.52557874,0.5761176,0.50512975,-0.017350623,1.5909646,0.5738819,0.6488284,-0.9011698,0.0,1.0,0.8660254,0.5,-0.8660254,0.5,0.0,0.0,1.0,0.0,0.0
2025-02-11 16:00:00,3.0,-2.7195039,-1.239706,-0.021491824,0.017170336,0.437165,-0.51593137,-0.001182016,-2.907836,0.122333676,-0.31413132,-0.35527304,0.45664707,-1.1170814,-0.13231957,-1.3984838,-1.1980759,-1.7544712,-1.0827053,1.7095973,-1.6754733,-1.580704,-0.26758316,0.5243488,2.5298247,-2.5298247,1.8726742,-0.37783012,-0.3332952,0.8890866,0.4612741,-1.3287708,0.032199915,-1.5206048,-1.1055856,-2.4057233,-1.1598225,-1.3066818,0.95105654,0.309017,0.8660254,0.5,1.2246469e-16,-1.0,0.0,1.0,0.0,0.0,0.0
2025-02-11 20:00:00,3.0,2.0599904,1.5269711,-1.3398823,-1.1475184,1.960385,0.66161895,0.527034,-0.25573525,0.9426479,0.37687978,0.18384264,1.3076472,-0.34278995,0.33926794,-1.1419631,-0.09020006,-0.7434769,-0.3346209,1.8392273,0.8358173,-0.68966204,0.01779638,1.4381497,-1.0078292,1.0078292,2.6439092,0.6822767,0.9888009,0.4238812,1.8327212,0.01888608,-0.56883055,-0.59384876,-0.0269655,-1.4728901,0.93745255,-1.1181029,0.95105654,0.309017,0.8660254,0.5,-0.8660254,-0.5,0.0,0.0,1.0,0.0,0.0
2025-02-12 12:00:00,3.0,-0.884346,-1.417185,-0.51444125,-0.10880785,-0.5181745,-1.253376,-1.0592575,-0.17169483,0.28789017,0.0067064133,-0.086264774,0.5286403,-0.77950263,0.09443566,-1.1699144,-0.7162045,-0.82789975,-0.76151747,1.6460663,-0.031377826,-1.0953735,-0.14332381,-0.74074024,0.1984534,-0.1984534,2.5751512,0.03017267,0.6688621,0.57510275,1.3062582,0.6121538,-0.6009488,-1.0570505,-1.0703416,-1.8380034,0.11437036,-0.84046626,0.95105654,0.309017,0.8660254,0.5,-0.8660254,0.5,0.0,0.0,1.0,0.0,0.0
2025-02-12 16:00:00,3.0,-1.7522326,-1.1067791,0.28751123,-0.14062771,0.22746733,0.105135776,0.9006365,-1.6681885,0.4705673,0.2370153,0.17392375,0.631259,-1.8159767,-0.5865757,-1.38187,-2.1246421,-1.4828339,-1.3209195,1.263166,-2.5999384,-2.0111318,-0.741333,0.31640097,3.0,-3.0,2.224209,-1.2934813,-0.26501316,0.08797922,0.87242395,-2.1558897,-0.6955917,-2.0564055,-1.5438347,-0.4094049,-2.0709615,-0.3417062,0.58778524,-0.809017,0.8660254,0.5,1.2246469e-16,-1.0,0.0,1.0,0.0,0.0,0.0
2025-02-12 20:00:00,3.0,0.76448846,0.84199417,0.623418,-1.2033075,1.2399281,1.0114686,0.11689414,-0.13052827,0.7213549,0.48859632,0.39048472,0.8521073,-1.4549042,-0.36748317,-1.2880756,-1.4273132,-1.302163,-1.2850535,1.4042101,-0.85759264,-1.5395032,-0.6603019,1.2816563,0.77762693,-0.77762693,2.3197467,-0.08849066,0.5425069,-0.05067399,1.7025006,-0.79973805,-0.8209437,-1.5541618,0.026703503,-1.1556488,-0.4079087,-0.14225703,0.58778524,-0.809017,0.8660254,0.5,-0.8660254,-0.5,0.0,0.0,1.0,0.0,0.0
2025-02-13 12:00:00,3.0,0.17012037,0.9498447,-1.1156806,0.227643,-0.51917547,-1.2496645,-1.0634639,-0.12974577,0.09691111,0.06509421,0.04151597,0.16974461,-1.3810275,-0.29948196,-1.192803,0.19334991,-0.9129291,-1.0961123,1.4077082,-0.026146824,-1.3556204,-0.5786937,-0.7603963,-0.3433219,0.3433219,1.2817259,0.22776051,1.0997087,0.34489393,0.2740421,0.04403987,-0.88072664,-1.348596,0.5504329,-0.3792296,0.35418358,0.12185828,0.58778524,-0.809017,0.8660254,0.5,-0.8660254,0.5,0.0,0.0,1.0,0.0,0.0
2025-02-13 16:00:00,3.0,1.1453683,0.23484719,-0.6793813,1.7314341,1.2733183,0.16008261,0.9915482,1.7708998,0.52141476,0.3939847,0.30577922,0.6187967,-0.742401,0.06805613,-0.8491017,-0.39007518,-0.39170408,-0.7258396,1.0869968,2.2901363,-0.69404703,-0.3620296,1.2627661,-0.7096081,0.7096081,0.4197312,0.9700213,1.1706513,0.19323778,-0.09366823,2.8406613,-1.0235058,-0.6790216,1.066439,1.6026117,0.6978937,0.29994798,-0.58778524,-0.809017,0.8660254,0.5,1.2246469e-16,-1.0,0.0,1.0,0.0,0.0,0.0
2025-02-13 20:00:00,3.0,0.44910643,0.71194017,-1.268385,1.0273181,0.28210047,1.0029733,0.115477614,-0.062807985,0.4090755,0.3480294,0.27827635,0.47425213,-0.43432996,0.2524416,-0.54959095,0.4248786,-0.25034383,-0.5304766,1.053093,2.5317912,-0.38400823,-0.23702617,0.39060384,-1.0758423,1.0758423,0.26237276,1.725679,1.3631276,0.30409288,0.23017599,3.0,-1.1041026,-0.36340684,1.5679073,1.3802859,1.1448873,0.36015275,-0.58778524,-0.809017,0.8660254,0.5,-0.8660254,-0.5,0.0,0.0,1.0,0.0,0.0
2025-02-14 12:00:00,3.0,-0.4266297,-0.5048278,0.7924911,1.0764089,-1.2635102,-1.3394942,-1.1349921,-0.10608257,-0.42971662,-0.27543402,-0.23985763,-0.44982937,-0.51388514,0.18730126,-0.3851931,1.3169992,-0.77069867,-0.9554369,1.0551869,1.4603693,-0.36396274,-0.1653015,-1.6792712,-0.82025665,0.82025665,-0.993623,0.5338243,1.1097475,0.9326652,-0.45468128,2.5963082,-1.6754657,-0.29853627,-1.0452715,1.09,0.774032,0.47486225,-0.58778524,-0.809017,0.8660254,0.5,-0.8660254,0.5,0.0,0.0,1.0,0.0,0.0
2025-02-14 16:00:00,3.0,-1.2389998,-0.7748693,1.0216186,0.019640813,-0.394653,2.1712928,3.0,-1.3650321,-0.5157257,-0.3735213,-0.30955482,-0.5422394,-1.3324392,-0.40745464,-0.46726647,0.06959604,-1.1673849,-1.401565,0.76245207,-0.26253584,-0.9689169,-0.67039335,-0.42231235,0.261648,-0.261648,-0.31817663,-1.8894066,0.117847264,0.9256659,-0.7722294,0.562336,-1.6224396,-1.0071291,-1.5111291,-0.65094507,-0.7707385,0.46982,-0.95105654,0.309017,0.8660254,0.5,1.2246469e-16,-1.0,0.0,1.0,0.0,0.0,0.0
2025-02-14 20:00:00,3.0,-0.5873128,-0.79094404,2.23234,-1.28786,-0.37657255,-0.22137149,-0.8876139,-0.027003774,-0.6801496,-0.54915863,-0.47349566,-0.7062592,-1.5587114,-0.6238046,-0.60098726,-0.43005255,-0.14731848,-1.645984,0.81759757,-0.8270537,-1.1283534,-0.9230492,-0.33240157,0.53546256,-0.53546256,-0.23468268,-2.7437158,-0.21034677,1.1074435,-0.62248355,-0.019227415,-1.470055,-1.1560355,-1.9559176,-1.2570397,-1.1487014,0.5100334,-0.95105654,0.309017,0.8660254,0.5,-0.8660254,-0.5,0.0,0.0,1.0,0.0,0.0
2025-02-18 12:00:00,3.0,-0.20209259,0.34455317,-0.30943134,1.0054947,-1.3148412,-1.151946,-0.85784155,-0.034428556,-1.2781993,-1.0856167,-0.9786155,-1.3933011,-1.4913669,-0.64661545,-0.71574557,-1.29173,-1.2997384,-1.4453324,0.7889165,-0.83768845,-0.9947809,-0.8165736,-1.7736268,0.3481331,-0.3481331,-0.9291892,-2.2615316,-0.22131127,1.8667408,-1.323349,-0.74570924,-1.8161137,-0.9927972,0.041615266,-1.0780798,-0.87889785,0.6236908,-0.95105654,0.309017,0.8660254,0.5,-0.8660254,0.5,0.0,0.0,1.0,0.0,0.0
2025-02-18 16:00:00,3.0,0.2480934,0.42956236,-0.12468837,0.6039128,0.71193945,0.98511416,2.2294455,-0.16566017,-0.7602236,-0.78475183,-0.7786723,-0.67097783,-1.1533897,-0.47304717,-0.66858983,-1.399336,-0.74625736,-1.1046666,0.66054934,-0.29753795,-0.77508247,-0.8930561,0.928833,-0.36580858,0.36580858,-1.0825987,-0.95356464,0.55104095,1.4626126,-1.0542151,-0.5060517,-1.8266183,-0.8113451,0.54099846,0.2207171,0.11782807,0.637991,0.95105654,0.309017,0.8660254,0.5,1.2246469e-16,-1.0,0.0,1.0,0.0,0.0,0.0
2025-02-18 20:00:00,3.0,-0.30660847,-0.3126041,1.7074015,0.33462274,-0.9478593,0.5230384,-0.45034665,0.00023438438,-1.1299477,-1.1187258,-1.1058785,-1.0966685,-1.1302558,-0.5163141,-0.69106257,-1.3035595,0.050124068,-1.0814133,0.58013964,-0.5021731,-0.7822455,-0.8933334,-1.2299882,-0.41173968,0.41173968,-1.0643816,0.1200484,0.5234219,1.9337997,-0.9066767,-0.32165557,-1.414887,-0.8051025,1.0403817,0.48567808,0.17876089,0.72197425,0.95105654,0.309017,0.8660254,0.5,-0.8660254,-0.5,0.0,0.0,1.0,0.0,0.0
2025-02-19 12:00:00,3.0,0.5980472,1.5707796,-1.1122916,-1.3326863,-0.40212694,-0.44113412,-0.7113783,-0.08535952,-1.1844325,-1.2387162,-1.278387,-1.0977212,-0.6081995,-0.1636141,-0.51719713,-0.15842623,-0.0741275,-0.973341,0.7294925,0.38957405,-0.20419139,-0.44050962,-0.6194035,-1.1252301,1.1252301,-1.2384514,0.5269447,1.2368176,2.1819391,-0.91288143,0.026771702,-1.3703805,-0.19050755,1.4812882,0.98515457,1.1849874,1.189695,0.95105654,0.309017,0.8660254,0.5,-0.8660254,0.5,0.0,0.0,1.0,0.0,0.0
2025-02-19 16:00:00,3.0,-1.2172941,-1.0777106,0.6427764,-0.48581916,0.15645573,-0.023005052,-0.051463917,-0.7211174,-0.9367272,-1.0908054,-1.1711986,-0.7406494,-1.5185469,-1.0020106,-0.63230366,-0.54299545,-0.82491034,-1.0725232,0.30198622,-0.99958766,-1.0035812,-1.3294514,0.30143815,0.21707141,-0.21707141,-0.7701205,-0.6366677,-0.11763997,1.7606584,-0.6575626,-0.62498814,-0.95709544,-1.0431602,-0.96327007,-0.43464652,-0.4783704,1.203642,0.58778524,-0.809017,0.8660254,0.5,1.2246469e-16,-1.0,0.0,1.0,0.0,0.0,0.0
2025-02-19 20:00:00,3.0,-0.09451334,0.26097643,-0.10672955,1.0109491,-0.6411056,0.19307381,-0.16712779,-0.09832186,-1.1019382,-1.2523534,-1.352644,-0.91791934,-1.3473634,-0.9327976,-0.70905495,-0.48156697,-1.476447,-1.0923592,0.229539,-0.8778342,-0.9286968,-1.2594777,-0.8328418,-0.06133914,0.06133914,-0.7695754,0.48836532,0.118721575,1.9942608,-0.3440027,-1.0809016,-0.87240994,-0.9300197,0.024544034,-0.28678674,-0.1348955,1.2559206,0.58778524,-0.809017,0.8660254,0.5,-0.8660254,-0.5,0.0,0.0,1.0,0.0,0.0
2025-02-20 12:00:00,3.0,-0.37936044,-0.44978848,-0.66407216,2.2865837,-1.063567,-1.2011148,-0.9673602,-0.10202733,-1.4340198,-1.5482671,-1.6470717,-1.3376032,-1.3836447,-1.0396246,-0.84363246,-0.87302095,-1.8595078,-1.2360528,0.19758606,-1.1422598,-1.0172024,-1.2513459,-1.3415776,0.08906878,-0.08906878,-0.8361875,-0.22689879,-0.07560904,2.3451777,-0.96243924,-1.233772,-0.72926563,-0.99564964,-0.95721734,-0.95653033,-0.23707333,1.3689505,0.58778524,-0.809017,0.8660254,0.5,-0.8660254,0.5,0.0,0.0,1.0,0.0,0.0
2025-02-20 16:00:00,3.0,-2.545071,-1.8622469,-0.5823318,-1.2350078,2.0804555,0.30347356,1.3587775,-0.02155647,-0.07402746,-0.5242736,-0.751808,0.4326545,-3.0,-3.0,-1.3265576,-2.255475,-2.799624,-2.1528213,-0.14990006,-3.0,-2.644891,-3.0,1.4184883,3.0,-3.0,0.20933233,-1.827551,-2.4595625,0.45310804,0.41419575,-2.9411275,-1.3556752,-2.750479,-1.4480981,-2.21857,-3.0,1.7200893,-0.58778524,-0.809017,0.8660254,0.5,1.2246469e-16,-1.0,0.0,1.0,0.0,0.0,0.0
2025-02-20 20:00:00,3.0,0.11326471,0.25001782,-1.148632,1.9315531,0.06044045,1.5991812,0.36816022,0.021538818,-0.10988056,-0.49822155,-0.7391078,0.3670175,-2.6465173,-2.6587124,-1.5825287,-2.4249837,-2.0613723,-1.950005,-0.24849588,-3.0,-2.2685664,-2.8538733,0.28790784,2.6181366,-2.6181366,-0.07509512,0.21787365,-1.9154315,0.44500172,0.5868703,-3.0,-1.6534237,-2.3178988,0.024544034,-1.9386014,-2.7462654,1.7301457,-0.58778524,-0.809017,0.8660254,0.5,-0.8660254,-0.5,0.0,0.0,1.0,0.0,0.0
2025-02-21 12:00:00,3.0,-0.8174506,-1.4329023,-0.734688,-0.07544342,-0.4641886,-0.5180351,-0.9229889,-0.027563112,-0.40442815,-0.6731239,-0.87685305,-0.017875157,-2.7811415,-2.9477432,-1.8791481,-2.1410327,-2.1001978,-1.4019854,-0.29245633,-3.0,-2.5401042,-2.9781108,-0.6129034,3.0,-3.0,0.11354972,-1.0103416,-2.5065951,0.48529246,0.24216485,-3.0,-1.5666685,-2.5955226,-0.95721734,-2.2094252,-3.0,1.8858371,-0.58778524,-0.809017,0.8660254,0.5,-0.8660254,0.5,0.0,0.0,1.0,0.0,0.0
2025-02-21 16:00:00,3.0,1.0033028,1.3543686,-0.85603684,-0.91787976,0.45070332,0.8667866,0.6077133,0.038146913,-0.26940593,-0.5685614,-0.8245146,0.17061761,-1.917717,-2.1892176,-1.6097025,-1.481892,-1.5273715,-1.7140396,-0.3537573,-2.0272448,-1.6759118,-2.2999926,0.5558992,1.4904878,-1.4904878,1.0019287,0.48684976,-1.0451291,0.49655512,0.6080486,-2.528792,-1.5231643,-1.686272,0.024544034,0.98771566,-1.8482877,1.5229756,-0.95105654,0.309017,0.8660254,0.5,1.2246469e-16,-1.0,0.0,1.0,0.0,0.0,0.0
2025-02-21 20:00:00,3.0,-1.9995056,-1.3927685,-0.92074716,0.075730614,2.1747162,1.6326547,0.06468966,-0.048851047,0.9573544,0.44494414,0.09604587,1.4072353,-2.6979086,-3.0,-1.5637279,-2.3333879,-2.453964,-2.0178695,-0.92276025,-3.0,-2.4486122,-3.0,1.4979591,2.6495326,-2.6495326,1.0773479,-2.1053398,-2.2060473,-0.7384521,2.1489973,-3.0,-1.8179122,-2.4531937,-0.92785424,-0.663831,-3.0,1.7582104,-0.95105654,0.309017,0.8660254,0.5,-0.8660254,-0.5,0.0,0.0,1.0,0.0,0.0
2025-02-24 12:00:00,3.0,-0.4973804,-1.0148115,-0.41465974,0.43993777,-0.7335512,-0.55121094,-0.9398679,-0.026345644,0.2417091,0.017699111,-0.2198703,0.55670345,-2.6235206,-3.0,-1.811196,-1.2226124,-2.4292102,-1.6265134,-1.0732952,-3.0,-2.5329647,-2.898497,-1.0597379,2.7147758,-2.7147758,0.43787825,-3.0,-2.5683687,-0.4120341,0.37084565,-3.0,-1.7426819,-2.5526297,-1.3656487,-0.3884618,-3.0,1.6389873,-0.95105654,0.309017,0.8660254,0.5,-0.8660254,0.5,0.0,0.0,1.0,0.0,0.0
2025-02-24 16:00:00,3.0,0.30213332,0.34660485,0.17064996,0.68043876,0.46721599,0.43233246,0.34948078,0.08615345,0.33151484,0.12988079,-0.113092646,0.6170434,-2.224968,-2.5756679,-1.6616637,-1.1220422,-2.452714,-1.7727499,-1.2850126,-2.7132857,-2.1546443,-2.5623968,0.77152836,2.1360528,-2.1360528,0.5565966,-1.3708693,-1.9706826,-0.60357374,0.45364988,-2.938575,-1.8939564,-2.1580355,0.11551402,-0.96882325,-2.8006046,1.5474259,0.0,1.0,0.8660254,0.5,1.2246469e-16,-1.0,0.0,1.0,0.0,0.0,0.0
2025-02-24 20:00:00,3.0,0.1705548,0.62252694,-0.38568127,0.48427024,-0.6767229,0.167228,-0.39159793,0.051616866,-0.22513542,-0.26492864,-0.44104558,-0.015697226,-1.9365027,-2.2741468,-1.5454384,-0.5958711,-1.8688705,-1.7736114,-1.1649249,-2.2193666,-1.9237219,-2.3219209,-0.9967922,1.7590461,-1.7590461,0.5589856,0.097531706,-1.7843914,-0.26376337,0.29124293,-2.3621247,-1.8642597,-1.9026815,0.58796203,0.7343692,-2.2980645,1.5236162,0.0,1.0,0.8660254,0.5,-0.8660254,-0.5,0.0,0.0,1.0,0.0,0.0
2025-02-25 12:00:00,3.0,-0.31627962,-0.633979,0.38214123,0.59972537,-0.65447015,-1.1768409,-0.9170368,0.03491691,-0.66275734,-0.6176916,-0.7454224,-0.5153677,-1.905683,-2.2114594,-1.4483898,-1.3081884,-1.9019046,-2.105107,-1.2385647,-2.0826201,-1.9071755,-2.2534454,-1.1185628,1.789096,-1.789096,0.14947258,-0.8319922,-2.0069828,0.041926645,-0.18623818,-2.0490308,-1.9674289,-1.9156122,-0.8802102,0.8236457,-2.2822187,1.2897937,0.0,1.0,0.8660254,0.5,-0.8660254,0.5,0.0,0.0,1.0,0.0,0.0
2025-02-25 16:00:00,3.0,-1.8710649,-1.6815953,-0.7519281,-0.96804565,2.1675284,0.39207205,1.2820768,1.4643036,0.80254257,0.52620834,0.28664497,1.0285143,-2.4729571,-2.7937422,-1.3446296,-1.2391604,-2.3976507,-2.6087132,-1.856229,-2.7569168,-2.3440442,-2.612942,1.4989809,2.4944963,-2.4944963,-0.047994886,-2.4686446,-2.592742,-1.1604642,-0.1051886,-2.341265,-2.4730513,-2.38035,-1.3245735,-0.831039,-2.9899106,1.4166467,0.95105654,0.309017,0.8660254,0.5,1.2246469e-16,-1.0,0.0,1.0,0.0,0.0,0.0
2025-02-25 20:00:00,3.0,2.5398078,1.4993366,-0.9732797,-0.94670725,1.9196637,0.9421165,-0.044767458,0.026975097,1.8578353,1.4347901,1.0730659,1.9448721,-1.2098831,-1.6687542,-0.5741321,0.53894466,-0.48206165,-1.769087,-1.5666927,-0.87833107,-0.97827834,-1.765254,1.466692,0.5493724,-0.5493724,1.0362964,-0.44491732,-0.22706206,-1.4530063,1.1699779,-1.5367037,-2.2536983,-0.9529611,0.1560415,1.0579553,-0.8301499,1.6801533,0.95105654,0.309017,0.8660254,0.5,-0.8660254,-0.5,0.0,0.0,1.0,0.0,0.0
2025-02-26 12:00:00,3.0,-0.15334849,-0.2142173,0.02590963,1.813738,-0.7840438,-1.2023734,-1.024588,-0.028616585,0.84725386,0.8069574,0.6192566,0.88361186,-1.1742343,-1.603573,-0.23271063,0.27850795,-0.5946014,-1.4884115,-1.5377464,-0.8255402,-0.9381678,-1.6896057,-1.15378,0.33460322,-0.33460322,1.0680709,-1.2617143,-0.3602727,-1.0557202,0.4995024,-0.9164633,-2.2027478,-0.89055306,-0.82948375,1.1535101,-0.8098964,1.6807989,0.95105654,0.309017,0.8660254,0.5,-0.8660254,0.5,0.0,0.0,1.0,0.0,0.0
2025-02-26 16:00:00,3.0,-0.7260758,0.48832873,0.7911791,-0.20876768,-0.2066788,0.94826174,1.6795979,-2.108382,0.5828982,0.66715723,0.56921303,0.55516887,-1.3933328,-1.7870158,-0.060575765,-0.25951797,-0.60251206,-1.5440686,-1.8197552,-1.1658323,-1.1666831,-1.7939116,0.12547036,0.79333156,-0.79333156,1.1077662,-3.0,-0.835106,-1.1691664,0.7492843,-1.2390785,-2.121406,-1.1379107,-1.2794394,1.8713837,-1.2515591,1.2556734,0.58778524,-0.809017,0.8660254,0.5,1.2246469e-16,-1.0,0.0,1.0,0.0,0.0,0.0
2025-02-26 20:00:00,3.0,-0.06631751,-0.039251998,-0.4920254,2.1319692,-0.33277765,0.58425885,-0.40871018,-0.027334552,0.25264242,0.43024966,0.40011635,0.1938696,-1.3261658,-1.6915351,0.1087271,-0.12102268,-1.0342321,-1.5152091,-1.8253077,-1.0465411,-1.0833201,-1.7245959,-0.15520571,0.7247392,-0.7247392,1.0733598,-1.3503833,-0.846037,-0.9926945,0.92675346,-1.2436516,-2.150612,-1.0633148,0.186903,-0.19824058,-1.1681912,1.0734415,0.58778524,-0.809017,0.8660254,0.5,-0.8660254,-0.5,0.0,0.0,1.0,0.0,0.0
2025-02-27 12:00:00,4.0,-0.26129293,-0.84188634,0.03910471,0.35442197,-1.0485305,-1.4169283,-1.02598,-0.022226747,-0.5237324,-0.19725893,-0.13207714,-0.63731647,-1.336252,-1.6722991,0.17716202,0.83005327,-0.33534554,-1.6242335,-1.6653458,-1.041533,-1.0867668,-1.7015756,-1.5453229,0.12451267,-0.12451267,0.45107788,-2.2841287,-1.1789283,-0.5149835,-0.62450564,-1.0575651,-2.116685,-1.0601157,-0.7882431,-0.3028112,-1.2252498,1.0078431,0.58778524,-0.809017,0.8660254,0.5,-0.8660254,0.5,0.0,0.0,1.0,0.0,0.0
2025-02-27 16:00:00,4.0,3.0,1.2151495,0.12158026,-1.2917722,2.2495475,1.3968927,2.619718,1.2634189,1.8482317,1.5918374,1.3822721,1.7470621,-0.04975164,-0.5632152,1.2697505,1.2553194,1.2649297,-0.6709605,-1.0778404,1.191728,0.44032162,-0.8941638,1.5075691,-0.6342094,0.6342094,0.47278216,0.99134266,0.7326086,-1.3881599,0.10988522,1.0122039,-1.2584786,0.5289856,0.186903,2.237876,0.49180698,0.65123117,-0.58778524,-0.809017,0.8660254,0.5,1.2246469e-16,-1.0,0.0,1.0,0.0,0.0,0.0
2025-02-27 20:00:00,3.0,-1.5273912,-1.5529643,-0.4775215,-0.93104655,0.45813066,1.271786,-0.30619004,-0.045329876,1.8859617,1.812495,1.7348121,1.5832597,-0.7137289,-1.1604629,1.4199153,0.31986776,0.42407173,-1.2794214,-1.5285692,0.26974127,-0.19879167,-1.2499344,1.0061792,0.23510842,-0.23510842,0.8126132,-2.285881,-0.18485802,-1.6143807,0.7633857,0.7316215,-1.2165422,-0.1997519,-0.76301944,1.0150713,-0.4361216,0.7465134,-0.58778524,-0.809017,0.8660254,0.5,-0.8660254,-0.5,0.0,0.0,1.0,0.0,0.0
2025-02-28 12:00:00,4.0,0.4102411,1.7870809,-1.3981328,-1.3566079,-0.8364715,-0.8216451,-0.9090704,-0.02560335,0.843029,1.091507,1.1667367,0.5768986,-0.49851063,-0.95416445,1.6761563,1.0338718,0.5498982,-0.8632097,-1.2873858,0.6444375,0.14944704,-1.048323,-1.1091485,-0.13395518,0.13395518,0.7079229,-0.9482771,0.083269216,-1.1605875,0.34368208,0.6121702,-1.1766328,0.17982128,0.19573371,1.3879838,-0.041132044,0.7638552,-0.58778524,-0.809017,0.8660254,0.5,-0.8660254,0.5,0.0,0.0,1.0,0.0,0.0
2025-02-28 16:00:00,4.0,0.36830464,0.5124103,1.1876608,-0.64266324,1.1050577,1.5084667,1.4110855,-1.2414728,1.6978906,1.7792915,1.8211735,1.2984585,-0.32011914,-0.7881292,1.765115,1.3068522,0.86747915,-0.7533816,-1.851198,0.8925958,0.2874567,-0.9872906,1.3309885,-0.43327802,0.43327802,0.70162004,1.8666536,0.54862595,-1.4863026,1.1921476,1.0055135,-1.1374153,0.28119233,0.6744761,-0.42780548,0.27823448,0.7572566,-0.95105654,0.309017,0.8660254,0.5,1.2246469e-16,-1.0,0.0,1.0,0.0,0.0,0.0
2025-02-28 20:00:00,4.0,1.5287751,1.3777658,-1.4305543,-0.43417692,0.38243714,0.5457665,-0.5619047,-0.046954006,1.7263325,1.853905,1.9187113,1.2792568,0.20610945,-0.3021814,2.1646833,2.408121,2.3204677,-0.22415386,-1.483694,1.5177094,0.9893096,-0.6274832,0.98420995,-1.3959856,1.3959856,0.6207628,2.3886304,1.5625813,-1.3942966,2.039639,1.3882649,-0.74245906,0.9812089,1.1453027,1.4598755,1.3090667,0.88301533,-0.95105654,0.309017,0.8660254,0.5,-0.8660254,-0.5,0.0,0.0,1.0,0.0,0.0
2025-03-03 12:00:00,4.0,0.8944318,0.87028646,0.04232566,-0.5417818,0.3053758,-0.017388193,-0.4955429,-0.07948242,1.6614925,1.8564404,1.9664133,1.166654,0.51500374,-0.005515517,2.5071838,1.0202566,1.5990238,0.7473214,-1.2242786,1.4646996,1.3437759,-0.40725315,0.8758554,-1.1246253,1.1246253,-0.1958322,2.241749,1.2141329,-1.3245049,0.27624306,1.5458837,-0.72222733,1.3510909,1.6030821,1.561133,1.0223776,0.7876819,-0.95105654,0.309017,0.8660254,0.5,-0.8660254,0.5,0.0,0.0,1.0,0.0,0.0
2025-03-03 16:00:00,4.0,0.74862564,0.6351668,0.957817,-0.7773377,0.1659872,0.6866048,-0.045921136,0.41210124,1.5700021,1.8215926,1.9677116,1.0286713,0.7798845,0.25060803,2.7382393,2.4980183,1.9829671,0.9831017,-1.2226436,1.3393966,1.6227081,-0.21104714,0.8958272,-1.0312784,1.0312784,-1.4857864,2.100186,1.0289667,-1.2456696,0.1588992,1.4385793,-0.69783497,1.5917541,2.0433943,1.5985237,0.92897147,0.7473946,0.0,1.0,1.0,6.123234e-17,1.2246469e-16,-1.0,0.0,1.0,0.0,0.0,0.0
2025-03-03 20:00:00,4.0,-2.2254279,-1.6524439,-0.1484168,-1.2430744,1.1097488,1.6851503,0.083665006,0.14858262,2.2948706,2.445107,2.6090436,1.5098457,-0.31898215,-0.69861627,2.1562948,0.78910047,1.261463,0.49527857,-1.5045356,0.36760354,0.4241221,-0.79445726,1.3582199,-0.091755226,0.091755226,0.25856498,0.46770984,-0.19138809,-1.7078023,1.3103873,0.6889365,-0.5524969,0.3088782,-0.7859209,-0.75054914,-0.07414045,1.0958337,0.0,1.0,1.0,6.123234e-17,-0.8660254,-0.5,0.0,0.0,1.0,0.0,0.0
2025-03-04 12:00:00,4.0,0.73360264,1.4275097,-1.3827058,-0.7550613,-0.62767583,-0.92294747,-0.9551617,-0.00057892065,1.5107027,1.9180919,2.1926289,0.77471817,-0.029510334,-0.42883,2.0243757,1.0434388,1.5942334,0.4616874,-1.075311,0.5532513,0.8149084,-0.54301596,-0.062068492,-0.46453726,0.46453726,0.29284143,0.6345762,0.23168632,-1.4163483,0.23826294,0.3760886,-0.33978274,0.7342431,0.13544394,-0.80047405,0.33407685,1.1731296,0.0,1.0,1.0,6.123234e-17,-0.8660254,0.5,0.0,0.0,1.0,0.0,0.0
2025-03-04 16:00:00,4.0,-3.0,-1.7927536,-1.291964,-0.6077508,1.5901839,1.7881044,1.5622697,-2.3128507,3.0,3.0,3.0,1.9750876,-1.4436942,-1.7686797,0.96956223,-2.3785172,-0.012574403,-0.27444786,-1.9497882,-0.82795453,-0.9168958,-1.4111049,1.4170104,1.555074,-1.555074,0.9839041,-0.7027624,-1.5272075,-2.1927435,1.1337496,-0.55429053,-0.37071392,-1.0696464,-0.8003681,-2.9613972,-1.3770976,1.33174,0.95105654,0.309017,1.0,6.123234e-17,1.2246469e-16,-1.0,0.0,1.0,0.0,0.0,0.0
2025-03-04 20:00:00,1.0,0.8667827,0.7900232,0.052542716,-0.37342554,0.16264556,0.7904133,-0.53935325,0.028958235,2.6350703,2.882848,3.0,1.5390582,-1.061256,-1.4127998,0.5965016,-2.211857,-0.95649576,0.24747373,-1.7295343,-0.47557023,-0.5453054,-1.1729302,0.9284469,1.0031229,-1.0031229,0.93985075,0.13180034,-0.9789841,-2.0327754,0.97760093,-0.61602783,-0.34897158,-0.6601381,0.15899211,-0.9764765,-0.87096244,1.1388204,0.95105654,0.309017,1.0,6.123234e-17,-0.8660254,-0.5,0.0,0.0,1.0,0.0,0.0
2025-03-05 12:00:00,1.0,-1.6009423,-1.5338545,-1.3365012,-0.063188866,0.4582408,-0.94449973,-0.8774449,0.07126085,2.5567663,2.8749921,3.0,1.3803579,-1.5545725,-1.8855641,0.043010596,-3.0,-1.0846317,-0.55228674,-2.0879412,-1.1474116,-1.2146524,-1.4740387,1.0517936,1.7991195,-1.7991195,0.60647595,-0.41938695,-1.7683015,-2.1253443,1.0568519,-1.0503083,-0.5287566,-1.3559557,-0.7675152,-1.957736,-1.612318,1.1688638,0.95105654,0.309017,1.0,6.123234e-17,-0.8660254,0.5,0.0,0.0,1.0,0.0,0.0
2025-03-05 16:00:00,4.0,-0.8032217,-0.72077614,1.3261517,-0.39646882,-0.56892097,0.10842118,0.44545355,-1.3234708,1.8827515,2.4106715,2.795183,0.73113936,-1.7248453,-2.031028,-0.49572286,-2.5130515,-1.6902168,-0.9824611,-2.0679014,-1.4257426,-1.5312258,-1.595224,0.32904103,2.161032,-2.161032,0.4567245,-1.2190642,-2.2643306,-2.0107346,0.19956377,-1.4001101,-0.5967684,-1.6684291,-1.2292299,-0.40051195,-1.9038539,1.1268065,0.58778524,-0.809017,1.0,6.123234e-17,1.2246469e-16,-1.0,0.0,1.0,0.0,0.0,0.0
2025-03-05 20:00:00,4.0,1.264145,1.0614448,-0.54939985,-0.44227153,0.23950994,0.45914584,-0.1446159,0.055258807,1.8447722,2.306148,2.6586637,0.7249728,-1.1733514,-1.5472015,-0.4754146,-2.056898,-1.1615031,-0.3060388,-1.7124088,-0.8602055,-0.9197168,-1.2548511,0.92570686,1.3388506,-1.3388506,0.58698153,-0.38968787,-1.4186261,-1.8583574,0.64746726,-1.1198105,-0.620089,-1.0019009,0.1982629,-0.17424865,-1.2077963,1.1238773,0.58778524,-0.809017,1.0,6.123234e-17,-0.8660254,-0.5,0.0,0.0,1.0,0.0,0.0
2025-03-06 12:00:00,1.0,-0.34652302,-0.8593034,-1.125233,1.4321766,-1.1217432,-1.221311,-0.8865835,0.023011416,1.0559062,1.7305746,2.210413,-0.062703386,-1.2357565,-1.583402,-0.59132856,-0.35587826,-1.94236,0.2059091,-1.7027789,-1.0554297,-1.1136158,-1.2910858,-0.72097903,1.4437369,-1.4437369,-0.5200228,-0.871313,-1.791465,-1.6179756,-0.82362103,-1.0970492,-0.5660554,-1.2062593,-0.729118,0.38190803,-1.3133676,1.0417528,0.58778524,-0.809017,1.0,6.123234e-17,-0.8660254,0.5,0.0,0.0,1.0,0.0,0.0
2025-03-06 16:00:00,1.0,-1.7352566,0.47835383,-1.0074283,1.4468464,0.6450461,0.9987848,1.3794005,-3.0,2.4412942,2.612765,2.8731315,1.2098275,-1.7402427,-2.0347154,-0.698698,-1.8193485,-2.9731946,-1.6050416,-2.1219893,-1.7150588,-1.6587886,-1.5848207,1.0850854,1.3102955,-1.3102955,-0.4194826,-1.9472668,-2.076038,-2.0130434,0.10104026,-2.0273097,-0.91829026,-1.7214048,-1.1651897,-0.033323463,-1.5870326,0.9698917,-0.58778524,-0.809017,1.0,6.123234e-17,1.2246469e-16,-1.0,0.0,1.0,0.0,0.0,0.0
2025-03-06 20:00:00,1.0,-1.7209066,-1.2306746,-0.5773501,-0.08731908,1.2021679,1.5699698,-0.093497105,0.09224641,2.7387097,2.8394153,3.0,1.4060408,-2.1304667,-2.388166,-1.0350329,-1.8925886,-3.0,-2.3500266,-2.3941848,-2.0817676,-2.1051466,-1.830159,1.2524369,1.7456857,-1.7456857,-0.42159218,-2.9371006,-2.4972453,-2.2555249,0.3513597,-1.9872913,-1.2990658,-2.0974822,-1.5899211,-1.2902826,-2.0385647,0.9778628,-0.58778524,-0.809017,1.0,6.123234e-17,-0.8660254,-0.5,0.0,0.0,1.0,0.0,0.0
2025-03-07 12:00:00,4.0,0.30576968,0.6517908,-0.7500774,0.90202725,-1.2379435,-1.340473,-1.046214,0.1517426,1.6876343,2.139627,2.5072582,0.4077194,-1.9451212,-2.1944728,-1.3108675,-1.2733755,-2.5476427,-1.916639,-2.2683935,-1.7303162,-2.0056643,-1.7821913,-0.70881677,1.5826297,-1.5826297,-0.34167773,-2.4571447,-2.538549,-1.9897652,0.06645292,-1.8463212,-1.4659185,-2.033115,0.36532754,-0.965982,-1.8441103,1.0594544,-0.58778524,-0.809017,1.0,6.123234e-17,-0.8660254,0.5,0.0,0.0,1.0,0.0,0.0
2025-03-07 16:00:00,1.0,-1.758949,-0.6812319,2.439157,-1.3274171,0.36235,0.11214834,0.93502223,-2.5551822,1.8322935,2.2077382,2.555291,0.48495996,-2.2773042,-2.4897695,-1.5537419,-2.793716,-3.0,-2.6445065,-2.380728,-1.9387971,-2.455692,-2.0543613,0.8637483,1.846832,-1.846832,-0.98282504,-2.8055565,-2.9726708,-2.0356047,0.086550765,-1.8518312,-1.733711,-2.4739377,-0.63102025,-0.81359833,-2.1050496,1.0920354,-0.95105654,0.309017,1.0,6.123234e-17,1.2246469e-16,-1.0,0.0,1.0,0.0,0.0,0.0
2025-03-07 20:00:00,1.0,2.3878095,1.565961,-0.94421864,-1.2882471,0.8328973,0.2551067,-0.23976634,0.34923562,2.0626693,2.263012,2.5023685,0.7989915,-1.2488755,-1.6717632,-1.0353299,-1.2300329,-1.0816481,-1.3719093,-1.7686512,-1.1009411,-1.3208574,-1.4287459,1.1409175,1.0180099,-1.0180099,0.34641558,-1.9596583,-1.6616791,-1.8518599,1.0467016,-1.3522521,-1.7610625,-1.302693,0.3438715,1.1029532,-1.2095546,1.1738734,-0.95105654,0.309017,1.0,6.123234e-17,-0.8660254,-0.5,0.0,0.0,1.0,0.0,0.0
2025-03-10 12:00:00,1.0,-0.2254377,-0.798716,-0.29392123,0.87002295,-1.4736722,-1.6631933,-1.0081496,0.20758888,1.2143569,1.7154856,2.103892,-0.13927883,-1.2742982,-1.666604,-0.87891394,-0.46564046,-1.4418626,-2.5409698,-1.7328491,-1.0545566,-1.3771318,-1.4868848,-0.87180406,1.0581837,-1.0581837,0.40653145,-2.0030243,-1.9520178,-1.6680745,-0.7083751,-1.0645015,-1.9688398,-1.388013,-0.69338644,0.82823473,-1.2502056,1.4001976,-0.95105654,0.309017,1.0,6.123234e-17,-0.8660254,0.5,0.0,0.0,1.0,0.0,0.0
2025-03-10 16:00:00,1.0,-0.8005272,0.70031893,0.67746764,-0.48258987,0.5211598,1.2777152,2.7734756,-3.0,1.5289948,1.8634905,2.1890295,0.18226375,-1.4650853,-1.8044392,-0.69636834,-0.017278144,-1.1980721,-2.2915962,-1.865712,-1.157207,-1.525569,-1.5925939,0.9171178,1.1784426,-1.1784426,0.13478741,-2.5249114,-2.0554478,-1.7783277,-0.8560436,-1.2012353,-1.8496747,-1.496522,-1.168465,1.0725294,-1.455719,1.2249112,0.0,1.0,1.0,6.123234e-17,1.2246469e-16,-1.0,0.0,1.0,0.0,0.0,0.0
2025-03-11 12:00:00,4.0,-0.38680965,-0.5398224,-0.46969232,1.6735301,0.40255204,1.2101955,-0.30310637,0.28427824,1.6685485,1.9183681,2.2044592,0.31323686,-1.5243195,-1.8262706,-0.58615386,-0.39863777,-1.0676446,-2.528126,-1.7978345,-1.127617,-1.49805,-1.5951773,0.78822565,1.1294397,-1.1294397,0.123051316,-2.6556551,-2.0210838,-1.765267,-0.121233955,-1.1400799,-1.8389566,-1.4468105,-1.6273681,-0.38417828,-1.4221157,1.2160723,0.0,1.0,1.0,6.123234e-17,-0.8660254,-0.5,0.0,0.0,1.0,0.0,0.0
2025-03-11 16:00:00,4.0,-2.6164763,-1.3644742,-0.35796702,-0.5890772,0.90490067,1.371369,-0.2508727,-2.0881941,2.4400246,2.4169161,2.5662165,1.0218077,-2.0891232,-2.3099582,-0.837825,-1.0294505,-2.4454505,-3.0,-2.218104,-1.546013,-2.087476,-1.9840416,1.0722475,1.4715458,-1.4715458,0.47558945,-2.5626192,-2.4936824,-1.950173,0.39659947,-1.4005276,-2.0485816,-1.9897714,-2.0122993,-1.1597838,-1.6841507,1.0491854,0.95105654,0.309017,1.0,6.123234e-17,1.2246469e-16,-1.0,0.0,1.0,0.0,0.0,0.0
2025-03-12 12:00:00,4.0,-0.41214293,-0.6207385,0.52394694,0.53855336,0.24932536,1.223309,-0.31217661,0.44021925,2.2583075,2.3259015,2.4914718,0.79602313,-2.090253,-2.2818546,-1.0410756,-2.4815142,-2.3774545,-3.0,-2.2411573,-1.4081236,-1.9768566,-1.9742445,0.63005143,1.2855698,-1.2855698,-0.9457848,-2.3877885,-2.4562993,-1.9073066,0.013684091,-1.3771524,-1.9940548,-1.8370696,-2.3352551,-0.9599863,-1.5208007,0.990771,0.95105654,0.309017,1.0,6.123234e-17,-0.8660254,-0.5,0.0,0.0,1.0,0.0,0.0
2025-03-12 16:00:00,4.0,-0.15186034,-1.2925012,-1.1280079,0.06656122,0.65422326,-0.035236776,-0.6356352,3.0,2.2726436,2.335093,2.47758,0.8022427,-2.0617237,-2.2235281,-1.0373561,-2.343168,-1.8374606,-3.0,-2.2789912,-1.2740866,-1.7579619,-1.8929148,0.9486168,1.2651995,-1.2651995,-0.89954954,-2.130679,-2.2889788,-1.8658161,0.90282303,-1.2320026,-2.1148374,-1.6479518,-2.2110057,-0.8493003,-1.4940294,0.8924856,0.58778524,-0.809017,1.0,6.123234e-17,1.2246469e-16,-1.0,0.0,1.0,0.0,0.0,0.0
2025-03-13 12:00:00,4.0,0.63023615,0.7060471,-0.20962012,0.41485536,-1.054684,-0.33363053,-0.4329436,0.26695064,1.6129127,1.9216056,2.175688,0.042237267,-1.7593863,-1.9803957,-0.94263244,-1.5621561,-1.0601974,-3.0,-2.086835,-1.0453566,-1.4480042,-1.7836496,-0.25046524,1.0406727,-1.0406727,-0.4734894,-1.6479443,-2.2013638,-1.7424856,0.12955084,-1.1318547,-2.1827908,-1.3405675,0.5142615,0.39653504,-1.3167096,0.8946499,0.58778524,-0.809017,1.0,6.123234e-17,-0.8660254,-0.5,0.0,0.0,1.0,0.0,0.0
2025-03-13 16:00:00,4.0,-0.87390345,-0.3360577,2.4224513,-0.43780464,0.8850228,0.65006614,0.114163935,-1.078303,1.9200338,2.0812476,2.2687166,0.3891828,-1.8784177,-2.0515766,-0.8014068,-1.7809108,-1.4410505,-2.7463596,-1.9280788,-1.1135352,-1.4699444,-1.8034451,1.0834552,1.2852846,-1.2852846,-0.41876727,-1.6550372,-2.1827807,-1.7528474,0.28154784,-1.069417,-2.0223448,-1.3309214,-0.40680388,0.21353401,-1.43612,0.89702886,-0.58778524,-0.809017,1.0,6.123234e-17,1.2246469e-16,-1.0,0.0,1.0,0.0,0.0,0.0
2025-03-14 12:00:00,4.0,-0.36852646,-0.67427754,1.1655352,-0.33569163,-0.8500999,0.54083455,-0.32603428,0.16612862,1.4738849,1.8009226,2.0748692,-0.14540483,-1.8914034,-2.0381572,-0.7849226,-0.60477453,-1.0088184,-2.8138597,-2.1697383,-1.0976695,-1.4542131,-1.8507113,-0.16527857,1.3008119,-1.3008119,-1.7887602,-1.6313506,-2.3316414,-1.8546902,-0.6974909,-1.095217,-2.017616,-1.3512683,-0.841066,0.12669611,-1.4426177,0.89697134,-0.58778524,-0.809017,1.0,6.123234e-17,-0.8660254,-0.5,0.0,0.0,1.0,0.0,0.0
2025-03-14 16:00:00,4.0,0.61749995,0.7220824,1.0276939,-0.7528606,0.35939777,0.3552648,-0.3768898,-0.7346775,1.5222386,1.7751739,2.019192,-0.033206258,-1.5897675,-1.8096591,-0.50590456,-0.07588149,-1.5550109,-1.8653136,-1.9557405,-0.8574855,-1.1094435,-1.6307974,0.7055008,0.90620667,-0.90620667,-1.4294962,-1.2254559,-2.028293,-1.7707368,-0.6020127,-0.91834027,-2.000037,-0.9641674,0.51937616,0.10110203,-1.1232517,0.7368735,-0.95105654,0.309017,1.0,6.123234e-17,1.2246469e-16,-1.0,0.0,1.0,0.0,0.0,0.0
2025-03-17 12:00:00,4.0,0.70927393,1.136884,0.26001316,-1.1979728,-1.4364505,0.079223156,-0.38786113,0.23635785,0.894029,1.3621005,1.724096,-0.78337795,-1.2611316,-1.5666648,-0.21569948,0.3637542,-1.2293954,-1.8156147,-1.6453692,-0.6442914,-0.8428892,-1.5088472,-0.7527652,0.574414,-0.574414,-1.2161698,-0.9157648,-2.00657,-1.6274586,-1.2336652,-0.68024343,-2.1602843,-0.66768235,0.94575214,0.8264989,-0.89715177,0.71351874,-0.95105654,0.309017,1.0,6.123234e-17,-0.8660254,-0.5,0.0,0.0,1.0,0.0,0.0
2025-03-17 16:00:00,4.0,0.31967878,0.83869267,0.97224796,-1.0692524,-0.44785246,-0.899848,-0.60718715,-0.979693,0.7763506,1.2273316,1.6055148,-0.8646836,-1.122926,-1.449309,0.14936656,0.19549106,-0.86369646,-1.3815035,-1.6697611,-0.5130961,-0.65439826,-1.399376,-0.031441934,0.46121818,-0.46121818,-1.2961648,-0.6896069,-1.916725,-1.5404949,-0.97665495,-0.52785736,-2.444018,-0.5233314,1.3683496,1.0909601,-0.7653479,0.6330619,0.0,1.0,1.0,6.123234e-17,1.2246469e-16,-1.0,0.0,1.0,0.0,0.0,0.0
2025-03-18 12:00:00,4.0,0.8500814,0.8823225,0.6943987,-0.91625386,-0.675335,-0.21206386,0.023728454,0.21309286,0.5992462,1.0538579,1.455079,-1.0095221,-0.75416356,-1.1973872,0.5987875,1.0793189,-0.4615023,-1.0013436,-1.557047,-0.25840113,-0.30614528,-1.1961576,-0.21096107,0.1074694,-0.1074694,-1.7618718,-0.41694066,-1.7228394,-1.426486,-1.3950485,-0.29375076,-2.6275012,-0.16988029,1.7680011,1.2263707,-0.49862045,0.6598724,0.0,1.0,1.0,6.123234e-17,-0.8660254,-0.5,0.0,0.0,1.0,0.0,0.0
2025-03-18 16:00:00,4.0,-0.3175037,-1.2614702,-1.0368966,0.20510396,-1.0626478,-0.8562095,-0.5187061,0.79960626,0.32177916,0.8417633,1.3039095,-1.317,-0.8570623,-1.2448574,0.86542916,1.0990598,0.32901725,-1.3354356,-1.7056462,-0.29217348,-0.34133047,-1.2749114,-0.5203519,0.2669607,-0.2669607,-1.6927689,-0.5091411,-1.9225724,-1.3681169,-1.4032896,-0.26162046,-2.2214804,-0.22034284,-0.41829836,0.62912416,-0.59137905,0.34027982,0.95105654,0.309017,1.0,6.123234e-17,1.2246469e-16,-1.0,0.0,1.0,0.0,0.0,0.0
2025-03-19 12:00:00,4.0,0.5834858,0.94472176,-0.97323936,0.46673393,-1.5236216,-1.3775103,-0.49099582,0.3580754,-0.08603192,0.53017896,1.073902,-1.7477866,-0.6143973,-1.0820222,1.2007798,1.0785936,0.66726285,-1.1228667,-1.6510979,-0.06690391,-0.051057816,-1.181304,-0.99207944,-0.061364044,0.061364044,-1.6442306,-0.28447282,-1.9551846,-1.2464874,-1.8323537,-0.14856067,-2.128844,0.022539096,0.5142615,0.82045275,-0.21256238,0.25896564,0.95105654,0.309017,1.0,6.123234e-17,-0.8660254,-0.5,0.0,0.0,1.0,0.0,0.0
2025-03-19 16:00:00,4.0,1.4069943,0.5791784,-0.71009785,1.1607459,-0.387508,-1.6838852,-0.54357225,1.7487861,-0.015998969,0.46893433,0.9765339,-1.4828527,-0.001459738,-0.690962,1.6867002,1.4390593,1.1875848,-0.40848404,-1.3953962,0.50633335,0.5914847,-0.7946352,-0.14685294,-0.91637355,0.91637355,-1.1871502,-0.08537588,-1.4953543,-1.1248862,-1.4039785,0.31947684,-1.4804028,0.7218842,0.94575214,1.1601335,0.3805061,0.35471645,0.58778524,-0.809017,1.0,6.123234e-17,1.2246469e-16,-1.0,0.0,1.0,0.0,0.0,0.0
2025-03-20 12:00:00,4.0,0.5883384,0.47894925,-0.06704994,0.80265707,-0.22215615,-0.45453,0.6556082,0.20290302,0.07795182,0.45278424,0.92510575,-1.2411592,0.23301633,-0.5269261,2.0249436,1.5552431,1.1596825,0.11800475,-1.1896498,0.76054066,0.8415239,-0.60739774,0.066420674,-1.6588359,1.6588359,-1.1373395,0.20888588,-1.2739261,-1.0612066,-1.2562667,0.6371463,-1.1116929,1.0038072,1.3526937,1.6066952,0.8700774,0.18831743,0.58778524,-0.809017,1.0,6.123234e-17,-0.8660254,-0.5,0.0,0.0,1.0,0.0,0.0
2025-03-20 16:00:00,4.0,0.08793365,0.3203304,1.7861348,-0.3939463,-0.6268431,-1.3678825,-0.64299804,-0.4380935,0.041944858,0.38499004,0.8555075,-1.2169461,0.25774765,-0.49873683,2.1664824,1.1663381,1.4703511,0.072641715,-1.1307368,0.82535326,0.8890126,-0.5666471,-0.3947977,-1.4167421,1.4167421,-1.059477,0.43885255,-1.2617835,-1.0162468,-1.167954,0.84605056,-0.81056154,1.0222143,1.7353151,1.2462016,0.88276523,0.15894839,-0.58778524,-0.809017,1.0,6.123234e-17,1.2246469e-16,-1.0,0.0,1.0,0.0,0.0,0.0
2025-03-21 12:00:00,4.0,-0.17351183,-0.65253305,-0.39231947,1.2971232,-1.1569407,-0.63411146,0.14877146,0.28977546,-0.19308537,0.21220274,0.7304661,-1.4989706,0.15652934,-0.54078054,2.1698716,1.2195445,1.5070267,0.43291014,-1.1522658,0.7226937,0.8105534,-0.6173776,-0.9014101,-1.2565478,1.2565478,-1.088048,0.23456098,-1.424016,-0.9663885,-1.1703892,0.7382291,-0.49442378,0.9394432,-0.49327448,0.21572745,0.76737815,-0.070114635,-0.58778524,-0.809017,1.0,6.123234e-17,-0.8660254,-0.5,0.0,0.0,1.0,0.0,0.0
2025-03-21 16:00:00,4.0,-0.5228469,-0.078606956,1.7404261,0.6895858,-0.69815856,0.9327443,0.45581016,-1.0426271,-0.24287568,0.13973345,0.6679636,-1.4871545,-0.114197366,-0.6793609,1.9602768,0.67806023,1.1308231,-0.2787874,-1.2726412,0.56577384,0.61725754,-0.7731741,-0.5867697,-0.9036018,0.9036018,-0.29906964,-0.12404243,-1.6262813,-0.96258926,-0.8593417,0.5890034,-0.40898076,0.7165376,-0.9109828,-0.47843683,0.49756888,-0.91959125,-0.95105654,0.309017,1.0,6.123234e-17,1.2246469e-16,-1.0,0.0,1.0,0.0,0.0,0.0
2025-03-24 12:00:00,4.0,-0.48440915,-1.284291,0.26482728,-0.9895092,-1.2704132,-0.19227436,-0.5697482,0.25089902,-0.46529278,-0.028826002,0.54947674,-1.7199103,-0.35994446,-0.808334,1.6998938,-0.24779347,0.7505625,-0.3508691,-1.3329431,0.3918044,0.4409503,-0.96114033,-1.0254831,-0.57046413,0.57046413,-1.2538534,-0.42605498,-1.9033569,-0.9397422,-1.1640626,0.5326935,0.32040793,0.46654233,-1.314652,-0.82398593,0.3297463,-1.258313,-0.95105654,0.309017,1.0,6.123234e-17,-0.8660254,-0.5,0.0,0.0,1.0,0.0,0.0
2025-03-24 16:00:00,4.0,2.4385626,1.2769718,-0.82734966,-0.552168,0.6331298,-0.91554266,-0.54355943,2.1568642,0.28699347,0.30358353,0.6626165,-0.55039114,0.8747448,-0.01917278,1.7615566,0.72197664,1.4658681,0.51363045,-0.98526144,1.758303,1.5448222,-0.018485455,0.39009374,-1.8440536,1.8440536,0.81736624,0.006366524,-0.7149411,-0.8472359,-0.43809313,1.5281547,0.52995807,1.6479976,0.5142615,0.89635307,1.9828475,0.18658993,0.0,1.0,1.0,6.123234e-17,1.2246469e-16,-1.0,0.0,1.0,0.0,0.0,1.0
2025-03-25 12:00:00,4.0,0.2500128,0.3594044,1.8705449,-0.4870182,-1.1188649,-0.84452426,-0.2889951,0.14920908,-0.11232356,0.07604239,0.51035386,-1.0358601,0.97450095,0.06792401,1.9137138,0.8045883,1.2675567,0.6832907,-0.83302397,1.7368063,1.6596079,0.08970288,-1.0896654,-1.650935,1.650935,0.7907485,0.44291034,-0.7562523,-0.75823396,-0.72128254,1.8403807,1.0380245,1.791084,0.94575214,1.3532023,1.8017851,0.15318213,0.0,1.0,1.0,6.123234e-17,-0.8660254,-0.5,0.0,0.0,1.0,0.0,1.0
2025-03-25 16:00:00,4.0,-0.107958235,-0.631047,-0.19636849,1.1003811,0.17814314,-1.6242517,-0.6756354,0.7550672,0.008139203,0.12304279,0.51814824,-0.84106976,0.895507,0.04198938,1.8091102,0.8302479,1.3123676,1.3463434,-0.8581626,1.4431694,1.4592806,0.08706098,-0.036331814,-1.4157747,1.4157747,1.79432,0.21189636,-0.7396102,-0.77256864,-0.28585514,1.4515057,1.2878151,1.5953916,-0.41210365,1.5214168,1.6416537,-0.025914315,0.95105654,0.309017,1.0,6.123234e-17,1.2246469e-16,-1.0,0.0,1.0,0.0,0.0,1.0
2025-03-26 12:00:00,1.0,0.5510365,0.8709813,-0.39444572,0.12322622,-0.945077,-1.6003801,-0.34648415,0.20121227,-0.33611926,-0.09132145,0.36874804,-1.2397825,1.1496964,0.2421939,1.8265146,1.3455037,1.2965037,1.5861461,-0.7325007,1.4742485,1.6276317,0.33455235,-1.1599643,-1.7136568,1.7136568,1.4533143,0.42997023,-0.6512401,-0.66832334,-0.48162314,1.4008081,1.4695667,1.7848521,0.48813012,0.29223785,1.8982148,0.014431224,0.95105654,0.309017,1.0,6.123234e-17,-0.8660254,-0.5,0.0,0.0,1.0,0.0,1.0
2025-03-26 16:00:00,4.0,0.18648909,-0.70626235,1.7008305,-0.66904765,-1.0811682,-1.2044858,-0.09412598,0.9877425,-0.639666,-0.30121428,0.22185178,-1.5169656,1.1921157,0.30907175,1.8005248,1.6342641,0.91649735,1.6391982,-0.4217541,1.3399903,1.5928338,0.43713608,-1.4159054,-1.3712057,1.3712057,0.98629737,0.6388144,-0.6943686,-0.5680844,-0.4682,1.4324465,1.608052,1.766695,0.91481113,0.25471625,1.6202327,0.24989651,0.58778524,-0.809017,1.0,6.123234e-17,1.2246469e-16,-1.0,0.0,1.0,0.0,0.0,1.0
2025-03-27 12:00:00,1.0,-0.32245106,-0.8848849,-0.44186282,0.78497046,-0.98407406,0.8582737,1.0176222,0.14289553,-0.8819951,-0.4875425,0.09305259,-1.702912,0.9260748,0.18886651,1.6472766,0.276457,0.6311238,1.3729559,-0.506395,1.0477602,1.3249211,0.31378746,-1.3132448,-1.0841645,1.0841645,-1.6224284,0.02936334,-0.93153816,-0.51648384,-1.516108,1.0738564,1.6285101,1.4649774,-0.442211,0.049878735,1.3935664,0.5439757,0.58778524,-0.809017,1.0,6.123234e-17,-0.8660254,-0.5,0.0,0.0,1.0,0.0,1.0
2025-03-27 16:00:00,1.0,1.9378517,1.4529756,-1.1239656,-0.9277647,2.176435,-0.989874,-0.8465329,0.13094825,-0.11197969,-0.14394024,0.21187487,-0.54802233,1.7243918,0.860554,1.6201913,1.1209359,1.2248476,2.0400572,-0.022347169,1.5826169,1.8870004,1.162706,1.0656412,-1.6609765,1.6609765,0.42121577,0.29664034,0.104465775,-0.45422685,-0.4145351,1.3725258,1.4775332,2.018375,0.45740557,0.83031136,1.7945207,-1.4861537,-0.58778524,-0.809017,1.0,6.123234e-17,1.2246469e-16,-1.0,0.0,1.0,0.0,0.0,1.0
2025-03-28 12:00:00,1.0,-0.15638326,-0.6865074,0.22576581,0.7361877,-1.3613917,1.931815,1.5366001,0.16105144,-0.71734256,-0.48898926,0.0031463692,-1.221844,1.5584512,0.8038166,1.695776,1.0855442,1.2111449,2.0166032,-0.17825285,1.3315371,1.7059427,1.160296,-1.8031512,-1.4613428,1.4613428,0.48718733,-0.7717691,-0.09973983,-0.31791702,-1.0380871,1.4011226,1.5352029,1.7310622,-0.442211,0.57602096,1.6372534,-1.4486862,-0.58778524,-0.809017,1.0,6.123234e-17,-0.8660254,-0.5,0.0,0.0,1.0,0.0,1.0
2025-03-28 16:00:00,1.0,-1.6217026,-1.3525805,0.49100178,-1.3770376,1.9322569,0.10391767,-0.73224163,-0.2057834,0.12410692,-0.01573325,0.27346435,-0.23595609,0.5391988,0.16409376,1.140951,0.0069929664,0.838868,1.4413667,-0.2778516,0.5978449,0.6854969,0.39441884,0.9623022,-0.2583028,0.2583028,1.2453012,-1.4649507,-0.4693862,-0.6371912,0.017295115,0.9003307,1.6033516,0.6525439,-0.8874676,-0.4685124,0.6980141,0.6086779,-0.95105654,0.309017,1.0,6.123234e-17,1.2246469e-16,-1.0,0.0,1.0,0.0,0.0,1.0
2025-03-31 12:00:00,1.0,-0.47133228,-0.96403605,-0.19268073,0.33589378,-0.28809997,-0.45191368,-0.511502,0.17683427,-0.12058039,-0.13135096,0.20572232,-0.50559825,0.2695988,-0.008877084,0.7645357,-0.3202602,0.827556,1.1528871,-0.3221525,0.30839464,0.3743149,0.21740873,-0.76921165,0.0735059,-0.0735059,1.2024618,-1.652583,-0.6943661,-0.6343958,0.20754057,0.3681936,1.8780792,0.31647325,-1.3236958,-1.8759651,0.43864137,0.5260696,-0.95105654,0.309017,1.0,6.123234e-17,-0.8660254,-0.5,0.0,0.0,1.0,0.0,1.0
2025-03-31 16:00:00,1.0,0.8508165,0.90375537,-1.3161188,0.8852626,2.6104138,0.8586757,0.41618815,-1.9122515,1.3866698,0.7462551,0.66361064,1.0376301,0.64492136,0.29409453,0.49590388,0.26602188,0.3440176,1.2738273,-0.17450948,0.6117101,0.5457532,0.5707335,1.2915933,-0.5070134,0.5070134,1.3044938,-0.82408035,0.047853183,-0.7719266,2.2244313,0.11110211,1.0715636,0.49153388,0.48134392,-1.1955305,0.7134839,0.26555502,0.0,1.0,1.0,6.123234e-17,1.2246469e-16,-1.0,0.0,1.0,0.0,0.0,1.0
2025-04-01 12:00:00,1.0,1.45781,1.2391355,-0.15092008,-1.1791062,0.73998225,0.9655503,-0.21137156,0.193781,1.4116195,0.84971184,0.7043077,0.99847806,1.2074013,0.7870808,0.5708622,0.05233753,0.74304897,1.4223642,0.14197631,1.1699264,0.9598344,1.083582,0.67545766,-1.3195119,1.3195119,0.71039397,-0.03597692,0.5692627,-0.6548886,1.423598,1.0851917,1.0279456,0.89075744,0.93260384,0.8981758,1.4212481,0.48364627,0.0,1.0,1.0,6.123234e-17,-0.8660254,-0.5,0.0,0.0,1.0,0.0,1.0
2025-04-01 16:00:00,1.0,-1.3365512,-1.7993357,-1.2848926,-1.0373389,0.04410012,0.30100197,-0.47479525,0.22807847,1.1777236,0.84835213,0.7607513,0.5961713,0.4808581,0.27580336,0.37941605,-0.5691971,0.33177438,1.1473786,-0.13780586,0.41324323,0.35907397,0.6140037,-0.190109,-0.4700117,0.4700117,0.9068483,-0.60152775,0.13733773,-0.7653407,1.959146,0.7031301,1.0144712,0.27568927,-0.42117593,0.2876269,0.62964696,-0.7912166,0.95105654,0.309017,0.8660254,-0.5,1.2246469e-16,-1.0,0.0,1.0,0.0,0.0,0.0
2025-04-02 12:00:00,1.0,0.14053032,0.014905845,-0.041235194,2.0714917,-0.03230477,0.5423003,-0.14081903,0.27514645,0.8775921,0.7398878,0.71678233,0.2841105,0.51800895,0.3183567,0.23919006,0.31775355,0.20778836,1.0492684,0.15822224,0.41238552,0.3289025,0.68064326,-0.22965086,-0.5293663,0.5293663,0.23635887,0.096119,0.15915127,-0.70803434,0.91309834,0.331639,0.9944054,0.255494,0.4609738,-0.16009147,0.583461,-0.7485413,0.95105654,0.309017,0.8660254,-0.5,-0.8660254,-0.5,0.0,0.0,1.0,0.0,0.0
2025-04-02 16:00:00,1.0,-0.23909473,1.2576425,-0.44287276,-0.94528645,-0.8998777,-0.8176476,-0.70490927,-1.4480168,0.23200546,0.38967952,0.54110616,-0.32557985,0.38157335,0.23180752,0.08793177,0.43393114,0.07274977,0.68962324,-0.2777227,0.19233757,0.19182125,0.63814276,-1.591852,-0.36117446,0.36117446,0.25687286,-0.2638434,-0.02070305,-0.6299643,0.6676212,0.15671933,0.7256447,0.13151135,-0.43084612,-1.096869,0.4122703,-1.3967036,0.58778524,-0.809017,0.8660254,-0.5,1.2246469e-16,-1.0,0.0,1.0,0.0,0.0,0.0
2025-04-03 12:00:00,1.0,0.29229808,0.16293691,0.77833205,0.9439409,0.1763349,-0.092474274,0.13355151,0.26338792,0.24763036,0.38340884,0.5328733,-0.27914643,0.50017506,0.33673987,-0.0011213599,0.15199256,0.2669644,0.6304621,-0.18720731,0.2975704,0.25393912,0.77642274,-0.02358805,-0.51400673,0.51400673,0.11893733,0.37169018,0.10055088,-0.583359,-0.6438861,0.31207284,0.7052661,0.1973646,0.4609738,0.023720881,0.5643309,-1.3726764,0.58778524,-0.809017,0.8660254,-0.5,-0.8660254,-0.5,0.0,0.0,1.0,0.0,0.0
2025-04-03 16:00:00,4.0,-0.69512224,1.2102414,-1.1625917,-0.20737773,2.3418927,1.5200115,0.53055334,-3.0,2.6946185,2.0031652,1.5047641,1.6999729,0.118678935,0.07193671,-0.18685897,-0.947977,-0.5746514,0.44846654,-0.25332844,-0.20934235,-0.051594764,0.50387305,1.313864,-0.31295517,0.31295517,-0.92559326,-0.5839563,0.37005183,-0.96095455,0.8239242,-0.9694656,0.29563427,-0.102905974,-0.45579216,-0.53707224,0.35788614,-2.1037755,-0.58778524,-0.809017,0.8660254,-0.5,1.2246469e-16,-1.0,0.0,1.0,0.0,0.0,0.0
2025-04-04 12:00:00,4.0,-1.284272,-1.3916537,-0.16461542,-0.8877267,0.09978366,0.33060077,-0.56183314,0.14470726,2.272476,1.9733518,1.6087391,1.1692091,-0.4800034,-0.38608027,-0.46546838,-0.90641767,-0.9413421,0.18108217,-0.58077013,-1.0735885,-0.4760541,0.15129714,0.12386057,0.35448316,-0.35448316,-1.0425189,-1.1997743,0.012697469,-1.0629016,0.837931,-0.7256226,0.2851156,-0.5304153,-0.88436836,-1.1483978,-0.32255167,-1.579249,-0.58778524,-0.809017,0.8660254,-0.5,-0.8660254,-0.5,0.0,0.0,1.0,0.0,0.0
2025-04-04 16:00:00,5.0,-3.0,-1.21065,0.5948016,-1.1141267,1.8260691,1.9806935,0.5273321,-3.0,3.0,3.0,3.0,2.5206847,-1.8428979,-1.7349094,-1.0779649,-3.0,-2.0901392,-0.96461123,-1.9094802,-2.5276425,-1.6114852,-0.9916551,1.2853085,1.500465,-1.500465,1.117885,-1.7218999,-0.6644431,-1.7171166,2.7261465,-2.8415513,0.27359208,-1.6279778,-1.3052951,-2.954207,-1.4983917,0.9849358,-0.95105654,0.309017,0.8660254,-0.5,1.2246469e-16,-1.0,0.0,1.0,0.0,0.0,0.0
2025-04-07 12:00:00,5.0,-2.201706,-1.4933823,-0.4686538,-1.093543,1.1300848,1.762246,-0.15454435,0.28772345,3.0,3.0,3.0,2.2764366,-2.1506565,-2.1604154,-1.5999874,-3.0,-2.6496725,-1.4764543,-2.9785986,-2.20437,-1.9847271,-1.4270445,1.162275,1.4581368,-1.4581368,0.77872187,-1.7951206,-1.046587,-1.9086201,3.0,-2.8043878,0.27359208,-1.921246,-1.6768428,-2.8016531,-1.4567704,0.9304628,-0.95105654,0.309017,0.8660254,-0.5,-0.8660254,-0.5,0.0,0.0,1.0,0.0,0.0
2025-04-07 16:00:00,5.0,-0.63875026,0.45667556,1.6339302,-0.61061823,2.4706917,1.714441,-0.08991634,-3.0,3.0,3.0,3.0,3.0,-2.1398942,-2.1909873,-1.5734284,-3.0,-2.9050977,-2.1050234,-2.7927022,-1.7182767,-1.5968766,-1.1469066,1.26889,0.863163,-0.863163,0.5852232,-1.6987035,-0.5195133,-1.8538245,3.0,-2.079197,0.21692191,-1.4778401,-2.013269,-2.10933,-0.8523694,0.6032027,0.0,1.0,0.8660254,-0.5,1.2246469e-16,-1.0,0.0,1.0,0.0,0.0,0.0
2025-04-08 12:00:00,5.0,0.88918304,0.38817823,1.1542712,0.11379347,0.19249637,0.19047947,-0.76693887,0.3779795,3.0,3.0,3.0,2.2005942,-1.7257239,-1.8339583,-1.574055,-2.915283,-2.800834,-1.85551,-2.5276709,-1.2498132,-1.3254645,-0.9392807,0.9248274,0.6870781,-0.6870781,1.2153465,-1.020471,-0.37359384,-1.772153,2.2326636,-1.350871,0.12638924,-1.1928568,0.52091575,-0.028442172,-0.6736971,0.6694857,0.0,1.0,0.8660254,-0.5,-0.8660254,-0.5,0.0,0.0,1.0,0.0,0.0
2025-04-08 16:00:00,5.0,2.1479433,-0.5683699,1.4913688,-0.29678348,-0.16888842,-0.20664816,-0.42723423,3.0,3.0,3.0,3.0,1.9649984,-0.8277941,-1.0502647,-1.2332578,-1.5775422,-1.7007109,-1.2197102,-1.9172419,-0.72836065,-0.7533836,-0.39041796,0.73841584,0.21154468,-0.21154468,2.032332,-0.5773988,0.21804693,-1.5965947,2.495454,-0.6349185,0.13619888,-0.6259863,0.94327986,1.5171736,-0.18982266,1.0493232,0.95105654,0.309017,0.8660254,-0.5,1.2246469e-16,-1.0,0.0,1.0,0.0,0.0,0.0
2025-04-09 12:00:00,5.0,-2.5952508,-1.3070788,-1.2294981,0.1365563,1.1127425,0.19983587,0.062224686,0.2183145,3.0,3.0,3.0,1.9050305,-1.3395876,-1.6123831,-1.1488631,-1.0137311,-2.5217323,-2.017987,-2.803305,-1.0545899,-1.1339412,-0.83772576,1.1784259,0.85801107,-0.85801107,0.8530495,-0.76162326,-0.16073562,-1.8035547,1.465428,-0.87363106,0.1537736,-1.0415046,-0.30029097,0.97583413,-0.8491277,1.3324169,0.95105654,0.309017,0.8660254,-0.5,-0.8660254,-0.5,0.0,0.0,1.0,0.0,0.0
2025-04-09 16:00:00,5.0,0.61789036,1.1698393,0.45380625,-1.3476326,-0.44095945,-0.662866,-0.62644553,-0.71967214,2.5495586,3.0,3.0,1.0913588,-1.1449537,-1.4388748,-1.0885278,0.12648289,-2.1882405,-1.8413811,-2.6528788,-0.8149444,-1.0010937,-0.7659042,0.20991294,0.72945046,-0.72945046,0.48968205,-0.38081968,-0.2012357,-1.7374911,0.814335,-0.7222828,0.021630881,-0.921936,0.595077,0.7824005,-0.71878827,1.3807555,0.58778524,-0.809017,0.8660254,-0.5,1.2246469e-16,-1.0,0.0,1.0,0.0,0.0,0.0
2025-04-10 12:00:00,5.0,3.0,1.5254532,-0.912674,-1.0853776,1.844886,1.27312,1.1642648,0.21891531,3.0,3.0,3.0,1.8129008,0.55085766,0.2728022,-0.3918051,2.573784,-0.5750674,-0.33089083,-1.2675973,0.19445772,0.23030359,0.5797188,1.2262735,-0.66091627,0.66091627,1.2428668,0.28540987,1.5380785,-1.3894938,0.5168443,-0.043407407,0.07221392,0.31969222,1.1009009,1.6680024,0.6478877,2.1473284,0.58778524,-0.809017,0.8660254,-0.5,-0.8660254,-0.5,0.0,0.0,1.0,0.0,0.0
2025-04-10 16:00:00,5.0,-3.0,-1.4617728,-0.6090781,-0.95098466,0.6667919,-0.6929029,-0.9013497,-1.0503463,3.0,3.0,3.0,1.7352376,-0.31497175,-0.6566577,-0.308301,0.5772203,-1.6667969,-1.7767333,-2.0836158,-0.49545383,-0.43161252,-0.19226289,1.0974745,0.37951908,-0.37951908,1.9694118,0.06390395,0.80901283,-1.6990265,0.8770565,-0.18549119,-0.21356145,-0.4059109,-0.27522522,1.2785529,-0.43104944,2.3258984,-0.58778524,-0.809017,0.8660254,-0.5,1.2246469e-16,-1.0,0.0,1.0,0.0,0.0,0.0
2025-04-11 12:00:00,5.0,1.8363875,1.4333162,-0.46768343,-1.2491064,-0.031693812,-0.3496898,-0.03296978,0.2740256,2.5707722,2.8872194,3.0,1.2038307,0.28608194,0.030695349,-0.06569138,0.765198,-0.58219165,-1.0667473,-1.4973415,0.025846427,0.079270676,0.35299566,0.81341666,-0.28787002,0.28787002,1.7656884,0.5467863,1.4014238,-1.5215522,0.5189013,-0.023335425,-0.22397043,0.12578955,0.64219224,1.6456939,0.20746249,2.2083278,-0.58778524,-0.809017,0.8660254,-0.5,-0.8660254,-0.5,0.0,0.0,1.0,0.0,0.0
2025-04-11 16:00:00,5.0,1.1049962,1.1960756,-0.7549993,-0.3726069,-0.48125225,-1.1863467,-0.7077848,0.2525434,1.9254311,2.3849735,2.645746,0.61980844,0.60449386,0.42843664,0.21972957,2.3610892,1.1455618,-0.34745675,-0.5422017,0.34590948,0.3856558,0.68629706,0.57079595,-0.6703036,0.6703036,1.2670367,0.86111003,1.6540247,-1.3412368,-0.037278756,0.2869767,-0.23478825,0.43263137,1.0680135,0.038191974,0.57862556,2.0310388,-0.95105654,0.309017,0.8660254,-0.5,1.2246469e-16,-1.0,0.0,1.0,0.0,0.0,0.0
2025-04-14 12:00:00,5.0,0.5104128,0.63104516,1.7962198,-1.2447126,-0.82069683,-0.91500247,0.03915224,0.32713738,1.3610075,1.9460182,2.3020854,0.02559332,0.7405677,0.6141946,0.47974664,2.2816103,1.9389853,-0.06768441,-0.48521286,0.50073683,0.54628485,0.857299,-0.19434877,-0.9901171,0.9901171,1.2307572,1.215246,1.7033097,-1.212993,-0.09323797,0.54574084,0.02426198,0.58769864,1.4833003,1.19317,0.73424774,1.9315798,-0.95105654,0.309017,0.8660254,-0.5,-0.8660254,-0.5,0.0,0.0,1.0,0.0,0.0
2025-04-14 16:00:00,2.0,0.20838597,-0.7058617,1.2363997,-0.3820249,-0.7303967,-1.4561565,-0.7023791,1.2137182,0.97112155,1.6182082,2.0444984,-0.40607285,0.77707946,0.67881256,0.6749938,0.37932968,2.1191778,-0.15863402,-0.1376323,0.5694517,0.6274293,0.9183104,-0.11481807,-1.0228071,1.0228071,0.21128099,1.4496597,1.6239882,-1.1134943,-0.95998025,0.646406,0.11517461,0.67759013,1.8387445,0.5699126,0.7707264,1.8724719,0.0,1.0,0.8660254,-0.5,1.2246469e-16,-1.0,0.0,1.0,0.0,0.0,0.0
2025-04-15 12:00:00,5.0,0.2181139,0.48677105,1.6589241,-0.7914521,-1.0638812,-1.2333182,-0.09401841,0.19664784,0.49914682,1.2308495,1.742568,-0.94912577,0.81654644,0.7434425,0.84249365,1.9465021,1.9033897,-0.37153122,0.09052936,0.6617927,0.7421225,0.98282015,-1.4371321,-1.3718339,1.3718339,-1.6020626,1.6761647,1.4656049,-0.97933733,-1.4290483,0.6742732,0.09783033,0.8109488,2.1435077,0.25495937,0.87010044,1.7961866,0.0,1.0,0.8660254,-0.5,-0.8660254,-0.5,0.0,0.0,1.0,0.0,0.0
2025-04-15 16:00:00,5.0,0.5201059,0.64977443,0.35976052,0.06569064,-1.0277433,-1.3399603,-0.46446785,0.66404754,0.16334803,0.90874666,1.473448,-1.2946069,0.9632614,0.9327144,1.0134683,1.2687966,1.4897412,0.09648471,0.09323507,0.83332574,0.96468496,1.1872685,-1.4441079,-1.5358142,1.5358142,-1.9756871,1.8116187,1.5075973,-0.79087055,-1.5611727,0.8132714,0.16012771,1.0541093,2.041992,0.2761271,1.1331825,1.7944113,0.95105654,0.309017,0.8660254,-0.5,1.2246469e-16,-1.0,0.0,1.0,0.0,0.0,0.0
2025-04-16 12:00:00,4.0,-0.34072065,-1.4459313,-0.6714537,-0.6316613,-1.078604,-1.2460343,-0.21147846,0.20134196,-0.13657528,0.6301216,1.2627883,-1.6279231,0.79073423,0.7808302,1.0641576,0.5511591,2.0187247,-0.0602975,0.0070873387,0.7356737,0.88097847,1.0084559,-1.6712692,-1.3069842,1.3069842,-1.894304,1.6128544,1.0746472,-0.736785,-1.6398796,0.77620703,0.3144703,0.9910233,-0.3841371,0.0318374,0.94977915,1.7156162,0.95105654,0.309017,0.8660254,-0.5,-0.8660254,-0.5,0.0,0.0,1.0,0.0,0.0
2025-04-16 16:00:00,4.0,-0.09579727,-0.05463907,0.8649329,1.7121947,-0.8336466,-0.8549043,0.4085545,-0.063825585,-0.23606578,0.46286958,1.1139979,-1.6457787,0.71605194,0.71847564,1.0185817,0.25202325,1.7708071,-0.048276447,0.29260695,0.7162416,0.868586,0.92012256,-0.70795566,-1.1580888,1.1580888,-1.8400981,1.3305701,0.8384161,-0.6638206,-1.5535119,0.703967,0.5426752,0.9646832,-0.78849196,-0.1040274,0.86938,1.6470287,0.58778524,-0.809017,0.8660254,-0.5,1.2246469e-16,-1.0,0.0,1.0,0.0,0.0,0.0
2025-04-17 12:00:00,1.0,-0.59898543,-1.0747906,-0.8963358,0.66393745,-0.5632185,-0.7338339,-0.08424826,0.20876358,-0.1610282,0.42892662,1.0720166,-1.4440515,0.43286362,0.45262104,0.80959535,-0.14586267,0.15890567,-0.33192235,0.35952494,0.53488183,0.6311333,0.5764637,0.18871796,-0.8032438,0.8032438,-1.6188254,1.076603,0.41342318,-0.7574352,-1.389671,0.58050704,0.5937178,0.71085703,-1.1928468,-0.6261059,0.7564248,1.5804914,0.58778524,-0.809017,0.8660254,-0.5,-0.8660254,-0.5,0.0,0.0,1.0,0.0,0.0
2025-04-17 16:00:00,1.0,0.48866677,0.8349194,-1.1894683,1.1633928,-0.661831,-0.85790896,-0.39955723,0.1271628,-0.20674069,0.3050096,0.9325803,-1.3796068,0.6036858,0.6317231,0.7284715,-0.012580014,1.3760264,-0.007796636,0.52325356,0.74479115,0.8654445,0.78406733,-0.524344,-1.010506,1.010506,-1.4856017,1.3041441,0.56692857,-0.5756008,-1.1949302,0.6122155,1.06563,0.9888416,0.4245726,-0.22472745,0.9202547,1.6833936,-0.58778524,-0.809017,0.8660254,-0.5,1.2246469e-16,-1.0,0.0,1.0,0.0,0.0,0.0
2025-04-21 12:00:00,4.0,-0.7248326,-1.5829649,-1.1051232,-0.7637558,-0.7293836,-0.7143894,-0.061196603,0.17277108,-0.25667334,0.21705653,0.85862637,-1.376779,0.2620433,0.31549695,0.5055027,-0.6324172,0.46639338,-0.017210165,0.5479587,0.46261084,0.54747844,0.33840775,-0.5671784,-0.54807585,0.54807585,-1.4800968,0.9930712,-0.06096157,-0.6773905,-1.0565695,0.55828154,1.4555174,0.6791164,-0.3841371,-0.55573934,0.8507145,1.6015402,-0.58778524,-0.809017,0.8660254,-0.5,-0.8660254,-0.5,0.0,0.0,1.0,0.0,0.0
2025-04-21 16:00:00,4.0,-1.6119896,-1.6984962,-1.3094093,-1.0989416,-0.08167925,-0.6896497,-0.24794516,-0.00039699208,0.08727806,0.41266116,1.0088809,-0.88351554,-0.3566908,-0.29002762,-0.018918106,-1.2578326,-0.51446563,0.46330172,-0.70393676,-0.24973889,-0.24658644,-0.5003331,0.7914049,0.5992467,-0.5992467,-0.9452647,0.68954176,-0.83106613,-1.1215098,-0.5875737,-0.0061585256,0.98651147,-0.15494183,-0.7655739,-0.9488734,0.028430618,1.5258418,0.0,1.0,0.8660254,-0.5,1.2246469e-16,-1.0,0.0,1.0,0.0,0.0,0.0
2025-04-22 12:00:00,1.0,0.09550479,0.03629068,0.2652668,2.2245402,-0.7271201,-0.12135743,0.42261437,0.19071817,-0.08512934,0.25857747,0.8670455,-1.0430083,-0.3426965,-0.27177212,-0.3426782,-1.1501164,-0.66217524,1.0480782,-0.6166569,-0.28665388,-0.29757938,-0.53132033,-0.96300745,0.92691576,-0.92691576,-0.84536326,0.961584,-1.0418459,-1.0401163,-0.5684953,-0.26660508,0.82210785,-0.23447332,0.42959893,-1.1280828,0.024296086,1.5625384,0.0,1.0,0.8660254,-0.5,-0.8660254,-0.5,0.0,0.0,1.0,0.0,0.0
2025-04-22 16:00:00,1.0,1.8782153,1.3561134,-1.1021998,-0.42185897,-0.018375402,-0.97059625,-1.1329693,1.4629618,0.19610287,0.3519922,0.8304066,-0.51120657,0.47472122,0.5176394,-0.16724345,0.09184965,-0.037982,1.878265,0.46336555,0.47253573,0.49599698,0.53888595,0.66761744,-0.38133112,0.38133112,-0.11222486,1.0897769,0.42208806,-0.61684114,-0.24414472,0.2925649,0.7582264,0.51133597,0.80520284,0.25377962,0.8257784,1.5143032,0.95105654,0.309017,0.8660254,-0.5,1.2246469e-16,-1.0,0.0,1.0,0.0,0.0,0.0
2025-04-23 12:00:00,1.0,0.08234455,0.08488971,-0.24571346,2.515205,-0.5452438,-0.46007818,0.5152193,0.1309672,0.028552003,0.22674298,0.71712995,-0.686343,0.48000163,0.52645385,-0.048552494,-0.10389277,-0.08556594,1.6525594,0.5899388,0.42294574,0.43921515,0.54414517,-0.4856969,-0.2963439,0.2963439,-0.13650501,1.2945153,0.30456474,-0.5188497,-0.2684385,0.38369426,0.8954163,0.4377846,1.1685076,0.98939717,0.82938236,1.4715432,0.95105654,0.309017,0.8660254,-0.5,-0.8660254,-0.5,0.0,0.0,1.0,0.0,0.0
2025-04-23 16:00:00,1.0,0.627169,-0.57063884,1.7344885,-0.64390606,-0.31436452,-0.5637037,-0.36098632,1.9120752,0.180143,0.28771722,0.70931065,-0.40444395,0.7177607,0.76041377,0.129139,0.5614136,-0.041059624,1.3336724,1.4724869,0.66595584,0.6464468,0.86381793,0.12312127,-0.6509923,0.6509923,-0.13367939,1.4522032,0.80189586,-0.39344734,0.04782802,0.85346085,0.98583513,0.649554,1.5233161,1.2456174,1.0394799,1.4278696,0.58778524,-0.809017,0.8660254,-0.5,1.2246469e-16,-1.0,0.0,1.0,0.0,0.0,0.0
2025-04-24 12:00:00,1.0,-0.16994855,-0.6600037,0.43396983,0.4026595,-0.73030293,-0.86618066,-0.65127397,0.15208803,-0.108304836,0.093855985,0.55947316,-0.76589215,0.61157835,0.6649109,0.22477128,1.2607716,0.019265609,1.9090793,1.4587861,0.5069528,0.4665665,0.7470772,-1.5969734,-0.4868575,0.4868575,-0.71421105,1.157262,0.43075794,-0.3031061,-0.4171484,0.5945568,1.2105587,0.4326053,-0.5458916,0.14544766,0.8868032,1.3703387,0.58778524,-0.809017,0.8660254,-0.5,-0.8660254,-0.5,0.0,0.0,1.0,0.0,0.0
2025-04-24 16:00:00,1.0,0.25462636,0.8288873,-0.88801974,0.8030948,-0.41837594,-0.52877903,0.25878528,-0.18929845,-0.21978971,-0.014831184,0.44728985,-0.85524726,0.7079406,0.7531547,0.32001346,1.3331654,0.15089346,1.8180466,1.5763277,0.6328596,0.49135894,0.89107907,-0.33912298,-0.69264954,0.69264954,-0.7494362,1.4409039,0.4590311,-0.15092926,-0.35153142,0.51792747,1.2109569,0.45111609,0.2632891,0.24101739,0.9687778,1.294914,-0.58778524,-0.809017,0.8660254,-0.5,1.2246469e-16,-1.0,0.0,1.0,0.0,0.0,0.0
2025-04-25 12:00:00,1.0,-0.046587087,-0.26941603,0.27735832,1.7042403,-1.0058675,-1.034285,-0.47935328,0.13656156,-0.47494096,-0.2160753,0.2796899,-1.1720108,0.6596513,0.7088562,0.3826945,0.3720184,0.3531353,0.4819245,1.3934461,0.54852974,0.468845,0.86079895,-2.097514,-0.6325463,0.6325463,-1.3454268,0.99590224,0.09816997,0.011669554,-0.86056316,0.5752803,1.2704059,0.46379063,-0.5982191,-0.10229666,0.8200236,1.1281677,-0.58778524,-0.809017,0.8660254,-0.5,-0.8660254,-0.5,0.0,0.0,1.0,0.0,0.0
2025-04-25 16:00:00,1.0,-0.07134954,0.21822158,-0.8785215,2.3802495,-0.78150886,-0.8214287,-0.040580645,-0.17114271,-0.5903273,-0.34074724,0.15782586,-1.2749734,0.5989484,0.65569395,0.37165475,0.29731816,0.1473436,1.4653455,1.5172482,0.45072848,0.3178252,0.8143147,-1.3256528,-0.5563639,0.5563639,-1.0651107,0.53093976,-0.19972667,0.1169654,-0.89031214,0.36296985,0.96304154,0.28314388,-1.0224929,-0.04787629,0.7194885,0.7627489,-0.95105654,0.309017,0.8660254,-0.5,1.2246469e-16,-1.0,0.0,1.0,0.0,0.0,0.0
2025-04-28 12:00:00,1.0,-0.045654316,-0.25682756,1.2852675,0.77596486,-1.2643044,-1.4196423,-0.57681894,0.1267002,-0.77400005,-0.5148065,-0.0029249815,-1.4906565,0.55497545,0.6162815,0.34679946,-0.039358582,0.39812335,0.82943577,1.5432149,0.33870628,0.23800647,0.7944936,-2.037119,-0.5054774,0.5054774,-1.4360774,0.0097465515,-0.64050066,0.29394007,-1.211979,0.43234542,1.0200399,0.18528913,-1.4372983,-0.21315977,0.5912535,0.59105617,-0.95105654,0.309017,0.8660254,-0.5,-0.8660254,-0.5,0.0,0.0,1.0,0.0,0.0
2025-04-28 16:00:00,1.0,0.10237329,-0.4622126,1.9857458,-0.5285274,-0.41149738,-0.06524379,0.88416743,0.60422534,-0.76801425,-0.57326007,-0.094219156,-1.3841554,0.6048405,0.6513528,0.29797068,0.096968375,1.0378543,0.48339733,1.4379505,0.39207736,0.2864517,0.8861905,-0.84943235,-0.5940659,0.5940659,-1.4492784,0.5535547,-0.6945175,0.40129626,-1.073764,0.6234981,1.4788221,0.2387943,0.28745964,-0.106632,0.6833837,0.65870655,0.0,1.0,0.8660254,-0.5,1.2246469e-16,-1.0,0.0,1.0,0.0,0.0,0.0
2025-04-29 12:00:00,4.0,0.24798387,0.7785301,0.08651373,0.0027213467,-0.57841957,-0.3854752,-0.36166832,0.11074834,-0.81174725,-0.6585292,-0.20830803,-1.3649234,0.75289804,0.7638798,0.326658,0.09321997,1.0911256,0.39697635,1.3789814,0.5939681,0.4854981,1.1220344,-1.196321,-0.826562,0.826562,-1.415531,1.0571865,-0.6747421,0.60776985,-1.0752163,0.57833177,1.7620833,0.45696288,0.71864915,0.12693512,0.9242156,0.63072413,0.0,1.0,0.8660254,-0.5,-0.8660254,-0.5,0.0,0.0,1.0,0.0,0.0
2025-04-29 16:00:00,1.0,0.34859803,0.6110179,-0.97133666,1.4401668,-0.4576723,-0.16377614,-0.038273897,0.3898368,-0.8358684,-0.7280551,-0.3153827,-1.3133518,0.96589947,0.93065274,0.43549177,0.29072517,0.50432074,0.45335615,1.4357506,0.8576661,0.78691417,1.4966818,-0.87081915,-1.160581,1.160581,-1.2498348,1.4711366,-0.49481446,0.84567666,-0.92748266,0.8011101,1.871157,0.7753312,1.1498386,0.41419908,1.2727549,0.59326375,0.95105654,0.309017,0.8660254,-0.5,1.2246469e-16,-1.0,0.0,1.0,0.0,0.0,0.0
2025-04-30 12:00:00,4.0,0.20823735,0.6154237,0.065385394,0.47499186,-0.38113254,1.0325279,0.51565516,0.09628527,-0.83928245,-0.77581286,-0.40296963,-1.2345015,1.0787473,1.0185939,0.53754485,0.43012655,0.5511299,0.4532969,1.3373985,0.94487363,0.9582394,1.7167318,-0.7350254,-1.1897657,1.1897657,-1.3332573,1.825619,-0.3980391,1.0034561,-0.83337593,0.98045766,1.5306307,0.9442502,1.5810281,0.4981526,1.3042252,0.5709368,0.95105654,0.309017,0.8660254,-0.5,-0.8660254,-0.5,0.0,0.0,1.0,0.0,0.0
2025-04-30 16:00:00,4.0,0.06800234,1.1563673,-0.25638556,-0.77210385,1.9117844,2.5619423,0.97793597,-1.8988883,-0.39868852,-0.5182347,-0.2682247,-0.39851832,1.1028214,1.0336633,0.39222696,0.4863561,0.33868563,0.2935626,1.4015535,0.9279481,0.8076955,1.577683,0.9717242,-0.987396,0.987396,-1.4241241,2.1109548,0.31113723,0.5900355,-0.06757442,0.7758775,1.1778462,0.73247916,1.911535,0.37307444,1.094515,0.37028718,0.58778524,-0.809017,0.8660254,-0.5,1.2246469e-16,-1.0,0.0,1.0,0.0,0.0,0.0
2025-05-01 12:00:00,1.0,0.49131694,0.91626704,-0.16455926,-0.21805008,0.26375934,1.6688179,-0.39936075,0.08757398,-0.38547102,-0.51423764,-0.30921194,-0.32433957,1.3945576,1.2739047,0.49315876,0.6786138,0.58722186,0.60470045,1.4632481,1.1677464,1.1218833,1.9660997,0.12230517,-1.0460576,1.0460576,-1.2585039,2.036716,0.8404373,0.7329446,0.090433106,1.2403933,1.039473,1.0207218,1.8293821,0.47936535,1.2017449,0.3645313,0.58778524,-0.809017,0.8660254,-0.5,-0.8660254,-0.5,0.0,0.0,1.0,0.0,0.0
2025-05-01 16:00:00,1.0,-0.26356453,-0.74918514,-1.2445483,1.6488988,0.032364894,0.46980387,-0.7501458,0.27875617,-0.39937,-0.51536775,-0.33031842,-0.33046046,1.0916228,1.0725297,0.42369592,0.4246834,0.3918027,0.54067177,1.0924411,0.82453835,0.8442557,1.6713475,-0.11530309,-0.65041804,0.65041804,-0.84845006,1.3422263,0.5682643,0.6410607,0.24851309,0.95188564,1.0354108,0.7313913,-0.58959144,0.040078424,0.9470938,0.18754971,-0.58778524,-0.809017,0.5,-0.8660254,1.2246469e-16,-1.0,0.0,1.0,0.0,0.0,0.0
2025-05-02 12:00:00,1.0,-0.18132947,-0.7352431,0.9513901,-0.37383464,-0.80450475,0.3162268,-0.25688156,0.13676763,-0.5816639,-0.6323597,-0.4357392,-0.61095077,0.8850868,0.93112606,0.3217112,0.16148376,0.3412377,0.68825847,0.909552,0.5887088,0.6849746,1.5375224,-1.3824726,-0.21279517,0.21279517,-0.7634913,0.8623304,0.12095607,0.74752134,0.13130197,0.8046279,1.2484003,0.5619751,-0.96356,-0.20939744,0.7748836,0.10890132,-0.58778524,-0.809017,0.5,-0.8660254,-0.8660254,-0.5,0.0,0.0,1.0,0.0,0.0
2025-05-02 16:00:00,4.0,0.81606305,0.27912638,2.7039306,-1.1526223,-0.73836595,0.10254499,-0.29762727,1.5074317,-0.44029933,-0.5635694,-0.4394463,-0.29382935,1.4017599,1.3472401,0.3976377,0.4662131,0.6760454,0.81284577,1.1909455,1.0271811,1.2025514,2.109792,-1.3419898,-0.78889394,0.78889394,-0.3243795,1.0490757,1.162956,0.90104485,0.46123067,1.2091856,1.1220182,1.102792,0.2834145,0.06192568,1.0296603,0.16491345,-0.95105654,0.309017,0.5,-0.8660254,1.2246469e-16,-1.0,0.0,1.0,0.0,0.0,0.0
2025-05-05 12:00:00,4.0,-0.053720653,-0.18693283,0.7760194,1.1926655,-0.7290228,1.0641493,0.6048519,0.10491174,-0.6331854,-0.6904816,-0.5542412,-0.5956865,1.3213291,1.2808429,0.472056,0.40552703,0.67230475,1.0448045,1.187063,0.84427714,1.1317949,2.1034691,-1.4241636,-0.74014634,0.74014634,-0.23121005,0.5505989,0.88721216,1.0816785,-0.3863991,0.9407863,1.2252059,1.0062267,-0.5460914,0.31617975,0.9768883,0.1495789,-0.95105654,0.309017,0.5,-0.8660254,-0.8660254,-0.5,0.0,0.0,1.0,0.0,0.0
2025-05-05 16:00:00,4.0,0.34622604,1.0759853,-0.41815665,-0.3363306,-0.01863275,-0.75571334,-1.2133628,-0.05584668,-0.66536546,-0.73156524,-0.6229964,-0.593387,1.4964526,1.4280238,0.5555649,0.33342433,0.7617255,1.7157124,1.3860801,1.0237988,1.2405767,2.326914,-0.56115437,-1.0695094,1.0695094,0.18077335,0.72923565,1.2502992,1.2544681,-0.47920713,0.94667226,1.2237979,1.144509,0.26463228,0.7746891,1.1485007,-0.9285163,0.0,1.0,0.5,-0.8660254,1.2246469e-16,-1.0,0.0,1.0,0.0,0.0,0.0
2025-05-06 12:00:00,1.0,-0.18714298,-0.8173207,0.6114929,-0.2116715,-0.7597109,-0.960264,-0.45670658,0.11804586,-0.81667715,-0.8444595,-0.73012066,-0.8336392,1.2695497,1.272975,0.5309706,0.3707739,0.59683865,1.583985,1.3807061,0.91676813,0.96996945,2.2126358,-1.496129,-0.7984947,0.7984947,0.06070338,0.41856194,0.85085213,1.3839843,-0.6857541,0.8807724,1.322824,0.8278839,-0.59340674,-0.088449195,0.9279554,-0.84178877,0.0,1.0,0.5,-0.8660254,-0.8660254,-0.5,0.0,0.0,1.0,0.0,0.0
2025-05-06 16:00:00,1.0,-0.20859398,0.5745728,1.0972595,-0.4546961,-0.20009527,-1.1520727,-0.4852687,-0.6227184,-0.8384784,-0.8807181,-0.7860008,-0.82823664,1.0223088,1.1083528,0.33629382,0.35752505,0.38979945,0.83365005,0.8617832,0.6688385,0.70180017,1.96696,-0.63069314,-0.511062,0.511062,1.098192,0.14275981,0.4677749,1.3639232,-0.5568338,0.5871182,1.331375,0.58116096,-0.9882079,-0.30826563,0.6680538,-1.9804354,0.95105654,0.309017,0.5,-0.8660254,1.2246469e-16,-1.0,0.0,1.0,0.0,0.0,0.0
2025-05-07 12:00:00,4.0,-0.040669527,-0.22026832,2.0793884,-0.16907701,-0.92597365,-1.0004421,-0.09831647,0.11872605,-0.9840798,-1.0017464,-0.90930617,-1.0622308,0.97217804,1.0639708,0.17211452,-0.07046451,0.2971693,0.7859672,0.79825,0.58220243,0.6419037,2.0053515,-1.703297,-0.4781767,0.4781767,-0.26613852,-0.12103818,0.060571764,1.6008955,-0.9487631,0.53464365,2.3720891,0.528356,-1.3573353,-0.6044516,0.5196911,-1.8520265,0.95105654,0.309017,0.5,-0.8660254,-0.8660254,-0.5,0.0,0.0,1.0,0.0,0.0
2025-05-07 16:00:00,1.0,0.33089674,0.5348181,0.21853112,0.46674657,-0.313139,0.97796273,2.7099195,0.4554579,-1.008296,-1.0544431,-0.9961939,-1.0393023,1.1990573,1.2256405,0.13301365,0.12013087,0.395217,0.6795359,0.9275934,0.78765196,0.92419726,2.2655747,-1.0116087,-0.96631914,0.96631914,0.17758274,0.3512422,0.4280116,1.829145,-0.8345008,0.60859907,2.3272147,0.80341864,0.29134107,-0.050348595,0.97357476,-2.4576402,0.58778524,-0.809017,0.5,-0.8660254,1.2246469e-16,-1.0,0.0,1.0,0.0,0.0,0.0
2025-05-08 12:00:00,4.0,-0.0067067347,-0.09636196,0.20564409,1.9259874,-0.04586183,-0.71138084,-1.2454785,0.15744692,-0.98025966,-1.0645028,-1.0433571,-0.9198635,1.1831795,1.2018956,0.03846511,-0.05651426,0.20878746,0.735311,0.8229716,0.70373386,0.8183785,2.148516,-0.52330697,-0.9582003,0.9582003,-0.20604774,0.565511,0.38761687,1.8159713,-0.80467385,0.5416255,2.4249601,0.72938925,0.6981675,0.23939657,0.96645445,-2.4224098,0.58778524,-0.809017,0.5,-0.8660254,-0.8660254,-0.5,0.0,0.0,1.0,0.0,0.0
2025-05-08 16:00:00,4.0,0.659071,0.85760987,-0.10573521,-0.10971147,0.14682977,-0.878511,-0.41432905,0.7455566,-0.87642735,-1.0260892,-1.0686821,-0.6218708,1.5944105,1.526288,0.22098489,0.36646268,0.5534847,0.87248874,1.0128757,1.1377147,1.326505,2.4625108,-0.47965956,-1.0423723,1.0423723,0.5985174,0.73327273,1.5458047,1.9204125,-0.47397092,0.9002434,2.57854,1.3107138,1.0990603,0.8535276,1.0367186,-1.8216565,-0.58778524,-0.809017,0.5,-0.8660254,1.2246469e-16,-1.0,0.0,1.0,0.0,0.0,0.0
2025-05-09 12:00:00,1.0,-0.4671173,-1.5221303,-0.33157644,-1.2013855,-0.14236684,-0.5379833,0.31788403,0.1465581,-0.89181274,-1.0419157,-1.1029847,-0.62576336,1.0053108,1.1627324,0.074364126,0.2364922,0.44585672,0.7252204,0.89960176,0.6395922,0.7520219,1.9881933,-0.7596034,-0.5187608,0.5187608,0.8487606,0.36660722,0.780005,1.7512896,-0.4482932,0.6932403,1.8575925,0.7348673,-0.54953015,-0.19871208,0.52488214,-1.3729055,-0.58778524,-0.809017,0.5,-0.8660254,-0.8660254,-0.5,0.0,0.0,1.0,0.0,0.0
2025-05-09 16:00:00,1.0,0.052132037,-0.14155394,1.7359703,0.29228252,-0.408674,-1.0744992,-0.8872043,0.26231298,-0.9469292,-1.0908277,-1.1740751,-0.6979482,1.0494529,1.1847501,-0.048630927,0.28292665,0.15867832,0.77046347,0.5753616,0.63146305,0.7421565,2.0021393,-1.1629019,-0.30421543,0.30421543,0.8269984,0.52149713,0.7285876,1.8716677,-0.29848504,0.57381445,1.3382109,0.77200264,0.27476507,-0.13910778,0.57231516,-1.2834843,-0.95105654,0.309017,0.5,-0.8660254,1.2246469e-16,-1.0,0.0,1.0,0.0,0.0,0.0
2025-05-12 12:00:00,4.0,0.0988017,0.48068056,0.721936,0.096698895,-0.80386066,-0.9887556,-0.015890034,0.11661126,-1.0418743,-1.1702381,-1.2704873,-0.85569793,1.1248575,1.2294595,-0.12542506,0.16745737,0.21612449,0.82341826,0.63506895,0.68007547,0.7997237,2.0903792,-1.5931436,-0.49429145,0.49429145,0.7301657,0.72307074,0.6650391,2.1018791,-0.3855558,0.5599671,0.93436635,0.8975383,0.66549146,-0.6024574,0.7094375,-1.1946661,-0.95105654,0.309017,0.5,-0.8660254,-0.8660254,-0.5,0.0,0.0,1.0,0.0,0.0
2025-05-12 16:00:00,4.0,0.28671646,-0.9189835,-0.15060356,0.17777474,2.2674546,0.7570517,3.0,1.9465746,-0.58389723,-0.8837481,-1.0942109,0.1455316,1.3084348,1.3581187,-0.14027852,0.31232536,0.19166362,0.8837589,1.0115601,0.9155636,0.73669124,1.708381,1.0018654,0.23971665,-0.23971665,0.77941287,1.2631484,1.7387158,1.445253,0.39329606,0.95671886,0.5776334,0.78493774,1.0417106,0.4194961,0.17056154,-1.4239821,0.0,1.0,0.5,-0.8660254,1.2246469e-16,-1.0,0.0,1.0,0.0,0.0,0.0
2025-05-13 12:00:00,4.0,0.19914535,1.1280229,-0.47050974,-0.51548874,-0.7171359,-0.22153598,-0.9657441,0.07726209,-0.7783644,-0.9979018,-1.2033634,-0.22221023,1.413679,1.4313803,-0.040095247,0.081034385,0.33620688,0.86198545,1.1486346,1.0462668,0.89001,1.8369964,-1.5449749,0.24419619,-0.24419619,0.0792292,1.5294921,1.8091227,1.7261478,-0.033311095,0.8528197,0.8360135,0.97066617,1.4056439,0.5511644,0.37529656,-1.3945804,0.0,1.0,0.5,-0.8660254,-0.8660254,-0.5,0.0,0.0,1.0,0.0,0.0
2025-05-13 16:00:00,1.0,-0.16048448,-0.3277181,2.3407843,-0.7867417,0.015603281,-0.3923761,-0.37271154,-0.02615445,-0.78009516,-0.99301344,-1.2157683,-0.21954568,1.1875446,1.2888091,-0.12424918,0.23584369,0.35441053,0.68604064,0.93949616,0.793915,0.6239702,1.5844069,-0.32760304,0.45806745,-0.45806745,-0.6998798,0.9543203,1.5446696,1.6335416,0.024724618,0.865018,0.73414123,0.7022176,-0.63561916,0.15772754,0.2438663,-1.5641387,0.95105654,0.309017,0.5,-0.8660254,1.2246469e-16,-1.0,0.0,1.0,0.0,0.0,0.0
2025-05-14 12:00:00,4.0,0.16497195,0.6981632,1.3955728,-1.2358668,-0.35990655,-0.1866349,0.080702424,0.026295174,-0.850411,-1.0386318,-1.2717954,-0.35138494,1.2916656,1.358902,-0.1362413,0.29072773,0.4300185,0.67042905,0.73335433,0.9016283,0.729856,1.6275792,-0.9586312,0.15097068,-0.15097068,-0.68377346,1.1763179,1.6772876,1.7705778,0.031284835,0.79254633,0.7776534,0.81165594,0.19189407,0.048698124,0.42246723,-1.5464185,0.95105654,0.309017,0.5,-0.8660254,-0.8660254,-0.5,0.0,0.0,1.0,0.0,0.0
2025-05-14 16:00:00,4.0,-0.02742072,-0.4786573,1.3961371,-0.25027806,-0.42614114,-0.76814467,-0.915516,0.21029973,-0.9162494,-1.0840582,-1.3231101,-0.48509762,1.2536263,1.3196483,-0.20707707,0.228448,0.2962143,0.63716114,0.95696276,0.7997645,0.6416007,1.5710845,-1.1431446,0.15038243,-0.15038243,-0.5909753,1.1780176,1.5176611,1.8490856,0.10494789,0.7242275,1.1055123,0.68767,0.5828279,-0.16123086,0.15273084,-1.3143284,0.58778524,-0.809017,0.5,-0.8660254,1.2246469e-16,-1.0,0.0,1.0,0.0,0.0,0.0
2025-05-15 12:00:00,4.0,0.023100037,0.24401104,0.0838325,1.1887544,-0.7962249,-0.70472515,-0.124544255,0.059831437,-1.0225506,-1.161729,-1.4003426,-0.7200191,1.253839,1.3090459,-0.2878167,0.09807115,0.30691382,0.47502893,0.93386966,0.7337804,0.66030866,1.5812749,-1.5203683,0.06830155,-0.06830155,-0.7528894,1.1789819,1.367778,2.043223,-0.8015797,0.55368316,1.2257006,0.6971666,0.9727399,0.16291426,0.20905796,-1.4465163,0.58778524,-0.809017,0.5,-0.8660254,-0.8660254,-0.5,0.0,0.0,1.0,0.0,0.0
2025-05-15 16:00:00,4.0,0.82737166,1.3531363,-0.4018,-1.1137818,1.5245351,2.001883,3.0,0.16865487,-0.78944016,-1.0270307,-1.3330759,-0.10052238,1.7275492,1.689634,0.059223443,0.40569946,0.36396542,0.84142965,1.2262816,1.4570001,1.2889179,1.7692634,0.81600213,-0.8808672,0.8808672,0.659329,1.3513031,2.6433885,1.8774563,-0.21449375,1.118508,0.9569208,1.2552916,1.3311471,0.7702632,0.9126015,-1.339844,-0.58778524,-0.809017,0.5,-0.8660254,1.2246469e-16,-1.0,0.0,1.0,0.0,0.0,0.0
2025-05-16 12:00:00,4.0,-0.0022591173,0.26078716,-0.21800451,1.4439491,-0.89486766,-0.16175944,-1.3517798,0.04369724,-0.9516762,-1.1279086,-1.4199909,-0.47906116,1.6772829,1.643729,0.2750133,0.48268682,0.53662443,0.89694595,1.1623201,1.2839268,1.2746735,1.8481672,-1.4924369,-0.9198531,0.9198531,0.5257744,1.2208542,2.4359176,2.113957,-0.48555624,1.1170669,1.1451745,1.2246135,1.666472,0.78381884,0.8818519,-1.4221276,-0.58778524,-0.809017,0.5,-0.8660254,-0.8660254,-0.5,0.0,0.0,1.0,0.0,0.0
2025-05-16 16:00:00,3.0,0.36188522,0.8839643,-1.363204,1.0783294,0.36702418,0.82411903,0.9126215,0.17016771,-0.89264846,-1.0943071,-1.4088448,-0.3158054,1.7946486,1.7581313,0.51454705,0.5791697,0.6486561,0.7345377,1.370511,1.3280604,1.5142639,1.901131,0.015786733,-1.188938,1.188938,0.7904131,1.163435,2.7751312,2.093865,-0.30398834,1.0826476,1.0882266,1.4453744,1.5975871,1.0141228,1.1344228,-1.9902163,-0.95105654,0.309017,0.5,-0.8660254,1.2246469e-16,-1.0,0.0,1.0,0.0,0.0,0.0
2025-05-19 12:00:00,4.0,-0.04249012,-0.010570883,1.0789489,0.65052724,-0.76104105,0.52165526,-0.44446588,0.004500488,-0.9895529,-1.1548717,-1.4574175,-0.5817042,1.7273502,1.69239,0.6406861,0.57203853,0.5975906,0.7355272,1.5410683,1.0683111,1.480622,1.9177233,-1.3919989,-0.94384617,0.94384617,0.74772215,1.0859793,2.5770743,2.25201,-0.3926723,1.0474073,1.559946,1.3572092,1.5369093,0.19820793,0.94228464,-2.0126317,-0.95105654,0.309017,0.5,-0.8660254,-0.8660254,-0.5,0.0,0.0,1.0,0.0,0.0
2025-05-19 16:00:00,4.0,0.41258535,1.5859318,-1.3706272,-0.76948583,1.3180176,0.40484574,-0.23156571,-0.7848315,-0.78692144,-1.024584,-1.3642864,-0.021701597,1.8857218,1.8510851,0.7435954,0.77178144,0.64049107,0.74623454,2.4290712,1.2234201,1.6750642,1.8744326,0.7765404,-1.155177,1.155177,0.6061142,1.0133895,2.6113422,1.9761653,0.22864908,1.0369959,0.5777065,1.5858464,1.4873687,0.50345194,1.1127764,-1.9557067,0.0,1.0,0.5,-0.8660254,1.2246469e-16,-1.0,0.0,1.0,0.0,0.0,0.0
2025-05-20 12:00:00,3.0,-0.28087318,-0.93266267,0.006029252,0.28965864,-0.67287046,0.34584114,-0.16879581,-0.059422843,-0.88496774,-1.0711405,-1.3856759,-0.32992554,1.70846,1.7418549,0.7750102,0.24537738,0.49122846,0.73910016,2.6969478,0.9292412,1.576379,1.8580698,-1.3116746,-0.90918714,0.90918714,0.07091009,0.6282824,2.297229,2.1065042,-0.4137505,1.071322,0.7133683,1.4842377,-0.85336715,-0.25333455,0.91987437,-2.0105083,0.0,1.0,0.5,-0.8660254,-0.8660254,-0.5,0.0,0.0,1.0,0.0,0.0
2025-05-20 16:00:00,3.0,-0.57212454,-1.7637709,-0.67373675,-1.1506877,-0.19501126,-0.48819464,-0.7403861,-0.20021717,-0.9020737,-1.0683283,-1.3649657,-0.40015644,1.1439599,1.4345783,0.3581674,-0.03593508,0.38082165,0.6656653,2.6046634,0.45680442,1.0069399,1.5753108,-0.8461256,-0.28639776,0.28639776,0.6270886,0.323095,1.7751213,2.0139632,-0.17768086,0.6053812,0.5770243,0.90556103,-1.3165812,-1.709941,0.3687274,-1.8852136,0.95105654,0.309017,0.5,-0.8660254,1.2246469e-16,-1.0,0.0,1.0,0.0,0.0,0.0
2025-05-21 12:00:00,3.0,0.04560473,0.8431283,-0.79667515,0.46482402,-0.3174237,0.13558914,0.530214,-0.14975539,-0.9285669,-1.0800602,-1.3650323,-0.49151817,1.2628119,1.5259979,0.03631376,-0.27316102,0.35673225,0.72186726,2.4050448,0.50388855,1.1530827,1.685139,-0.8748211,-0.5959711,0.5959711,0.4115997,0.40582773,1.8979225,2.1252034,-0.3826782,0.36356485,0.097670734,1.1049045,-0.08868164,-1.8985969,0.64310837,-1.885897,0.95105654,0.309017,0.5,-0.8660254,-0.8660254,-0.5,0.0,0.0,1.0,0.0,0.0
2025-05-21 16:00:00,4.0,-0.8710146,-0.7424606,1.3683397,-0.76228917,0.31687757,0.16940291,-0.17123453,-1.5085647,-0.7989451,-0.98967034,-1.2802247,-0.07703796,0.23448165,0.9124799,-1.0268205,-0.8445129,0.033718646,0.33026794,1.7866145,-0.37097412,-0.11185032,1.0232917,0.1251934,0.979995,-0.979995,0.97037405,0.008452134,1.1135638,1.6665956,0.28691813,-0.24124351,0.20952037,-0.36468777,-0.88163716,-3.0,-0.45815247,-1.6410742,0.58778524,-0.809017,0.5,-0.8660254,1.2246469e-16,-1.0,0.0,1.0,0.0,0.0,0.0
2025-05-22 12:00:00,4.0,-0.9705712,-1.9054234,-1.1019598,-1.0643362,0.91048765,0.90431684,0.43355528,-0.0651887,-0.6754202,-0.8993707,-1.1959375,0.33810237,-0.664934,0.31841162,-2.4669828,-1.7928588,-0.39257032,0.032201584,2.111102,-1.4355695,-1.3888466,0.40516204,0.8710329,2.6714394,-2.6714394,0.24349281,-0.5000741,0.405593,1.2563379,0.07693099,-1.1499174,0.29732943,-1.7561845,-1.2723082,-3.0,-2.278905,-1.0090284,0.58778524,-0.809017,0.5,-0.8660254,-0.8660254,-0.5,0.0,0.0,1.0,0.0,0.0
2025-05-22 16:00:00,3.0,-0.23645152,-0.010878426,0.5503501,1.1717871,-0.3646549,1.1510768,0.07920083,-0.35681382,-0.75789994,-0.9335817,-1.2068557,0.04678538,-0.8230145,0.22768375,-3.0,-1.7184062,-1.0426916,-0.34304354,1.9781525,-1.707627,-1.7090797,0.34483215,-0.9035245,2.89658,-2.89658,0.4328659,-1.0961956,0.21014845,1.3522716,0.26118782,-1.7867787,0.14809966,-2.0860465,-1.6119816,-3.0,-2.5782526,-1.2827691,-0.58778524,-0.809017,0.5,-0.8660254,1.2246469e-16,-1.0,0.0,1.0,0.0,0.0,0.0
2025-05-23 12:00:00,4.0,-0.06602435,-0.055654492,2.3778684,-0.7271945,-0.31467345,-0.18915023,-0.8696734,-0.042221997,-0.843493,-0.97476363,-1.2229466,-0.17914435,-0.7973109,0.22609659,-3.0,-1.4185039,-1.0951279,-0.15772638,0.8987313,-1.7560997,-1.7593622,0.34081447,-1.0046092,2.7243724,-2.7243724,0.73023254,-0.9208795,0.14230049,1.4674445,0.21227007,-1.7106804,0.19859208,-2.1010952,-0.026347663,-1.4783181,-2.393671,-1.4508923,-0.58778524,-0.809017,0.5,-0.8660254,-0.8660254,-0.5,0.0,0.0,1.0,0.0,0.0
2025-05-23 16:00:00,4.0,-1.2107137,0.37838697,-0.1830025,0.915035,0.2673385,0.7921193,0.7280606,-2.186985,-0.63775754,-0.8564805,-1.1306376,0.8267552,-1.5147572,-0.34022143,-3.0,-1.9159713,-1.8890097,-0.5228923,1.5866127,-2.737278,-2.6713197,-0.24662988,0.03428593,2.926715,-2.926715,0.21739605,-1.5981576,-0.29136404,0.9755247,1.2264264,-2.859203,-0.779984,-2.9762623,-0.8167775,-1.0975457,-3.0,-1.1605284,-0.95105654,0.309017,0.5,-0.8660254,1.2246469e-16,-1.0,0.0,1.0,0.0,0.0,0.0
2025-05-27 12:00:00,4.0,-0.45606616,-0.92308354,0.88501734,-0.92312723,-0.09708691,-0.00565487,-0.52391326,-0.06866173,-0.7803549,-0.916989,-1.1536452,0.5941521,-1.6667976,-0.51140165,-3.0,-1.4747766,-2.0488555,-0.73188424,1.0167044,-2.8761039,-2.8433018,-0.4126956,-0.5283739,2.945012,-2.945012,0.07935531,-2.198054,-0.55685884,1.0109279,0.64108676,-2.754241,-0.81737936,-3.0,-1.1778967,-1.1992635,-3.0,-1.1204684,-0.95105654,0.309017,0.5,-0.8660254,-0.8660254,-0.5,0.0,0.0,1.0,0.0,0.0
2025-05-27 16:00:00,3.0,1.252429,1.3890816,-1.2329189,-0.18010639,0.88159823,0.07712136,-0.117805034,0.770067,-0.7048727,-0.8864972,-1.1372554,1.251935,-0.7882007,0.05216904,-3.0,-0.41365796,-1.832797,-0.5800056,0.8823079,-1.7742922,-1.667149,-0.01951004,0.66207546,1.7185478,-1.7185478,0.8431361,-1.7938131,0.33137083,1.0973918,0.5925689,-2.058403,-1.0456088,-1.8524088,0.0,0.024796154,-2.276643,-0.3934408,0.95105654,0.309017,0.5,-0.8660254,1.2246469e-16,-1.0,0.0,1.0,0.0,0.0,0.0
2025-05-28 12:00:00,3.0,0.28227997,1.2934755,-0.026993372,-1.3159926,-0.6246604,0.12096619,-0.09132584,-0.0916835,-0.97401845,-1.0038539,-1.193159,0.53737456,-0.55974704,0.20284145,-2.5764074,-0.15471485,-1.5784798,-0.6284157,0.78189003,-1.4503827,-1.3683084,0.09966176,-1.043694,1.3292012,-1.3292012,0.9464558,-1.3326161,0.45365554,1.3368342,0.52436864,-1.5264696,-1.7812831,-1.531098,0.39903837,1.369116,-1.794702,-0.39144704,0.95105654,0.309017,0.5,-0.8660254,-0.8660254,-0.5,0.0,0.0,1.0,0.0,0.0
2025-05-28 16:00:00,3.0,0.061703637,0.38631326,-0.21794026,0.9548385,0.045766216,-0.8436868,-0.73255485,-0.09037052,-1.099837,-1.0666217,-1.2173337,0.32537812,-0.45425606,0.2655408,-2.1250918,-0.089628525,-1.2585933,-0.53880423,0.7360725,-1.32994,-1.2479802,0.124914,-0.3233724,1.1323247,-1.1323247,0.96379083,-0.98679787,0.51822263,1.4320575,0.6541084,-1.4245367,-2.0020099,-1.3919826,0.80339104,1.7249779,-1.5532094,-0.0989149,0.58778524,-0.809017,0.5,-0.8660254,1.2246469e-16,-1.0,0.0,1.0,0.0,0.0,0.0
2025-05-29 12:00:00,3.0,-0.20014787,-0.49233538,0.5189693,0.50873226,-0.6231975,-1.0585977,-0.39181766,-0.028791165,-1.3078387,-1.1721334,-1.2617972,-0.30969822,-0.50839543,0.20961295,-1.8598999,0.42626682,-1.3776551,-0.7231414,0.6444071,-1.407118,-1.3391068,0.07309067,-1.142332,1.1452491,-1.1452491,0.086350136,-1.5340308,0.35797065,1.590451,-0.47315013,-1.3628615,-2.5213432,-1.4814589,-0.75056106,0.4020925,-1.5614908,-0.0491612,0.58778524,-0.809017,0.5,-0.8660254,-0.8660254,-0.5,0.0,0.0,1.0,0.0,0.0
2025-05-29 16:00:00,3.0,-0.021136696,-0.25663447,0.98235685,0.48430648,0.73879254,-0.8087968,0.13032733,0.20042646,-1.1785043,-1.1395823,-1.240539,0.18256818,-0.4489605,0.23610042,-1.5330546,0.6459767,-0.8738891,-0.73047656,0.48368603,-1.3440325,-1.264318,0.013752593,0.65784436,1.0330809,-1.0330809,-0.1853365,-1.0747055,0.4446929,1.5038033,-0.12810461,-1.2659568,-2.6309195,-1.3771311,0.08239789,0.1606067,-1.4187802,-0.022031039,-0.58778524,-0.809017,0.5,-0.8660254,1.2246469e-16,-1.0,0.0,1.0,0.0,0.0,0.0
2025-05-30 12:00:00,3.0,0.6239151,1.5857011,-0.70951897,-1.3392109,0.23691577,0.6090834,1.1018566,-0.07604921,-1.157431,-1.1482452,-1.2464191,0.25519335,0.00024231966,0.5484851,-1.0906591,0.34681675,-0.11137104,-0.58065337,0.70122933,-0.73618376,-0.66396654,0.27552766,0.15885538,0.26955137,-0.26955137,-1.0683615,-0.2453919,0.90298605,1.6239606,-0.5088129,-0.89033157,-2.4401696,-0.7351484,0.47512245,0.6359124,-0.71003395,-0.010064652,-0.58778524,-0.809017,0.5,-0.8660254,-0.8660254,-0.5,0.0,0.0,1.0,0.0,0.0
2025-05-30 16:00:00,3.0,-0.18224618,0.5026272,1.637695,-1.4075146,0.83981276,-0.53677464,-0.7071234,-0.6449503,-1.0502864,-1.1047068,-1.2199664,0.5692046,-0.041349687,0.50563115,-0.7915937,0.13018021,-0.032969046,-1.2072992,0.7121861,-0.7577459,-0.68582416,0.14799024,0.5079881,0.093825996,-0.093825996,-0.89261776,-1.0858183,0.8713776,1.5234671,0.017725166,-0.6255136,-2.2413635,-0.7432222,-0.77652967,0.6502064,-0.7248019,0.065937385,-0.95105654,0.309017,0.5,-0.8660254,1.2246469e-16,-1.0,0.0,1.0,0.0,0.0,0.0
2025-06-02 12:00:00,4.0,0.68731993,0.85399634,0.12569247,-0.63310194,2.3411713,2.2390792,1.3753628,0.017087886,-0.68984497,-0.94054514,-1.1434947,1.7248547,0.4251984,0.8548608,-0.33305064,0.41659725,0.26174363,-1.0567712,1.0252116,-0.049381655,-0.055542614,0.31242764,1.9386752,-0.7112146,0.7112146,-0.5358214,0.029542627,1.4262058,1.3430521,0.93244183,-0.17487459,-1.6491661,-0.11006424,0.028372895,1.194442,0.046961345,0.19811592,-0.95105654,0.309017,0.5,-0.8660254,-0.8660254,-0.5,0.0,0.0,1.0,0.0,0.0
2025-06-02 16:00:00,4.0,-1.0711277,-0.44512275,-0.119036674,1.3960629,1.1749362,0.5807839,-0.71389645,-1.1971011,-0.38482597,-0.76192325,-1.040016,2.3413954,-0.38408747,0.25364223,-0.3289173,0.01758066,0.3907454,-1.7275506,0.699856,-0.7889893,-0.742127,-0.24987909,1.3600341,0.09549415,-0.09549415,0.40399614,-0.9248702,0.9467882,0.9409925,2.0721817,-0.85595113,-1.4468776,-0.794377,-0.80411434,-0.51521957,-0.74920976,0.09973386,0.0,1.0,1.2246469e-16,-1.0,1.2246469e-16,-1.0,0.0,1.0,0.0,0.0,0.0
2025-06-03 12:00:00,4.0,0.80394256,1.902743,-1.455771,-1.3615565,0.24218816,-0.92951924,-0.7819728,-0.09659003,-0.51920354,-0.79814655,-1.0542717,1.8278017,0.13929302,0.6640233,-0.08842219,0.40100843,0.88254285,-1.483312,1.0764433,0.07035736,-0.001489132,0.07650474,0.34487972,-0.7741027,0.7741027,0.571853,-0.19582564,1.4132668,1.1315676,1.6903152,-0.19011071,-0.92220354,-0.013973027,0.028372895,0.24101183,0.12371431,0.2290871,0.0,1.0,1.2246469e-16,-1.0,-0.8660254,-0.5,0.0,0.0,1.0,0.0,0.0
2025-06-03 16:00:00,4.0,-0.7754328,-0.5100239,0.39110965,0.93761355,2.5844522,1.0460916,0.97549015,-0.43957514,-0.20820978,-0.62143654,-0.9607376,2.3527741,-0.24688086,0.37062132,-0.08542029,-0.23037392,0.12680437,-1.9949082,1.5630819,-0.19982222,-0.3266613,-0.29954684,2.0493922,-0.38261348,0.38261348,0.7315247,-1.1004392,1.2104682,0.82981086,2.259865,-0.2026872,-0.94002,-0.3368006,-0.8361989,-0.89625144,-0.2580854,0.2822859,0.95105654,0.309017,1.2246469e-16,-1.0,1.2246469e-16,-1.0,0.0,1.0,0.0,0.0,0.0
2025-06-04 12:00:00,4.0,0.39414364,1.234818,-0.95930153,-0.4898967,-0.37885714,0.25994697,-0.43231878,-0.057299443,-0.46549746,-0.7192948,-1.0023015,1.5827057,0.05949237,0.64024544,0.040666133,0.043514397,0.15576261,-1.6493042,1.6353437,0.44776198,0.14927608,-0.11360625,-0.12673205,-0.904184,0.904184,0.738034,-0.05832796,1.4695086,1.0464252,1.6880525,0.22223613,-0.8254991,0.15522829,0.021440998,0.6047069,0.47642896,0.2565626,0.95105654,0.309017,1.2246469e-16,-1.0,-0.8660254,-0.5,0.0,0.0,1.0,0.0,0.0
2025-06-04 16:00:00,3.0,0.29775026,0.080073625,1.690994,-0.8011957,0.26699424,-0.68588114,-0.5363784,0.3390619,-0.48861322,-0.72274196,-1.0004259,1.466142,0.2708626,0.82106066,0.18912558,-0.23061022,0.22147024,-1.206149,0.9889043,0.7621734,0.43515906,-0.030507682,0.6639933,-0.5564949,0.5564949,0.5365978,0.6234224,1.5429688,1.0980871,0.9371852,0.92949706,-0.5395236,0.44493648,0.45026094,0.14305106,0.48974195,0.20832068,0.58778524,-0.809017,1.2246469e-16,-1.0,1.2246469e-16,-1.0,0.0,1.0,0.0,0.0,0.0
2025-06-05 12:00:00,3.0,0.013447411,0.61627454,1.111194,-1.3697463,-1.3847634,-0.6991502,-0.16316769,-0.05304297,-0.90647864,-0.9208914,-1.0833944,0.55028105,0.370062,0.9061793,0.32422715,0.39608857,0.32037643,-1.2288104,0.97747797,0.88347125,0.68843377,0.0850406,-1.1895291,-0.68377024,0.68377024,-0.42154735,1.1743207,1.5733435,1.3953408,-0.14370856,0.90763116,-0.29434335,0.71564144,0.8790809,0.7769668,0.66420555,0.2610497,0.58778524,-0.809017,1.2246469e-16,-1.0,-0.8660254,-0.5,0.0,0.0,1.0,0.0,0.0
2025-06-05 16:00:00,3.0,0.6780282,-0.31937245,0.2224439,1.5799073,-0.5820946,2.0924683,1.5867606,1.1194026,-1.0202284,-0.9980416,-1.1189615,0.49914905,0.714547,1.2155371,0.53312266,0.2082994,0.54348326,-0.50355697,0.8238097,1.1183181,1.1431899,0.35562629,-0.39917064,-0.83314294,0.83314294,-0.5904947,1.6385758,1.6349914,1.5548553,-0.11400592,1.1150357,-0.28036973,1.1286075,1.3079009,0.8099555,0.87686414,0.5453853,-0.58778524,-0.809017,1.2246469e-16,-1.0,1.2246469e-16,-1.0,0.0,1.0,0.0,0.0,0.0
2025-06-06 12:00:00,3.0,-1.6954448,-2.082926,-1.5951422,-0.28168198,1.256697,0.044739116,-0.90413296,0.012796676,-0.7829124,-0.89732254,-1.0626409,0.9262767,-0.34981552,0.34479538,0.2910654,-0.10220374,-0.27867106,-0.33841586,0.6804457,0.08503066,0.13395664,-0.37526768,1.7146513,0.24192593,-0.24192593,0.58975637,0.6210581,1.0333241,1.2114565,-0.37140507,0.27772394,-0.30813226,0.10976576,-0.8361989,-0.76816815,0.058503486,0.32340539,-0.58778524,-0.809017,1.2246469e-16,-1.0,-0.8660254,-0.5,0.0,0.0,1.0,0.0,0.0
2025-06-06 16:00:00,3.0,0.7875262,-0.18753876,0.9807536,0.5461879,0.21974234,-0.81321454,-0.6167802,1.1470537,-0.59928757,-0.83574456,-1.0434136,1.2366608,0.08245915,0.729643,0.29344216,0.032382086,0.057140104,0.014235979,0.68457085,0.49617532,0.5358256,-0.12566845,0.614537,-0.50384337,0.50384337,0.62945443,0.8279742,1.4047213,1.2215488,0.12171557,0.49924293,-0.3328245,0.5160312,0.021440998,-0.35952297,0.65060914,0.48557812,-0.95105654,0.309017,1.2246469e-16,-1.0,1.2246469e-16,-1.0,0.0,1.0,0.0,0.0,0.0
2025-06-09 12:00:00,4.0,0.20967129,0.670049,-0.77882624,0.5934531,-0.6233766,-1.1153865,-0.3746964,-0.02421976,-0.916746,-0.9932622,-1.1048796,0.71655476,0.25900054,0.8921281,0.3616307,-0.008215751,-0.18910985,0.10614642,0.7340778,0.54011256,0.70523894,0.018951934,-0.30330163,-0.8676444,0.8676444,0.5841897,0.88717806,1.5273261,1.4407531,-0.19404425,0.38776106,-0.05412563,0.71726704,0.43073726,-0.5706246,0.90670323,0.52071726,-0.95105654,0.309017,1.2246469e-16,-1.0,-0.8660254,-0.5,0.0,0.0,1.0,0.0,0.0
2025-06-09 16:00:00,4.0,-2.0264492,-1.3523717,-1.6001455,1.3481354,3.0,1.1747676,1.4500389,-0.25220424,0.6404874,-0.20478463,-0.78084546,2.6014805,-0.9828216,-0.26757917,-0.053940315,-0.9811076,-0.3728206,0.07107988,0.49636966,-0.59751874,-0.6297392,-1.1017852,2.4515562,0.76487565,-0.76487565,1.5450745,0.034144692,0.89613384,0.44294256,1.798197,-0.6287232,-0.27049178,-0.64786357,-0.8755874,-0.74040055,-0.21962857,-0.262268,0.0,1.0,1.2246469e-16,-1.0,1.2246469e-16,-1.0,0.0,1.0,0.0,0.0,0.0
2025-06-10 12:00:00,3.0,-0.027134031,0.2217374,0.94098043,-0.3017933,-0.8598796,-0.008936546,-0.6468566,-0.024133578,-0.11574604,-0.4965719,-0.876899,1.5167247,-0.8867568,-0.20907293,-0.26436153,-1.2853951,-0.7405916,0.2493277,0.5136149,-0.535919,-0.6358273,-1.055267,-0.8138953,0.5623772,-0.5623772,1.2370791,0.4518393,0.9007091,0.7167072,1.3049853,-0.5172427,-0.117524534,-0.65538216,-0.037168186,-1.1311166,-0.16746315,-0.22137943,0.0,1.0,1.2246469e-16,-1.0,-0.8660254,-0.5,0.0,0.0,1.0,0.0,0.0
2025-06-10 16:00:00,3.0,0.68833953,1.2729269,-0.8633318,-0.7093562,-0.5721302,-0.1266821,-0.20714298,0.2086685,-0.5692119,-0.7119494,-0.95878476,0.8701948,-0.43811634,0.20582706,-0.2478117,-0.1885205,-0.21417801,-0.056613434,0.5695763,0.063334055,-0.21378371,-0.694421,-0.43799752,-0.27859083,0.27859083,1.2329564,0.77862513,1.2222793,1.0418359,0.6328632,-0.14914949,-0.04782557,-0.23275319,0.4008649,-0.8058061,0.2761228,-0.9308564,0.95105654,0.309017,1.2246469e-16,-1.0,1.2246469e-16,-1.0,0.0,1.0,0.0,0.0,0.0
2025-06-11 12:00:00,4.0,0.63715416,1.3185611,-0.5245335,-1.229949,-0.38065878,0.097951636,-0.023114158,-0.014801255,-0.8295685,-0.85970426,-1.0186769,0.48499936,-0.04473622,0.6058246,-0.07568023,-0.24569725,-0.16000226,0.012204287,0.5615317,0.5871371,0.19374982,-0.33541045,0.12092483,-0.9076944,0.9076944,1.0984954,0.98850644,1.4835294,1.3168774,0.09442974,0.39543873,0.011878148,0.17189528,0.8349489,1.0842841,0.86582196,-0.926509,0.95105654,0.309017,1.2246469e-16,-1.0,-0.8660254,-0.5,0.0,0.0,1.0,0.0,0.0
2025-06-11 16:00:00,4.0,1.3989434,1.5118926,-1.3961499,-0.7499049,1.4639508,1.8620585,0.9310378,-0.42237523,-0.20942126,-0.5435342,-0.90389234,1.4754391,0.6076246,1.3459834,0.32652533,0.32915187,0.24076985,0.39389178,0.61854,1.4249701,0.847107,0.1632348,2.0158494,-1.076034,1.076034,1.4981264,1.2362301,1.5381681,1.1841916,1.1227007,1.0378281,-0.07320473,0.80215245,1.2609584,1.668406,1.0269148,-1.196419,0.58778524,-0.809017,1.2246469e-16,-1.0,1.2246469e-16,-1.0,0.0,1.0,0.0,0.0,0.0
2025-06-12 12:00:00,4.0,-0.7702433,-1.051144,-0.713525,1.1429927,0.24805473,0.6821033,-0.571191,0.040838223,-0.18909936,-0.48288196,-0.8552459,1.4173092,0.18879415,0.9008236,0.42258117,0.9125796,-0.04185489,0.2506105,0.43076056,0.79514235,0.37053525,-0.23756199,1.2670624,-0.5190319,0.5190319,-0.18547328,0.42997575,1.1776038,1.0462769,-0.4297699,0.96708083,-0.06815484,0.34343797,-0.9078307,0.6966363,0.50986147,-1.0657074,0.58778524,-0.809017,1.2246469e-16,-1.0,-0.8660254,-0.5,0.0,0.0,1.0,0.0,0.0
2025-06-12 16:00:00,3.0,-0.6748802,-0.20465268,0.84803367,0.83703417,-0.13363273,-1.2455903,-0.971849,-0.80439603,-0.32680774,-0.5293409,-0.8581754,1.0857207,-0.15696675,0.51922303,0.34110844,0.6025476,-0.5142916,0.061380815,0.3101319,0.33803788,-0.010933289,-0.54615074,0.8589497,-0.16123517,0.16123517,0.17155153,-0.08388248,0.9387414,1.0357906,0.015406929,0.4685167,-0.1993966,-0.0003371507,-1.314652,-0.123926416,0.14352453,-1.1774814,-0.58778524,-0.809017,1.2246469e-16,-1.0,1.2246469e-16,-1.0,0.0,1.0,0.0,0.0,0.0
2025-06-13 12:00:00,4.0,-0.60093904,-0.89663136,-1.0115863,1.6552317,-0.26005366,-0.04226981,0.61193025,-0.08262062,-0.49398106,-0.6064862,-0.87613416,0.77827555,-0.4509005,0.17594153,0.15581562,-0.011323812,-0.15126145,-0.3660532,0.023779565,-0.07925985,-0.31936878,-0.8149797,0.54420704,0.12907487,-0.12907487,0.29549435,-0.69982153,0.7117999,1.0551114,0.2588736,-0.035834584,-0.32840946,-0.31462348,-1.7092904,-1.1648072,-0.1343907,-1.1606861,-0.58778524,-0.809017,1.2246469e-16,-1.0,-0.8660254,-0.5,0.0,0.0,1.0,0.0,0.0
2025-06-13 16:00:00,4.0,-3.0,-1.1809926,-1.1913223,1.1970514,3.0,3.0,3.0,-3.0,3.0,3.0,1.3026603,3.0,-3.0,-3.0,-0.87574404,-3.0,-2.970517,-2.42458,-0.9714761,-3.0,-2.7717774,-3.0,2.3681028,1.8004326,-1.8004326,2.7976305,-3.0,-0.8429878,-2.182498,3.0,-3.0,-1.3716992,-2.5039506,-2.0680685,-3.0,-2.1473083,-0.55084026,-0.95105654,0.309017,1.2246469e-16,-1.0,1.2246469e-16,-1.0,0.0,1.0,0.0,0.0,0.0
2025-06-16 12:00:00,1.0,-0.3703131,-0.71510917,-1.0608534,2.0983381,0.14897744,0.9933313,-1.0015957,0.034122724,3.0,3.0,1.3574002,3.0,-3.0,-3.0,-1.5055128,-3.0,-2.962215,-2.6524253,-0.98197746,-3.0,-2.6604145,-3.0,1.7248615,1.8485159,-1.8485159,2.129966,-3.0,-1.082074,-2.1403735,3.0,-3.0,-1.324709,-2.3792007,-2.386403,-3.0,-2.1639473,-0.9648245,-0.95105654,0.309017,1.2246469e-16,-1.0,-0.8660254,-0.5,0.0,0.0,1.0,0.0,0.0
2025-06-16 16:00:00,1.0,1.2497642,-0.056162734,1.261388,0.04215068,0.21854755,0.55979276,-0.42397997,1.9269003,3.0,3.0,1.5483018,2.9093544,-2.2464824,-2.5981255,-1.5496677,-2.7227538,-1.7764385,-1.7685571,-1.074836,-2.2199094,-1.9919158,-2.619165,1.7075406,1.2518839,-1.2518839,2.5123916,-2.4611793,-0.5788546,-2.0086799,3.0,-2.2167387,-1.2812485,-1.7106031,0.12560016,-2.0237052,-1.5053266,-0.62337667,0.0,1.0,1.2246469e-16,-1.0,1.2246469e-16,-1.0,0.0,1.0,0.0,0.0,0.0
2025-06-17 12:00:00,1.0,-0.510793,-1.2931317,-0.89959425,0.5342779,-0.3757096,0.41339582,-0.2569805,0.058728598,2.2609186,2.6163938,1.43323,1.817788,-2.2559118,-2.6296554,-1.6905849,-2.5839407,-1.9431553,-2.1494553,-1.1554012,-2.1144407,-2.0831652,-2.6162474,0.13412209,1.3960397,-1.3960397,2.4023929,-2.6522052,-0.9328275,-1.8873607,2.7762873,-2.095219,-1.2388824,-1.8055344,-0.71173424,0.6081158,-1.6466447,-0.75668395,0.0,1.0,1.2246469e-16,-1.0,-0.8660254,-0.5,0.0,0.0,1.0,0.0,0.0
2025-06-17 16:00:00,4.0,0.96380585,1.7219714,-1.3007342,-1.2308966,0.3205556,-0.0905336,-0.58670837,-0.9764817,1.914524,2.3839786,1.4700528,1.4489384,-1.688461,-1.9943304,-1.4556496,-1.8813307,-1.7272848,-1.642824,-1.1000987,-1.5562416,-1.5978984,-2.180377,1.798733,0.94021523,-0.94021523,2.4712179,-2.08221,-0.56287956,-1.7101345,2.6332119,-1.6804554,-1.198387,-1.3186592,0.12560016,1.2423385,-1.1520027,-0.85984373,0.95105654,0.309017,1.2246469e-16,-1.0,1.2246469e-16,-1.0,0.0,1.0,0.0,0.0,0.0
2025-06-18 12:00:00,1.0,-0.32212314,-1.0910903,-0.021273965,0.024891436,-0.5680271,-0.03747234,-0.06133495,0.102750145,1.1098604,1.7903315,1.2587187,0.6523687,-1.7089858,-2.022562,-1.3753296,0.45576423,-1.9960805,-1.9138786,-1.081468,-1.5189432,-1.6625481,-2.1765099,-0.6131321,1.0217385,-1.0217385,-1.3927594,-2.1915193,-0.8777172,-1.5172031,-0.8789778,-1.3566506,-1.1589289,-1.3864751,-0.71173424,0.39333832,-1.232345,-0.9328617,0.95105654,0.309017,1.2246469e-16,-1.0,-0.8660254,-0.5,0.0,0.0,1.0,0.0,0.0
2025-06-18 16:00:00,1.0,-3.0,-1.9623652,-1.2887262,-0.8050139,2.5304198,1.1761651,1.3486962,0.044263802,3.0,3.0,2.9054196,2.3853846,-2.7183056,-3.0,-1.4900452,-1.6083372,-3.0,-3.0,-1.9660046,-2.5194507,-2.6342053,-2.9260962,1.988266,2.3172057,-2.3172057,1.0122727,-2.4158883,-1.9245032,-2.680447,0.37897584,-2.0727675,-1.2067904,-2.4813724,-1.1304015,-0.8785096,-2.5756505,-2.5416498,0.58778524,-0.809017,1.2246469e-16,-1.0,1.2246469e-16,-1.0,0.0,1.0,0.0,0.0,0.0
2025-06-20 12:00:00,1.0,-0.4584254,-0.5732128,1.1208453,-0.14401044,0.7203251,2.2785802,0.8799998,0.0254678,3.0,3.0,3.0,2.1728642,-2.5994363,-3.0,-1.6515383,-2.2951078,-3.0,-3.0,-2.0171247,-2.1304016,-2.4057567,-2.719896,1.7445866,2.1652343,-2.1652343,0.6117447,-2.6307425,-1.9396604,-2.6489167,0.48622465,-2.0035143,-1.256882,-2.1473408,-1.5490687,-1.4915005,-2.3857195,-2.3730114,0.58778524,-0.809017,1.2246469e-16,-1.0,-0.8660254,-0.5,0.0,0.0,1.0,0.0,0.0
2025-06-20 16:00:00,4.0,-0.27068144,-0.06176967,-0.7878797,2.4639013,-0.2239949,1.4452182,-0.41824728,-0.7391581,2.510019,2.9669054,2.8504016,1.5123959,-2.4698849,-2.9933925,-1.7763281,-2.1289608,-3.0,-3.0,-2.1465802,-1.840507,-2.2911756,-2.6076884,1.1966065,1.9086856,-1.9086856,0.64541143,-2.4749851,-2.1330218,-2.4834263,0.64349633,-1.8826959,-1.8404434,-1.9696478,-1.8737077,-1.406805,-2.0977898,-2.3692765,-0.95105654,0.309017,1.2246469e-16,-1.0,1.2246469e-16,-1.0,0.0,1.0,0.0,0.0,0.0
2025-06-23 12:00:00,4.0,-0.18956475,-0.7000833,-0.47965974,1.2653497,-0.53075343,0.4715724,-0.657466,0.06351348,1.7180322,2.3633256,2.4783115,0.76862717,-2.348037,-2.7975624,-1.841037,-2.4732504,-2.824226,-2.7665777,-2.1258454,-1.615489,-2.2369678,-2.5431385,0.46040055,1.8926563,-1.8926563,0.25884843,-2.1976159,-2.4033225,-2.290007,0.30445814,-1.5850937,-2.0278456,-1.9157867,-2.1475003,-0.05785327,-2.0631738,-2.2810864,-0.95105654,0.309017,1.2246469e-16,-1.0,-0.8660254,-0.5,0.0,0.0,1.0,0.0,0.0
2025-06-23 16:00:00,1.0,0.13906574,0.2695487,0.49462563,0.34948546,-0.1800236,-0.18909177,-0.64987177,-0.40745094,1.4165727,2.075785,2.296296,0.46915188,-2.1819966,-2.561527,-1.6840475,-2.197656,-1.3043919,-2.7009485,-2.2554927,-1.39761,-2.0265906,-2.3755388,1.2537675,1.7909954,-1.7909954,0.37365246,-1.707128,-2.3480155,-2.133556,0.556069,-1.386157,-2.0117202,-1.7551818,0.2098941,0.118159026,-1.943483,-2.4674294,0.0,1.0,1.2246469e-16,-1.0,1.2246469e-16,-1.0,0.0,1.0,0.0,0.0,0.0
2025-06-24 12:00:00,1.0,1.4397104,1.3648103,-1.045308,-0.6261231,0.070991494,-0.10001383,-0.012351997,0.049291916,1.3511232,1.920053,2.15758,0.45189202,-1.5044498,-1.9116894,-1.1856424,0.2921089,-0.7496071,-2.2335713,-1.7483602,-1.0057895,-1.405983,-1.9339905,1.4185443,1.2825567,-1.2825567,-1.6480016,-1.3532985,-1.7624115,-1.8916761,-0.6617787,-1.0748074,-1.9767206,-1.1374116,0.5837297,1.0763246,-1.4411016,-1.6626197,0.0,1.0,1.2246469e-16,-1.0,-0.8660254,-0.5,0.0,0.0,1.0,0.0,0.0
2025-06-24 16:00:00,1.0,1.7661424,-0.58627194,0.5270203,0.5350267,-0.010233918,0.19165166,0.16440539,3.0,1.759168,2.0955853,2.256272,0.9098457,-0.83232796,-1.2484876,-0.41443053,1.2873306,-0.50383055,-1.3899858,-1.3870757,-0.58275867,-0.70489484,-1.4228948,1.2648493,0.62531614,-0.62531614,-1.2409841,-1.032919,-0.90834355,-1.7322044,-0.5305011,-0.5356552,-1.8145365,-0.41819525,0.95679915,1.9925491,-0.8382752,-0.9166605,0.95105654,0.309017,1.2246469e-16,-1.0,1.2246469e-16,-1.0,0.0,1.0,0.0,0.0,1.0
2025-06-25 12:00:00,1.0,0.32847068,0.66208565,0.26167637,-0.416607,-0.7497062,-0.30543143,-0.51940733,0.04686929,1.04741,1.5887594,1.8827473,0.1732393,-0.701781,-1.1066171,0.086998954,1.5249254,-0.26211402,-1.286214,-1.3471725,-0.45955092,-0.5539064,-1.3323388,-0.36722124,-0.025737893,0.025737893,-1.3756833,-0.79214835,-0.98887867,-1.5056946,-0.7188716,-0.45482236,-1.8228967,-0.25355825,1.317836,1.9945687,-0.7058885,-0.87172186,0.95105654,0.309017,1.2246469e-16,-1.0,-0.8660254,-0.5,0.0,0.0,1.0,0.0,1.0
2025-06-25 16:00:00,4.0,-0.74388677,-1.3310488,-0.25639087,-0.3528928,-0.649332,-0.8129672,-0.65165675,-0.5303988,0.6876194,1.3104717,1.705093,-0.24321705,-0.89171964,-1.2832389,0.3611232,1.2623423,-0.7586877,-1.5882947,-1.5778768,-0.5546809,-0.7310626,-1.463842,0.03352551,0.14508161,-0.14508161,-1.0431089,-0.82000226,-1.4175233,-1.4661976,-0.6539851,-0.5099985,-1.8845819,-0.49054,-0.587664,0.837429,-0.9312358,-0.9088033,0.58778524,-0.809017,1.2246469e-16,-1.0,1.2246469e-16,-1.0,0.0,1.0,0.0,0.0,1.0
2025-06-26 12:00:00,4.0,-0.6954629,-1.7849104,-0.869257,-0.925448,-0.608151,-0.5257949,0.3112873,0.073655196,0.40162468,1.0649332,1.5354373,-0.56742686,-1.0530114,-1.4293698,0.4524384,0.89186424,-0.89768827,-1.8486648,-1.7483649,-0.63730365,-0.8880162,-1.5919842,0.39519033,0.51724863,-0.51724863,-0.7529632,-0.8796511,-1.8251903,-1.425985,-0.75598925,-0.5894863,-2.1629968,-0.71887124,-0.94410694,-0.3172038,-1.1337414,-0.9125526,0.58778524,-0.809017,1.2246469e-16,-1.0,-0.8660254,-0.5,0.0,0.0,1.0,0.0,1.0
2025-06-26 16:00:00,4.0,-0.2947332,0.16661918,0.7451657,0.36049306,-0.3008357,-0.04006618,0.41078472,-0.98744017,0.36653185,0.9665382,1.4541104,-0.57747585,-1.1030867,-1.4610087,0.48411712,0.15362126,0.32240495,-2.0844862,-1.7172865,-0.6396824,-0.8550963,-1.5990335,0.82091093,0.6470889,-0.6470889,-0.92386454,-1.0011177,-1.9457849,-1.3987985,-0.8363372,-0.6671976,-2.0810342,-0.7288668,-1.3056377,-0.5749354,-1.2013705,-0.89867276,-0.58778524,-0.809017,1.2246469e-16,-1.0,1.2246469e-16,-1.0,0.0,1.0,0.0,0.0,1.0
2025-06-27 12:00:00,1.0,0.44805986,1.1383245,-0.3759056,-0.81770533,-0.8278672,-0.47923562,-0.48230058,0.1282156,-0.038277842,0.61608297,1.1621379,-1.0030924,-0.9128338,-1.276951,0.62832695,-0.4199106,0.6158386,-1.8090901,-1.6528007,-0.4639608,-0.5827469,-1.4838768,-1.0666653,0.42198431,-0.42198431,-1.8102363,-0.74484104,-1.9546039,-1.1721656,-1.3442163,-0.5089037,-2.0495973,-0.46564034,0.23797338,-0.040754512,-1.0059913,-0.81897086,-0.58778524,-0.809017,1.2246469e-16,-1.0,-0.8660254,-0.5,0.0,0.0,1.0,0.0,1.0
2025-06-27 16:00:00,4.0,1.4014001,1.4199839,-1.2592826,-0.6540441,-0.06344941,-0.9949729,-0.6182898,0.33515686,0.14154573,0.615808,1.0911471,-0.67307687,-0.3861545,-0.7986696,1.0291482,0.06326805,1.1599094,-1.3265737,-1.34732,0.04977633,0.11921881,-1.0527914,1.223292,-0.3251958,0.3251958,-1.2075627,-0.5333981,-1.2504135,-0.98470014,-0.9717697,-0.09670804,-1.9283909,0.24638134,0.62387615,0.92627054,-0.46651867,-0.5176074,-0.95105654,0.309017,1.2246469e-16,-1.0,1.2246469e-16,-1.0,0.0,1.0,0.0,0.0,1.0
2025-06-30 12:00:00,4.0,-0.7086788,-1.6759582,-0.70596844,-0.9098825,-0.57950276,-1.0029505,-0.13713671,0.078214414,0.005236104,0.48169562,0.99063593,-0.8304516,-0.59732807,-0.9777425,1.1403586,0.07076554,0.9793842,-1.4073828,-1.4714137,-0.08203449,-0.05585353,-1.21961,0.25540936,-0.01592785,0.01592785,-1.2287354,-0.62022096,-1.6317841,-0.9892822,-0.9050488,0.036490347,-1.7756394,-0.031206533,-0.511473,0.7129048,-0.28889877,-0.4732743,-0.95105654,0.309017,1.2246469e-16,-1.0,-0.8660254,-0.5,0.0,0.0,1.0,0.0,1.0
2025-06-30 16:00:00,4.0,1.3096799,1.5831916,-1.2236046,-1.0871996,-0.2433723,-1.0145166,-0.19396493,0.47439465,0.04535872,0.41825044,0.87924045,-0.67664987,-0.14525716,-0.56258744,1.4624181,0.962121,1.3535043,0.064098105,-1.4487399,0.50418276,0.5240242,-0.8355652,0.65620834,-1.324179,1.324179,-0.67460227,-0.36984524,-1.0357829,-0.77915645,-0.6832085,0.35364133,-1.3697608,0.7158274,0.28982428,1.0698845,0.5866649,-0.9307885,0.0,1.0,1.2246469e-16,-1.0,1.2246469e-16,-1.0,0.0,1.0,0.0,0.0,1.0
2025-07-01 12:00:00,4.0,0.34755543,0.92414147,0.17480206,-0.9239816,-0.91740155,-0.6784471,0.16942015,0.1059767,-0.31455627,0.12602487,0.633637,-1.0883957,-0.017445317,-0.44547904,1.7863529,1.2392817,1.0209233,0.237706,-1.3603168,0.64963025,0.734758,-0.7345526,-1.3483049,-1.3139211,1.3139211,-0.84543926,-0.06999001,-1.0525434,-0.53759444,-0.89212847,0.6337555,-1.3114066,0.9917255,0.7237788,0.5107902,0.77152276,-0.82101405,0.0,1.0,1.2246469e-16,-1.0,-0.8660254,-0.5,0.0,0.0,1.0,0.0,1.0
2025-07-01 16:00:00,4.0,-0.21099894,-0.15322387,0.45632315,1.576637,-0.35501313,-0.3674171,0.12939976,-0.42750597,-0.31051588,0.0646235,0.56260014,-1.0199653,-0.08561297,-0.5007479,1.8427138,0.95179236,0.3949882,-0.08451579,-1.4800899,0.59768075,0.670351,-0.79139614,0.4740011,-1.1474688,1.1474688,-0.6203659,-0.26774997,-1.1859599,-0.5192539,-0.65532136,0.57858956,-1.2957894,0.9174668,-0.46780136,0.7149505,0.72019315,-1.0698392,0.95105654,0.309017,-0.5,-0.8660254,1.2246469e-16,-1.0,0.0,1.0,0.0,0.0,0.0
2025-07-02 12:00:00,4.0,0.4552671,0.7285799,0.6391822,-0.8904332,-0.55140483,-0.8237634,-0.5518609,0.12066947,-0.41612095,-0.072532035,0.4184599,-1.0885919,0.09941698,-0.3453847,1.9436255,0.5348905,0.44374475,0.151275,-1.362148,0.8134436,0.9454126,-0.6449659,-0.068782814,-1.2091708,1.2091708,-0.984847,0.070511684,-1.0390803,-0.34665206,-0.8536651,0.81756276,-1.0653809,1.2461085,0.41255468,0.32130808,0.97028506,-1.1223108,0.95105654,0.309017,-0.5,-0.8660254,-0.8660254,-0.5,0.0,0.0,1.0,0.0,0.0
2025-07-02 16:00:00,4.0,-1.0729865,-1.2729412,-0.06187114,-0.6575086,0.24825811,-0.7257175,-0.039564166,-0.3634859,-0.07050142,0.11699217,0.5489463,-0.5908732,-0.33596334,-0.6846787,1.5909103,0.37709486,0.3321094,-0.3628406,-1.6504514,0.36886916,0.39921618,-0.964338,1.3092611,-0.41288763,0.41288763,-0.66103625,-0.1026266,-1.4202762,-0.6349566,-0.50329036,0.5439818,-0.85639334,0.5769553,-0.42935193,-0.3800114,0.34328514,-0.94891745,0.58778524,-0.809017,-0.5,-0.8660254,1.2246469e-16,-1.0,0.0,1.0,0.0,0.0,0.0
2025-07-03 12:00:00,4.0,0.90632546,1.3547657,-1.361905,-0.374847,-0.31553644,-0.9882943,-0.45465362,0.035821818,-0.11639859,0.043911655,0.44495422,-0.57935643,0.04731758,-0.37629247,1.5762374,0.19790958,0.87534416,-0.034997474,-1.4272437,0.8940155,0.9221842,-0.6543094,0.5315585,-0.8900373,0.8900373,-0.95005536,0.36347076,-0.9975667,-0.45342743,-0.5402979,0.6907654,0.2902311,1.1644909,0.4593759,0.16520672,0.9942362,-0.79542273,0.58778524,-0.809017,-0.5,-0.8660254,-0.8660254,-0.5,0.0,0.0,1.0,0.0,0.0
2025-07-07 12:00:00,4.0,0.9661267,1.1336298,-0.8952903,-0.382915,0.18209623,-0.64365566,0.21323943,0.21106936,-0.070171215,0.033023693,0.38492832,-0.44539663,0.4423086,-0.046849877,1.6868982,0.48836306,1.2991413,1.382632,-1.1250294,1.2334338,1.3270111,-0.29640132,0.7409584,-1.3713152,1.3713152,0.2561169,0.970763,-0.47980618,-0.30456418,-0.17417341,1.0835409,0.8583179,1.6187737,0.88130134,0.37248957,1.5256191,1.2315822,-0.58778524,-0.809017,-0.5,-0.8660254,1.2246469e-16,-1.0,0.0,1.0,0.0,0.0,0.0
2025-07-07 16:00:00,1.0,-0.42143974,-1.3073262,-0.5940153,-0.03190523,0.04613785,-0.80608386,-0.30267078,0.4686784,-0.07990073,0.018793324,0.3643363,-0.4476971,0.25305068,-0.18646207,1.5922459,0.38824385,1.0066799,1.3922688,-1.2380872,0.89615107,0.98958397,-0.43033075,0.41893917,-0.82122743,0.82122743,0.35349944,0.52419657,-0.69854325,-0.35024,-0.12345161,1.0293683,1.2090911,1.1740506,-0.4593759,0.67916393,1.1149192,1.0208107,0.0,1.0,-0.5,-0.8660254,1.2246469e-16,-1.0,0.0,1.0,0.0,0.0,0.0
2025-07-08 12:00:00,1.0,0.10890864,0.077651754,-1.1895531,2.56122,-1.5086522,-1.1264647,-0.31172806,0.07940869,-0.42116994,-0.22469452,0.1667297,-0.87693995,0.30271798,-0.13878232,1.5533011,0.23011331,0.57215106,1.4861025,-0.9954467,0.8557445,0.97534806,-0.37435186,-1.5833013,-0.86752766,0.86752766,0.34016418,0.8341748,-0.8093605,-0.13657378,-0.27974477,0.84449697,1.438327,1.0896422,0.42935193,0.27873415,1.1313468,0.9406515,0.0,1.0,-0.5,-0.8660254,-0.8660254,-0.5,0.0,0.0,1.0,0.0,0.0
2025-07-08 16:00:00,1.0,-0.31949523,-1.0058246,0.7880232,-0.5915238,-0.5586762,-0.98016477,-0.086490415,0.099510826,-0.48124492,-0.29952285,0.09061587,-0.9121305,0.1284594,-0.2489652,1.3487761,0.58058095,0.70189273,1.4288,-0.83034307,0.6100602,0.65277106,-0.47763625,-0.09440229,-0.5842229,0.5842229,-0.4465906,0.3785055,-1.0323602,-0.12026811,-0.5825984,0.8085115,1.5701511,0.6795381,-0.4847014,-0.37633005,0.9050393,0.85839546,0.95105654,0.309017,-0.5,-0.8660254,1.2246469e-16,-1.0,0.0,1.0,0.0,0.0,0.0
2025-07-09 12:00:00,1.0,-0.26843584,-1.1969746,-0.93207324,0.6534421,-1.2880638,0.25183037,0.5250268,0.07437998,-0.70390993,-0.4843783,-0.066570915,-1.1829484,-0.01970674,-0.34055248,1.1327908,0.03489972,0.17056127,1.2991604,-0.83991045,0.3789927,0.37490788,-0.5774192,-1.5114506,-0.17393436,0.17393436,-0.73033804,-0.52116865,-1.3401281,0.008919101,-0.7790137,0.4600954,1.6568934,0.3546552,-0.9553309,-0.3247076,0.64689314,0.887578,0.95105654,0.309017,-0.5,-0.8660254,-0.8660254,-0.5,0.0,0.0,1.0,0.0,0.0
2025-07-09 16:00:00,1.0,0.012457521,-0.82024556,1.9450496,-1.3082652,-0.8072246,-1.4428647,-0.8841224,0.52235514,-0.79528224,-0.59984475,-0.18867575,-1.2444873,-0.019475007,-0.32795092,0.93038356,-0.41814065,0.05763342,0.9181875,-0.821642,0.305899,0.2888079,-0.54428387,-0.8834668,-0.030610163,0.030610163,-1.7587965,-1.0119063,-1.4175944,0.12888576,-0.9411935,0.5479636,1.7032586,0.24816157,-1.3630662,-0.38386896,0.4009207,0.5530308,0.58778524,-0.809017,-0.5,-0.8660254,1.2246469e-16,-1.0,0.0,1.0,0.0,0.0,0.0
2025-07-10 12:00:00,1.0,0.83692306,1.4146215,-1.1413932,-0.7965719,0.119197145,-0.7941938,0.32073966,0.02956353,-0.71850824,-0.6160621,-0.26552504,-1.0205756,0.4077341,-0.0033364524,0.9532509,0.17643964,0.4118673,0.6703511,-0.4550323,0.86468804,0.77145785,-0.12237479,0.182772,-0.7491135,0.7491135,-0.7619857,-0.35287142,-0.89723086,0.2930658,-0.88622916,0.7023548,1.6424485,0.7970197,0.42935193,0.33370796,1.0543816,-0.13162772,0.58778524,-0.809017,-0.5,-0.8660254,-0.8660254,-0.5,0.0,0.0,1.0,0.0,0.0
2025-07-10 16:00:00,1.0,-0.47069442,-0.73948675,-0.3813781,1.2450018,0.23753838,0.19984694,0.31417027,-0.3475602,-0.6117057,-0.5765117,-0.26517603,-0.80839336,0.117918685,-0.1846552,0.79441994,-0.10070649,0.09945628,0.4501905,-0.47902745,0.42733267,0.39634076,-0.30394694,0.34150425,-0.028959775,0.028959775,-0.5776746,-1.0367318,-1.1204891,0.16624601,-0.57670325,0.47242108,1.5752375,0.3679846,-0.4847014,0.16508904,0.6510481,-0.21085225,-0.58778524,-0.809017,-0.5,-0.8660254,1.2246469e-16,-1.0,0.0,1.0,0.0,0.0,0.0
2025-07-11 12:00:00,4.0,0.044527587,-0.023193102,2.2243934,-0.61397064,-1.5517974,-0.44144937,-0.38682273,0.039760124,-0.8675727,-0.7764393,-0.44611558,-1.1452812,0.13677126,-0.16069986,0.70581126,0.07370328,0.48222992,0.6624661,-0.671554,0.37877813,0.38049144,-0.2588875,-1.8759181,0.070478626,-0.070478626,-0.5863779,-0.30316544,-1.2807873,0.40511566,-0.7427156,0.5155488,1.9170207,0.36466548,0.42411372,0.18736055,0.6557786,-0.23282589,-0.58778524,-0.809017,-0.5,-0.8660254,-0.8660254,-0.5,0.0,0.0,1.0,0.0,0.0
2025-07-11 16:00:00,4.0,-1.9256047,-1.3814362,-0.46332964,-0.4401137,2.0745883,0.6058735,0.29539126,-1.6658093,0.039492447,-0.17980771,-0.012725806,0.16100144,-0.87016815,-0.87787163,-0.011529154,-0.7393885,-0.5037595,0.30643857,-1.1112826,-1.2668536,-0.90429676,-0.9997594,1.3208314,1.9080867,-1.9080867,0.88357854,-1.057539,-1.6836916,-0.49564895,0.27869412,-0.9560027,0.9046139,-1.1380712,-0.46422035,-1.5203696,-0.9982805,0.10068369,-0.95105654,0.309017,-0.5,-0.8660254,1.2246469e-16,-1.0,0.0,1.0,0.0,0.0,0.0
2025-07-14 12:00:00,4.0,0.01892981,-0.2041475,-0.878215,2.7183626,-0.13505687,1.740945,0.11183786,0.06532707,-0.10837994,-0.2504818,-0.078682184,-0.040169865,-0.8577227,-0.86037713,-0.4227296,-0.7330865,-0.82899785,0.39213935,-1.1115272,-1.3948361,-0.943435,-0.95557314,-0.11813538,1.4407909,-1.4407909,0.8817518,-1.7547002,-1.6862675,-0.43983987,0.3652112,-1.573641,0.39841458,-1.2108228,-0.8910842,-1.1684883,-1.3692075,0.53554267,-0.95105654,0.309017,-0.5,-0.8660254,-0.8660254,-0.5,0.0,0.0,1.0,0.0,0.0
2025-07-14 16:00:00,4.0,0.8152353,0.7844651,-0.5378798,0.25017232,1.5851525,0.92963743,-0.3735706,-0.11001135,0.20351845,-0.039731085,0.033123717,0.39581254,-0.37308222,-0.51901525,-0.4266393,-0.73162806,-0.39806938,0.5022503,-0.9094129,-0.8096218,-0.4679868,-0.5230247,1.2254899,0.687311,-0.687311,0.7486635,-0.89667857,-1.0445563,-0.4564656,0.70484364,-1.0985888,-0.052377507,-0.6888354,0.47609773,-0.6083114,-0.628024,0.40295306,0.0,1.0,-0.5,-0.8660254,1.2246469e-16,-1.0,0.0,1.0,0.0,0.0,0.0
2025-07-15 12:00:00,4.0,-0.06468919,-0.7449928,-0.08333701,0.738654,-1.3641329,-1.0155667,-0.6697323,0.13513307,-0.30678868,-0.34537002,-0.1882132,-0.29510128,-0.41144907,-0.5374958,-0.49769264,-0.5411546,-0.45741886,0.096715674,-0.91626364,-0.87426114,-0.5549861,-0.5465612,-1.9586202,0.7815584,-0.7815584,0.96388453,-1.144314,-1.3071116,-0.24214098,0.21333206,-0.8095495,-0.11342717,-0.78873116,-0.43017858,0.5431425,-0.72160774,-0.07631399,0.0,1.0,-0.5,-0.8660254,-0.8660254,-0.5,0.0,0.0,1.0,0.0,0.0
2025-07-15 16:00:00,4.0,-0.69561,-0.527671,1.5420023,-0.43630475,-0.32369202,-0.6094043,-0.001589324,-1.1306562,-0.37710473,-0.38881418,-0.21976566,-0.39346227,-0.7590771,-0.78904897,-0.6979762,-0.9004189,-0.5915288,0.09548979,-1.1516986,-1.4997514,-0.99902475,-0.82326585,-0.49381506,1.4549723,-1.4549723,0.9416011,-1.3074393,-1.656348,-0.32706577,0.46987578,-1.2948676,-0.124917254,-1.2917165,-0.86159897,0.12038092,-1.393092,-0.16275343,0.95105654,0.309017,-0.5,-0.8660254,1.2246469e-16,-1.0,0.0,1.0,0.0,0.0,0.0
2025-07-16 12:00:00,4.0,-0.04695064,-0.46341753,2.1977072,-1.0057024,-0.69435465,-0.54325056,-0.12983918,0.115618624,-0.6013181,-0.5549978,-0.3591812,-0.6752147,-0.7841937,-0.8008766,-0.8401241,0.012841065,-0.5165206,-0.28193668,-1.1303908,-1.348252,-1.0349702,-0.8366489,-1.2292904,1.4986347,-1.4986347,-0.5852911,-1.3409824,-1.7953424,-0.20333563,-0.5647249,-1.1763238,-0.13348684,-1.3277768,-1.2906538,-0.48870775,-1.4430724,-0.25033402,0.95105654,0.309017,-0.5,-0.8660254,-0.8660254,-0.5,0.0,0.0,1.0,0.0,0.0
2025-07-16 16:00:00,4.0,0.5567203,0.79801035,-0.79201967,0.5985866,-0.24415505,-0.62431955,-0.19795838,0.2611019,-0.65525764,-0.63267535,-0.45955566,-0.6818243,-0.42788634,-0.5582818,-0.71932286,0.27711552,-0.32753313,-0.21979533,-1.1268246,-0.8260321,-0.6602851,-0.53503764,-0.33861098,0.9104601,-0.9104601,-0.4282592,-0.8367467,-1.5469295,-0.032150157,-0.54795694,-0.94524807,-0.14392102,-0.9037062,0.5314457,-0.010968819,-0.9626849,-0.48743203,0.58778524,-0.809017,-0.5,-0.8660254,1.2246469e-16,-1.0,0.0,1.0,0.0,0.0,0.0
2025-07-17 12:00:00,4.0,0.27466103,0.55085677,0.26339084,0.10540652,-0.7571239,-1.0299745,-0.33228147,0.087286286,-0.83199024,-0.7888536,-0.61134994,-0.88585305,-0.2615359,-0.4372321,-0.55196285,0.010863821,-0.51823866,-0.08297021,-0.909862,-0.58076954,-0.4934991,-0.38544714,-1.2312969,0.66422635,-0.66422635,-0.90719706,-0.45877934,-1.535103,0.17458312,-0.976477,-0.56356627,-0.4491383,-0.7154986,0.9577321,0.6042437,-0.74139017,-0.4363033,0.58778524,-0.809017,-0.5,-0.8660254,-0.8660254,-0.5,0.0,0.0,1.0,0.0,0.0
2025-07-17 16:00:00,3.0,-0.074490316,-0.58239955,0.9036315,-0.06014676,-0.49068213,-0.73323697,-0.047937877,0.15474063,-0.8949972,-0.87169594,-0.70739913,-0.92602146,-0.323731,-0.47072357,-0.43721935,0.0063919635,-0.3870297,-0.23054455,-1.0585281,-0.6060639,-0.5326068,-0.40485296,-0.8165918,0.7255144,-0.7255144,-0.8616722,-0.6455903,-1.6436665,0.24989013,-0.75218296,-0.46473324,-0.8273711,-0.7604658,-0.38495746,0.5629444,-0.8400693,-0.4746609,-0.58778524,-0.809017,-0.5,-0.8660254,1.2246469e-16,-1.0,0.0,1.0,0.0,0.0,0.0
2025-07-18 12:00:00,3.0,0.24490169,0.72078955,1.3253635,-1.346091,-0.9745762,-0.272423,0.018015176,0.052182328,-1.0870969,-1.0484827,-0.8839374,-1.1700743,-0.16689172,-0.3596429,-0.28115255,0.47062397,-0.31710514,0.13806334,-0.9345262,-0.4289741,-0.4059597,-0.25498033,-1.6122404,0.50680405,-0.50680405,-1.5240021,-0.24979275,-1.7046345,0.5199937,-0.8947595,-0.33851787,-1.068304,-0.6190779,0.5052602,0.31324908,-0.65094954,0.1967499,-0.58778524,-0.809017,-0.5,-0.8660254,-0.8660254,-0.5,0.0,0.0,1.0,0.0,0.0
2025-07-18 16:00:00,3.0,-0.4799052,-1.461807,-1.2361664,0.0015871426,-0.60180557,0.76453805,0.24576348,-0.21522929,-1.0642252,-1.0752269,-0.93864906,-1.0813261,-0.49837157,-0.5736059,-0.32166493,0.25929052,0.19663164,-0.25231892,-1.1326511,-0.7511604,-0.75079876,-0.50556767,-1.2522887,1.0582653,-1.0582653,-0.89849937,-0.5554031,-1.9892783,0.4537294,-0.76850814,-0.5940145,-0.9799911,-0.99372584,-0.38495746,-0.262432,-1.1100174,0.29862848,-0.95105654,0.309017,-0.5,-0.8660254,1.2246469e-16,-1.0,0.0,1.0,0.0,0.0,0.0
2025-07-21 12:00:00,3.0,0.35084108,1.1748289,0.18089849,-1.1701676,-0.9075428,-1.3827966,-0.8121195,0.10607236,-1.2345934,-1.2411654,-1.1186098,-1.2995942,-0.2518214,-0.40899038,-0.23285966,0.15609471,0.31584767,-0.42541277,-1.1117593,-0.45870775,-0.46472844,-0.26194376,-1.6886005,0.7313685,-0.7313685,-0.99010646,-0.24068388,-2.013183,0.7871388,-0.9222661,-0.4276646,-0.98376966,-0.6780082,0.5314457,0.09483856,-0.83406895,-0.4465579,-0.95105654,0.309017,-0.5,-0.8660254,-0.8660254,-0.5,0.0,0.0,1.0,0.0,0.0
2025-07-21 16:00:00,3.0,1.0316575,1.2887377,-0.53484625,-0.77601796,1.1842946,-1.0632144,-0.035636924,0.147403,-0.87084496,-1.0520275,-1.0554701,-0.57919794,0.49836978,0.107111484,0.21477203,0.5336843,0.39577276,-0.011854024,-0.90238243,0.42330667,0.38679278,0.49930382,0.8082115,-0.42364544,0.42364544,-0.22069341,0.125922,-1.1256353,0.7654984,-0.44048262,0.17456079,-0.6114383,0.26154858,1.0040537,0.743309,0.2625934,0.48410517,0.0,1.0,-0.5,-0.8660254,1.2246469e-16,-1.0,0.0,1.0,0.0,0.0,0.0
2025-07-22 12:00:00,3.0,-0.3656582,-1.4093567,-0.29616806,-0.89417106,-0.3335491,-0.79741985,-0.023302224,0.17026421,-0.9400508,-1.1073464,-1.1266028,-0.6631561,0.20469661,-0.07693754,0.3455111,0.38994408,0.28983784,-0.14736153,-1.0948458,0.11817627,0.12382619,0.32642472,-0.924251,-0.61430925,0.61430925,-0.041916568,-0.13079692,-1.4179865,0.778164,-0.42583433,0.2908826,-0.6036755,-0.03911347,-0.34817526,0.78938353,-0.16278741,0.6097051,0.0,1.0,-0.5,-0.8660254,-0.8660254,-0.5,0.0,0.0,1.0,0.0,0.0
2025-07-22 16:00:00,3.0,0.06619369,-0.10610123,2.3591769,-0.35374177,0.5829606,-0.0061697746,0.24955781,0.11118413,-0.7736168,-1.0088465,-1.0930816,-0.34570885,0.22631696,-0.049220264,0.4075173,0.30199692,0.56826884,-0.039528932,-0.8899029,0.18722162,0.18415982,0.42903343,0.31254375,-0.44682428,0.44682428,-0.035484154,0.48562145,-1.244346,0.6625558,-0.016364783,0.4008702,-0.46173415,0.02099095,0.58445203,0.5208961,-0.070485875,0.56681913,0.95105654,0.309017,-0.5,-0.8660254,1.2246469e-16,-1.0,0.0,1.0,0.0,0.0,0.0
2025-07-23 12:00:00,3.0,0.23211576,0.66467243,0.1520212,0.058659293,-0.98870474,-0.7447902,-0.46455124,0.14222655,-1.0408567,-1.1981492,-1.2743239,-0.7557056,0.39015278,0.07457786,0.53334415,0.65408766,0.6707662,0.10330173,-0.9632225,0.40782705,0.37448505,0.6083355,-1.6927133,-0.630605,0.630605,-0.4243246,1.0582286,-1.380165,1.0328171,-0.24939448,0.37235618,-0.3034957,0.24484676,1.0436046,-0.1476638,0.12686968,0.62663174,0.95105654,0.309017,-0.5,-0.8660254,-0.8660254,-0.5,0.0,0.0,1.0,0.0,0.0
2025-07-23 16:00:00,3.0,0.77119833,0.6629859,-0.5590682,0.7921403,0.3877745,0.0077176383,0.2423696,0.7915156,-0.90404713,-1.1345497,-1.2839602,-0.44865087,0.9939531,0.5250346,0.80824673,0.86041385,0.7475373,0.32690182,-0.8283469,1.1547195,0.98915607,1.1886967,0.14995351,-1.4675459,1.4675459,-0.27840242,1.660658,-0.8273162,1.1514008,0.16998531,1.0111573,-0.18246642,0.90591204,1.4914583,0.77851474,0.9367458,1.0322751,0.58778524,-0.809017,-0.5,-0.8660254,1.2246469e-16,-1.0,0.0,1.0,0.0,0.0,0.0
2025-07-24 12:00:00,3.0,0.2880012,1.2225552,-0.69772595,-0.55037344,-0.9782708,-0.90873843,-0.4944243,0.086061746,-1.130297,-1.2969251,-1.4419324,-0.8233469,1.1673107,0.68976533,1.1023967,0.48825067,0.7500776,0.17302403,-0.48197377,1.4884082,1.27851,1.4605062,-1.6576324,-1.5713409,1.5713409,-0.7654414,2.0377107,-0.89155,1.5468215,-0.47721544,1.4721849,-0.10177221,1.234846,1.8626758,0.9330349,1.2139608,0.81521505,0.58778524,-0.809017,-0.5,-0.8660254,-0.8660254,-0.5,0.0,0.0,1.0,0.0,0.0
2025-07-24 16:00:00,3.0,0.14612785,0.7451045,0.8730216,-0.95421857,-0.2731202,-0.8768037,-0.18006957,-0.31154773,-1.1400828,-1.3241282,-1.4988947,-0.8030105,1.2341675,0.77755207,1.2424436,0.7380292,0.8256837,0.35680547,-0.45978636,1.5404925,1.3635452,1.5669875,-0.90316015,-1.2348964,1.2348964,-1.2891774,2.1213953,-0.86576927,1.6581781,-0.44279483,1.6061958,0.30817556,1.3592213,2.193054,0.8442684,1.4128823,1.145583,-0.58778524,-0.809017,-0.5,-0.8660254,1.2246469e-16,-1.0,0.0,1.0,0.0,0.0,0.0
2025-07-25 12:00:00,3.0,-0.40061527,-1.4012301,-0.2636434,-0.7938675,-0.08728135,1.1062205,0.8905277,0.18917954,-1.0872037,-1.2993929,-1.5033315,-0.67792875,0.7649087,0.5084581,1.0767747,0.50932485,0.59405196,0.22692092,-0.72308713,1.1059477,0.9546788,1.2283921,-0.5818627,-0.6596227,0.6596227,-0.6962801,1.5068965,-1.1648399,1.5181057,-0.57706195,1.3589857,0.42171165,0.8991691,-0.3930143,-0.22722857,0.89441246,1.1578405,-0.58778524,-0.809017,-0.5,-0.8660254,-0.8660254,-0.5,0.0,0.0,1.0,0.0,0.0
2025-07-25 16:00:00,3.0,0.57700187,0.93908036,-0.26988247,-0.17719601,0.85201234,-0.8409016,-0.7822302,0.024177264,-0.9052227,-1.1920108,-1.4636003,-0.28367803,1.21068,0.89686364,1.0485215,0.6751723,0.96934813,0.987143,-0.7024428,1.475159,1.2749904,1.6727176,0.289436,-1.2841051,1.2841051,0.19176532,1.7446951,-0.60796267,1.4825615,-0.092547156,1.303469,0.5828731,1.2493095,0.5018206,0.024293587,1.494788,0.9644577,-0.95105654,0.309017,-0.5,-0.8660254,1.2246469e-16,-1.0,0.0,1.0,0.0,0.0,0.0
2025-07-28 12:00:00,3.0,0.26201698,0.81496954,0.48277164,-0.59730196,-0.86157,-0.64011353,-0.042022537,0.1089496,-1.0927042,-1.317595,-1.5854155,-0.6144679,1.4145719,1.1237217,1.1415093,0.4245547,0.9352972,1.068064,-0.95358497,1.4968885,1.4341441,1.9469296,-1.4797969,-1.4088416,1.4088416,-0.30234852,1.8898957,-0.6782705,1.8556502,-0.45814672,1.4967326,0.9640662,1.408023,0.98010063,0.11467298,1.5859833,0.8730193,-0.95105654,0.309017,-0.5,-0.8660254,-0.8660254,-0.5,0.0,0.0,1.0,0.0,0.0
2025-07-28 16:00:00,3.0,-0.14960386,-0.25593147,1.8029753,-0.10638233,0.2414611,-0.8477526,-0.23002231,-0.23731741,-1.050594,-1.2939855,-1.5860933,-0.51318735,1.193803,1.0426967,1.007344,0.21340084,0.5109903,0.7803567,-0.9444688,1.1719328,1.1733732,1.742992,-0.52753675,-0.92699426,0.92699426,-0.07536144,1.4764739,-0.849727,1.7832781,-0.170268,1.2751608,0.98132175,1.1274664,-0.3769618,0.3633219,1.1384461,1.3567647,0.0,1.0,-0.5,-0.8660254,1.2246469e-16,-1.0,0.0,1.0,0.0,0.0,0.0
2025-07-29 12:00:00,3.0,-0.08469152,-0.6751681,-0.30216092,1.0262603,-0.94311816,-0.310813,0.03850805,0.04460491,-1.1781459,-1.383014,-1.670909,-0.7542984,1.0374347,1.0028816,0.8554606,0.10084868,0.61190575,0.78173405,-0.9372223,0.9520583,1.0197632,1.6392521,-1.3321015,-0.7302359,0.7302359,-0.04988185,1.0841918,-1.2400099,2.0014045,-0.31082717,0.9227634,1.113428,0.9657005,-0.82931596,-0.24377015,0.9609426,1.3935752,0.0,1.0,-0.5,-0.8660254,-0.8660254,-0.5,0.0,0.0,1.0,0.0,0.0
2025-07-29 16:00:00,0.0,-0.2663735,-0.902039,0.60188186,-0.48608905,1.9178265,1.997612,0.70381844,0.50162196,-0.833919,-1.1564426,-1.5128263,-0.048159875,0.6535165,0.77664626,0.48020563,0.16843289,0.49437797,0.9204543,-1.0316626,0.58629465,0.56309736,1.2011517,0.78832835,-0.21685626,0.21685626,-0.06978073,0.53035647,-1.0663801,1.4231614,0.10013133,0.78670263,1.0873926,0.4440059,-1.2816701,-0.78131706,0.57123375,1.5921923,0.95105654,0.309017,-0.5,-0.8660254,1.2246469e-16,-1.0,0.0,1.0,0.0,0.0,0.0
2025-07-30 12:00:00,1.0,-0.63965005,-1.1408514,-0.6091546,0.15816104,1.2895601,2.812611,0.4992537,0.07499637,-0.67442864,-1.0140047,-1.3809377,0.29480672,0.01927256,0.24659698,0.06082542,-0.3914855,0.22372031,0.7664853,0.91121614,-0.061948527,0.004629764,0.5865809,0.3863247,0.6618132,-0.6618132,-0.69250256,-0.18646275,-1.2902325,1.0248677,0.14869118,0.08166195,0.9667408,-0.16815491,-1.7340243,-1.2302686,-0.079144225,1.6631128,0.95105654,0.309017,-0.5,-0.8660254,-0.8660254,-0.5,0.0,0.0,1.0,0.0,0.0
2025-07-30 16:00:00,1.0,0.7507971,0.48419976,-0.30701596,1.0975015,3.0,3.0,2.4303036,-0.2077359,0.20804998,-0.42644635,-0.94620794,1.8850877,0.7025471,0.82361764,-0.021058293,-0.21711186,0.17186606,0.7839795,1.4573454,0.564702,0.40192804,0.9906667,1.52146,-0.39185572,0.39185572,0.476304,0.93771505,0.2517813,0.3112971,1.9321965,0.039536923,0.3907487,0.22889769,0.5026107,-0.42583057,0.5171133,2.1050897,0.58778524,-0.809017,-0.5,-0.8660254,1.2246469e-16,-1.0,0.0,1.0,0.0,0.0,0.0
2025-07-31 12:00:00,1.0,-1.0553584,-1.1074085,-0.7068831,0.3443055,1.7114583,2.4278429,-0.25774604,0.087214544,0.56086975,-0.11258687,-0.6708227,2.2389326,-0.2557103,-0.012046914,-0.30426392,-0.6317872,-0.25588834,0.42669916,0.45863065,-0.569081,-0.22734132,0.3318206,1.298586,0.79709244,-0.79709244,0.9978564,-0.29542086,0.0029592344,-0.19738956,2.737206,-0.3577691,0.29978395,-0.42327377,-0.424344,-1.0723275,-0.6880089,2.3180778,0.58778524,-0.809017,-0.5,-0.8660254,-0.8660254,-0.5,0.0,0.0,1.0,0.0,0.0
2025-07-31 16:00:00,4.0,0.24141192,0.8805817,-0.28806877,0.0026562775,0.8823573,0.6291341,-1.4975107,-1.4180499,0.56477743,-0.014536377,-0.56749576,2.0398662,-0.06329967,0.15720999,-0.4374018,-0.49242508,-0.23720352,0.5111376,0.85062456,-0.41932237,-0.13915737,0.44623658,0.94534373,0.55895054,-0.55895054,1.3257722,0.3292352,0.2662498,-0.24640298,3.0,-0.7304065,0.21513431,-0.31448647,0.5026107,-0.09455771,-0.44657457,2.2995205,-0.58778524,-0.809017,-0.5,-0.8660254,1.2246469e-16,-1.0,0.0,1.0,0.0,0.0,0.0
2025-08-01 12:00:00,4.0,-1.7622149,-1.7533745,-1.1564045,-1.0043085,1.4005387,0.82353,0.2216632,0.01624229,0.8663149,0.2869396,-0.28241166,2.1415713,-1.3051968,-1.0841854,-0.85734046,-1.2226055,-0.6412214,-0.024462922,-0.56838244,-1.9493922,-1.0012081,-0.4759418,1.2717173,1.8240641,-1.8240641,2.1177297,-0.4989506,-0.42561954,-0.7568346,3.0,-1.605757,0.076780826,-1.2126203,-0.424344,-2.2457838,-1.7563198,2.5658,-0.58778524,-0.809017,-0.5,-0.8660254,-0.8660254,-0.5,0.0,0.0,1.0,0.0,0.0
2025-08-01 16:00:00,1.0,-1.3173854,-0.89321405,0.026367877,0.070066184,1.428669,1.002995,0.19060376,-1.012381,1.1706572,0.6026611,0.016139977,2.1905756,-1.913512,-1.8245068,-1.2985463,-1.5492867,-1.2663243,-0.22522224,-1.2357923,-2.3100352,-1.5028647,-1.0431426,1.3814869,1.527246,-1.527246,2.023986,-1.2960105,-0.79728335,-1.1317598,3.0,-2.6407523,0.076780826,-1.6941314,-0.88335913,-1.8624773,-1.4569409,2.3763776,-0.95105654,0.309017,-0.8660254,-0.5,1.2246469e-16,-1.0,0.0,1.0,0.0,0.0,0.0
2025-08-04 12:00:00,1.0,-0.5696005,-1.0828285,-0.91694003,0.5947808,-0.4729658,0.8371102,-0.24337272,0.08084207,0.77007955,0.44744745,-0.043859508,1.5076154,-2.1089606,-2.0741806,-1.7165084,-2.098432,-1.5829165,-0.4654335,1.2327547,-2.027637,-1.7796068,-1.3691374,-0.413444,1.6922206,-1.6922206,0.7242619,-1.643075,-1.3436786,-1.1178765,1.0568794,-2.5207145,0.07544296,-1.9174469,-1.3328304,-2.2194884,-1.6256635,2.2599525,-0.95105654,0.309017,-0.8660254,-0.5,-0.8660254,-0.5,0.0,0.0,1.0,0.0,0.0
2025-08-04 16:00:00,1.0,0.9472071,-0.004632547,1.2734207,0.82446444,0.033137836,-0.08046496,-1.3592966,1.924455,0.75222343,0.46948996,-0.018607393,1.3712797,-1.4489537,-1.5017201,-1.7183481,-1.264303,-1.3577594,-0.60066646,1.9386077,-1.3786573,-1.3608042,-0.99075925,0.18430515,1.2650114,-1.2650114,2.1742682,-1.0366547,-0.898848,-1.0094666,0.55013233,-1.6009185,0.0727813,-1.4621996,0.5026107,-0.1620446,-1.1873983,2.047884,0.0,1.0,-0.8660254,-0.5,1.2246469e-16,-1.0,0.0,1.0,0.0,0.0,0.0
2025-08-05 12:00:00,1.0,0.0600216,0.12937695,2.569023,-1.1091611,-0.5219265,0.8860487,1.9292315,-0.02367241,0.37220478,0.29151446,-0.11361177,0.79488343,-1.4556803,-1.5183251,-1.7253978,-1.400273,-1.4177179,-0.48680165,2.059664,-1.1997201,-1.3868204,-1.0496889,-0.65238464,1.2426536,-1.2426536,2.0297813,-0.39165625,-1.1619225,-0.8976597,0.12276243,-1.197197,-0.09934654,-1.4274099,0.94797504,0.62753403,-1.1634884,1.9609656,0.0,1.0,-0.8660254,-0.5,-0.8660254,-0.5,0.0,0.0,1.0,0.0,0.0
2025-08-05 16:00:00,1.0,-1.3189754,-1.0924946,-1.0946106,0.87955415,1.2871854,0.17889231,-0.9726562,0.119299814,0.96241415,0.68299496,0.19367823,1.3086691,-2.0577831,-2.212295,-1.7354276,-1.145432,-1.8830073,-0.8514234,1.5310962,-1.4495021,-1.7891682,-1.5117044,1.4254177,1.4959228,-1.4959228,1.0120505,-0.81887066,-1.3327037,-1.2884974,0.13790858,-1.4011878,-0.10340123,-1.8148458,-0.55785584,0.24715409,-1.4217732,1.9335245,0.95105654,0.309017,-0.8660254,-0.5,1.2246469e-16,-1.0,0.0,1.0,0.0,0.0,0.0
2025-08-06 12:00:00,1.0,-0.3974507,-0.8626858,0.66496414,-0.62413853,-0.6345863,0.3656789,0.27340645,0.07736706,0.49623817,0.47722524,0.10160466,0.67709976,-2.253399,-2.4361224,-1.8850576,-0.6461497,-1.7639087,-1.072901,1.2608004,-1.3520544,-1.9888523,-1.7949162,-0.6356962,1.6659455,-1.6659455,0.21084228,-1.1384293,-1.8142195,-1.248722,-0.45551795,-1.2182996,-0.23834485,-1.9638275,-1.0319098,-0.73127663,-1.5957139,1.874267,0.95105654,0.309017,-0.8660254,-0.5,-0.8660254,-0.5,0.0,0.0,1.0,0.0,0.0
2025-08-06 16:00:00,4.0,1.305214,0.85738516,-1.2841135,1.5036316,0.53896946,0.0889727,-0.48289254,0.77490616,0.68828386,0.592075,0.17405885,0.85036355,-1.2252442,-1.5187486,-1.5470059,0.2842368,-1.6020203,-1.0546253,0.97801644,-0.8438087,-1.2760855,-1.13387,1.1422272,1.1101841,-1.1101841,0.86111265,-0.58893085,-1.064805,-1.120661,-0.08861319,-0.93376905,-0.49418655,-1.2470073,0.48966807,0.31021887,-1.0286623,1.86543,0.58778524,-0.809017,-0.8660254,-0.5,1.2246469e-16,-1.0,0.0,1.0,0.0,0.0,0.0
2025-08-07 12:00:00,4.0,-0.3129437,-0.8077,-0.069243655,0.37134254,-0.8324237,-0.44364938,-0.9123425,0.18076415,0.22481577,0.3602002,0.053809635,0.27301842,-1.3557272,-1.6418699,-1.3790615,-0.3438145,-1.2643843,-1.2380123,-0.2322095,-0.8379858,-1.3693963,-1.3440832,-0.8283747,1.2352629,-1.2352629,0.50680524,-0.78916913,-1.5903158,-1.0344023,-0.38295224,-0.7086169,-0.6365368,-1.3649176,-0.49841544,0.80243707,-1.1613051,1.763544,0.58778524,-0.809017,-0.8660254,-0.5,-0.8660254,-0.5,0.0,0.0,1.0,0.0,0.0
2025-08-07 16:00:00,4.0,-2.7084048,-1.502432,-0.9617294,-0.66841984,2.4577253,0.30806652,1.5033967,2.0212436,2.2513373,1.6620495,0.9663719,1.9054663,-2.2724342,-2.6732745,-1.3773229,-1.8108691,-2.1891115,-1.9596221,-1.657253,-1.390028,-1.9352403,-1.9538287,1.671252,1.6337905,-1.6337905,1.6874089,-1.064275,-1.5391815,-1.8737593,0.9068137,-1.0254349,-0.9988473,-1.9586205,-0.991948,-0.17774779,-1.5977495,0.9492468,-0.58778524,-0.809017,-0.8660254,-0.5,1.2246469e-16,-1.0,0.0,1.0,0.0,0.0,0.0
2025-08-08 12:00:00,4.0,0.08286962,-0.025135245,-0.58565176,2.8899577,-0.29228538,1.2840348,1.3574077,0.110931836,1.7253579,1.5078197,0.94894165,1.3273073,-2.1583674,-2.5024104,-1.4413204,-1.1005021,-1.4598099,-1.7792587,-1.1536416,-1.1752819,-1.7887304,-1.9189252,0.3522822,1.3683157,-1.3683157,1.5574191,-1.3503631,-1.7004279,-1.7881035,0.33911893,-1.1571598,-1.1903554,-1.7625877,-1.47966,-1.3828038,-1.3545029,0.9070816,-0.58778524,-0.809017,-0.8660254,-0.5,-0.8660254,-0.5,0.0,0.0,1.0,0.0,0.0
2025-08-08 16:00:00,4.0,1.3152109,0.82873935,0.13146973,-0.12719014,-0.32109466,-0.5923211,-1.874351,1.9297079,1.413958,1.3879055,0.91652554,1.0253414,-1.2787671,-1.6879996,-1.1793083,-0.17415275,-0.5227445,-1.666302,-0.1378218,-0.755799,-1.1841412,-1.405835,0.13757858,0.9087816,-0.9087816,1.8884704,-0.8870875,-1.2369223,-1.5651685,0.5657591,-0.73635995,-1.2274462,-1.209133,0.5860798,-0.06396133,-0.95396537,0.9897271,-0.95105654,0.309017,-0.8660254,-0.5,1.2246469e-16,-1.0,0.0,1.0,0.0,0.0,0.0
2025-08-11 12:00:00,4.0,0.56900436,1.0201586,-0.34483486,-0.12420643,-0.8516127,-0.43325287,0.28087124,0.026074583,0.7010636,0.9788301,0.7046309,0.36526906,-0.94454664,-1.3651966,-0.8907893,-0.57212085,-0.1531297,-1.6610967,0.29805452,-0.55012125,-0.9114514,-1.2658418,-0.71234006,0.6145313,-0.6145313,1.4189166,-0.4934531,-1.3889182,-1.3427842,0.07330276,-0.5585761,-1.33423,-0.9819312,1.0779382,1.5964881,-0.7913716,0.9256167,-0.95105654,0.309017,-0.8660254,-0.5,-0.8660254,-0.5,0.0,0.0,1.0,0.0,0.0
2025-08-11 16:00:00,4.0,-0.36177516,-0.5993468,0.2899264,0.47368124,-0.56447464,-1.2570251,-1.4620564,-0.13833326,0.39664936,0.7818147,0.63530475,0.0618678,-1.0964031,-1.4973662,-0.6823489,-0.61016226,-0.5798255,-1.7338238,-0.13817489,-0.58756596,-0.95959705,-1.4429822,-0.18133073,0.7228536,-0.7228536,1.383512,-0.6096857,-1.7543513,-1.3122076,0.18950552,-0.542626,-1.593714,-1.0971853,-0.49502718,1.3336372,-0.9216121,0.8721108,0.0,1.0,-0.8660254,-0.5,1.2246469e-16,-1.0,0.0,1.0,0.0,0.0,0.0
2025-08-12 12:00:00,4.0,0.22738817,0.46839762,-0.75480413,1.8201512,-1.229654,-1.13754,0.14166857,0.042883836,-0.322607,0.26001307,0.31219834,-0.6192209,-0.98135084,-1.3736856,-0.47342837,1.0027759,-0.5378566,-1.6442326,-0.9104988,-0.47730803,-0.8216131,-1.4684354,-1.4537733,0.31406355,-0.31406355,-1.2236183,-0.30640513,-2.2236772,-1.0623666,-1.1364609,-0.5289662,-1.7857454,-1.0348123,0.5789492,0.36832494,-0.8650994,0.63878447,0.0,1.0,-0.8660254,-0.5,-0.8660254,-0.5,0.0,0.0,1.0,0.0,0.0
2025-08-12 16:00:00,4.0,0.33196846,0.7545209,0.9863899,-0.8635142,-0.32693884,-0.7685837,0.6737835,-0.9755092,-0.24787602,0.21804318,0.28364754,-0.49689305,-0.7922995,-1.1958394,-0.19851089,1.1204304,0.011423291,-1.4749924,-0.32570162,-0.33669752,-0.5545023,-1.2872089,0.2520578,0.0065799225,-0.0065799225,-1.2897636,0.053681634,-2.0569475,-0.99035215,-1.0355175,-0.36272854,-1.7932833,-0.8018203,1.0779382,0.17983854,-0.71558666,0.57398975,0.95105654,0.309017,-0.8660254,-0.5,1.2246469e-16,-1.0,0.0,1.0,0.0,0.0,0.0
2025-08-13 12:00:00,4.0,0.112899825,-0.11108805,-0.9023735,2.671603,-0.91040677,-0.7608618,-0.27194685,0.20862426,-0.6462394,-0.13537069,0.03926667,-0.8699919,-0.7646159,-1.154159,0.03866885,0.47311348,0.19001871,-1.225021,-1.0836056,-0.25996795,-0.44576448,-1.3158104,-0.98003346,-0.021240173,0.021240173,-1.9360787,0.39963353,-2.4001489,-0.80353385,-1.2265235,-0.36555615,-1.8790313,-0.7211733,1.5606985,0.437418,-0.68985695,0.55247414,0.95105654,0.309017,-0.8660254,-0.5,-0.8660254,-0.5,0.0,0.0,1.0,0.0,0.0
2025-08-13 16:00:00,4.0,2.3312488,1.722374,-0.7848406,-1.201303,0.82682884,-0.4058074,0.5334763,0.35057774,0.18208502,0.30470055,0.26773122,0.09226318,0.63609767,0.08264141,0.6345128,1.4538486,0.54733825,-0.84742254,-0.2929018,0.6643523,0.7241931,-0.11655025,1.2769018,-1.3415697,1.3415697,-0.321416,0.9000968,-0.75035995,-0.65482545,-0.556678,0.38964683,-1.5429347,0.5379462,2.0093277,2.1474802,0.14226757,0.08090302,0.58778524,-0.809017,-0.8660254,-0.5,1.2246469e-16,-1.0,0.0,1.0,0.0,0.0,0.0
2025-08-14 12:00:00,4.0,0.021186162,-0.21429634,0.35819188,1.1919873,-0.9402104,-0.45953813,-0.27651662,0.10381156,-0.4119906,-0.12617293,-0.030039731,-0.5131763,0.6104866,0.07022734,1.1051648,1.6781337,0.6613378,-0.5068896,-0.1538736,0.784414,0.82785726,-0.14566153,-1.090988,-1.4939854,1.4939854,-0.43506908,0.54640836,-1.1967838,-0.42338637,-0.7336658,0.7955451,-1.6491835,0.7308735,-0.5234383,1.8291198,0.33697453,-0.01807008,0.58778524,-0.809017,-0.8660254,-0.5,-0.8660254,-0.5,0.0,0.0,1.0,0.0,0.0
2025-08-14 16:00:00,1.0,0.48867783,0.40040737,0.9499999,0.086149976,-0.048327245,-0.45599753,-0.20632996,0.40524203,-0.27868235,-0.0980112,-0.034799237,-0.32566166,0.84497064,0.2995993,1.4245466,1.7892237,1.7724314,-0.45519823,-0.22399059,1.2417749,1.108613,0.10019685,0.5804608,-1.2968765,1.2968765,-0.503005,1.1165916,-0.9265545,-0.36123797,-0.28622162,1.1735348,-0.92892015,1.0391877,0.48966807,2.0254653,0.6065501,-0.21404417,-0.58778524,-0.809017,-0.8660254,-0.5,1.2246469e-16,-1.0,0.0,1.0,0.0,0.0,0.0
2025-08-15 12:00:00,4.0,0.66869056,1.1532801,-0.27476478,-0.47776183,-0.40097654,-0.26712495,0.06415214,-0.041498356,-0.46068096,-0.27966115,-0.19826056,-0.47933173,1.154187,0.6165206,1.7422787,1.9128635,1.9106678,0.28200185,0.7263562,1.5593358,1.423733,0.41184378,-0.04492087,-1.529448,1.529448,-0.342341,1.6099838,-0.7784793,-0.14331481,-0.39750296,1.4625475,-0.71715736,1.3859154,0.9653467,0.66636693,1.6413056,-0.72450495,-0.58778524,-0.809017,-0.8660254,-0.5,-0.8660254,-0.5,0.0,0.0,1.0,0.0,0.0
2025-08-15 16:00:00,4.0,-0.6682505,-1.0574878,0.7761751,-1.1978405,0.44666904,-0.39790407,-0.4064136,0.7758612,-0.04378373,-0.012252581,0.008076139,-0.023059964,0.69051886,0.26647663,1.6183438,1.4840968,1.2431945,0.5412604,-0.122521825,1.0938019,1.0121613,0.09902474,1.0445094,-0.8281265,0.8281265,0.28097394,1.1073653,-0.8643687,-0.4100355,0.14486761,1.3792111,-0.23132358,1.0009851,-0.5285392,0.10961091,0.94133186,-1.353039,-0.95105654,0.309017,-0.8660254,-0.5,1.2246469e-16,-1.0,0.0,1.0,0.0,0.0,0.0
2025-08-18 12:00:00,4.0,0.46790525,0.8743469,-0.046168488,0.05800884,-0.62420696,-0.6252171,-0.5550342,0.06570437,-0.44510162,-0.31835723,-0.24256007,-0.43354362,0.9069483,0.47877055,1.6970637,0.5029014,1.2184807,0.82639104,-0.53809285,1.1973009,1.2178916,0.26896316,-0.73557264,-1.0191962,1.0191962,-1.3401448,1.3939438,-1.0160735,-0.15464205,-0.5900246,1.079377,-0.19856682,1.2360145,0.48966807,0.08504547,1.1416535,-1.4744965,-0.95105654,0.309017,-0.8660254,-0.5,-0.8660254,-0.5,0.0,0.0,1.0,0.0,0.0
2025-08-18 16:00:00,4.0,-0.49931616,-0.48594224,0.98038983,-0.13672142,-0.03685523,-0.9891964,-0.8585013,-0.7319693,-0.35001364,-0.27915883,-0.21566454,-0.31520048,0.54939204,0.2072383,1.4998885,0.24404122,1.1922698,0.45563176,-0.47764128,0.8922532,0.9316287,0.026876599,0.36887875,-0.7653517,0.7653517,-1.037442,1.0399528,-1.3042507,-0.26107356,-0.20974417,0.94379133,-0.034928616,0.9697245,-0.5234383,-0.7770966,0.88890004,-1.5522163,0.0,1.0,-0.8660254,-0.5,1.2246469e-16,-1.0,0.0,1.0,0.0,0.0,0.0
2025-08-19 12:00:00,4.0,-0.024280667,-0.29258162,-0.6777821,1.9773333,-0.5429326,-0.7250577,0.26837966,0.115638725,-0.60455275,-0.4911947,-0.39794612,-0.57955754,0.48890674,0.16769578,1.3620913,-0.023678908,1.1027226,0.44891542,-0.55660444,0.83301276,0.9128153,-0.018902373,-0.6366968,-0.47377327,0.47377327,-1.1181642,0.76240474,-1.6574522,-0.13005401,-0.4498121,0.7371357,0.34530702,0.988142,-0.99806607,-0.26631218,0.85554165,-1.4900471,0.0,1.0,-0.8660254,-0.5,-0.8660254,-0.5,0.0,0.0,1.0,0.0,0.0
2025-08-19 16:00:00,3.0,-0.06937936,-0.13013467,2.5590198,-1.1076696,0.22381881,-0.93159235,-0.6912719,-0.120979495,-0.3425144,-0.34365633,-0.30633268,-0.25060964,0.3953675,0.103583455,1.1131195,-0.40517318,0.9703017,0.84650433,-0.39123812,0.7178364,0.7842785,-0.051352844,0.95336,-0.2263815,0.2263815,-1.4576466,0.49119604,-1.513742,-0.2380507,-0.17578892,0.8801155,0.7174809,0.8689025,-1.4600735,-0.65488684,0.79806435,-1.8113067,0.95105654,0.309017,-0.8660254,-0.5,1.2246469e-16,-1.0,0.0,1.0,0.0,0.0,0.0
2025-08-20 12:00:00,4.0,0.14955154,0.21793203,0.66241765,0.63550687,-1.0279467,-0.44400457,0.7559991,0.118132815,-0.93737805,-0.7961902,-0.68915313,-0.9285895,0.45034072,0.15780728,1.0476686,0.012472937,0.9747846,1.0402874,-0.1621166,0.7006792,0.82094806,-0.05982986,-1.4552695,-0.27860972,0.27860972,-1.6635432,0.79945904,-2.1141527,0.10370099,-0.8026621,0.6444011,1.8678865,0.918929,0.49789473,-0.13083556,0.838647,-1.8159797,0.95105654,0.309017,-0.8660254,-0.5,-0.8660254,-0.5,0.0,0.0,1.0,0.0,0.0
2025-08-20 16:00:00,4.0,1.0107267,0.7087613,1.1494975,-1.0070211,0.30586094,-0.10980433,0.3793336,1.1255423,-0.4543707,-0.52494174,-0.54165965,-0.2678274,1.0834213,0.7212502,1.0268217,0.28921092,0.5108712,0.94539857,0.26215106,1.0768061,1.2219889,0.47303757,0.9753657,-0.8711978,0.8711978,-1.043949,1.1280836,-1.0349942,0.08002823,-0.2693488,1.00266,1.7766974,1.3211337,0.9653467,0.74940455,1.2742329,-2.57984,0.58778524,-0.809017,-0.8660254,-0.5,1.2246469e-16,-1.0,0.0,1.0,0.0,0.0,0.0
2025-08-21 12:00:00,4.0,-0.3278251,-0.6975175,0.13726422,0.22836623,-0.25107142,-0.19769356,-0.27618486,-0.072250634,-0.5353672,-0.58941454,-0.60203165,-0.35486645,0.77828914,0.50732744,0.94252604,0.37722558,0.39988175,0.9486957,-0.43130007,0.8432227,0.9841,0.29132912,0.05719808,-0.6093753,0.6093753,-1.1580606,0.6938083,-1.3827345,0.07152876,-0.36586532,0.7954436,1.8200771,1.0891887,-0.5285392,0.4793394,1.0955253,-2.449247,0.58778524,-0.809017,-0.8660254,-0.5,-0.8660254,-0.5,0.0,0.0,1.0,0.0,0.0
2025-08-21 16:00:00,3.0,0.018117284,0.4070456,-1.0725518,2.0116472,0.70066506,-0.92042696,-1.3839004,-1.1475137,-0.2803446,-0.42274842,-0.49062583,-0.028116677,0.73342985,0.48506257,0.7906865,0.39796895,0.24008012,1.781427,-0.11278001,0.7605979,0.8108668,0.2975217,0.919464,-0.551426,0.551426,-0.5223653,0.3820651,-1.1456428,-0.04439311,0.0126564065,0.49645278,1.6270437,0.8855889,-1.0168103,0.35461786,1.0691576,-2.082083,-0.58778524,-0.809017,-0.8660254,-0.5,1.2246469e-16,-1.0,0.0,1.0,0.0,0.0,0.0
2025-08-22 12:00:00,1.0,0.0742198,0.0195064,0.995394,0.712832,-1.1693778,-0.9237078,0.5638355,0.005416648,-0.80855113,-0.7985214,-0.8026866,-0.6644796,0.7316389,0.4949487,0.7390576,0.46929598,0.041444506,1.7524096,-0.11209451,0.7124682,0.7327677,0.29646212,-1.3123521,-0.3625436,0.3625436,-0.5734931,-0.05119457,-1.7226593,0.25175288,-0.5162565,0.6763221,1.685402,0.70515305,-1.4590131,-0.44747952,0.8557835,-2.0110655,-0.58778524,-0.809017,-0.8660254,-0.5,-0.8660254,-0.5,0.0,0.0,1.0,0.0,0.0
2025-08-22 16:00:00,1.0,2.273308,1.447687,-0.014712319,-1.3755461,1.6876622,0.91311586,1.7550845,1.9172496,0.24534658,-0.11441839,-0.35124603,0.6939326,1.9842948,1.711188,0.9242445,1.4697094,0.9623348,1.9088788,2.2334044,1.6758882,1.5131751,1.3049674,1.3119493,-1.165942,1.165942,1.2118818,0.3968422,0.68801844,0.110971674,0.79896617,1.5264467,1.5752002,1.467672,0.49173498,1.6093806,1.4765764,-0.8786075,-0.95105654,0.309017,-0.8660254,-0.5,1.2246469e-16,-1.0,0.0,1.0,0.0,0.0,0.0
2025-08-25 12:00:00,0.0,0.21439953,0.85668284,0.0022322892,-0.18241939,-1.2091993,0.21891853,-0.6445922,0.02807296,-0.48647705,-0.5847222,-0.7262357,-0.19123326,1.9812971,1.7461976,1.2010972,1.0648493,0.87940586,1.754679,2.2139575,1.5240488,1.5668422,1.4284505,-1.3752959,-1.2944431,1.2944431,1.1401561,0.8444437,0.2528986,0.50324565,-0.07032375,1.6605312,1.6716611,1.5063435,0.9512075,1.7462208,1.5366898,-0.843244,-0.95105654,0.309017,-0.8660254,-0.5,-0.8660254,-0.5,0.0,0.0,1.0,0.0,0.0
2025-08-25 16:00:00,0.0,-0.021516742,0.1532715,-1.1980592,2.5289361,-0.36819637,-0.82809114,-0.8572001,-0.4778766,-0.68864423,-0.73749757,-0.8668234,-0.42880473,1.8652788,1.6635622,1.2682343,1.215106,1.0273694,1.8136691,1.6188853,1.3366363,1.4106935,1.4099439,-0.43489638,-1.2310783,1.2310783,0.97476196,0.27112088,0.020577667,0.63578457,-0.15697508,1.3838538,1.6670588,1.3777169,-0.5081956,1.647488,1.461056,-0.6679106,0.0,1.0,-0.8660254,-0.5,1.2246469e-16,-1.0,0.0,1.0,0.0,0.0,0.0
2025-08-26 12:00:00,1.0,-0.36826798,-1.0516832,0.64289504,-0.90193033,-0.73560685,0.11996606,0.75108874,-0.10377667,-0.9576324,-0.9479168,-1.0495399,-0.76656735,1.4883199,1.3911318,1.1842798,1.0317017,0.9194581,1.6216924,1.4850823,1.0496277,1.1134117,1.2353066,-0.8383757,-0.92186624,0.92186624,1.1070042,-0.6733066,-0.60818905,0.7766218,-0.5694415,1.335616,1.688594,1.0887344,-0.9856581,-0.47474825,1.2212473,-0.5247059,0.0,1.0,-0.8660254,-0.5,-0.8660254,-0.5,0.0,0.0,1.0,0.0,0.0
2025-08-26 16:00:00,1.0,-0.4471295,-0.37788877,2.1563082,-1.0433757,1.4997627,0.24928473,-0.044434376,-0.45673597,-0.1822792,-0.4310476,-0.64884883,0.24349338,1.0988863,1.0997614,0.79183143,0.8011797,0.8083811,1.4009681,1.7226107,0.75363964,0.6713627,0.9408153,1.3350579,-0.18552355,0.18552355,1.2515129,-1.5343488,-0.09489753,0.250341,0.39018324,1.1700494,1.4732668,0.6350263,-1.4516001,-1.0766685,0.6356333,-0.34433642,0.95105654,0.309017,-0.8660254,-0.5,1.2246469e-16,-1.0,0.0,1.0,0.0,0.0,0.0
2025-08-27 12:00:00,0.0,1.272278,1.6416862,-1.0020564,-0.89781517,0.32530212,-0.44220436,-0.6329034,-0.1622012,-0.13003558,-0.38781878,-0.6505585,0.33268553,1.6714828,1.6752353,0.79757863,0.31357166,1.1384027,1.640223,2.162538,1.4080615,1.092026,1.4591653,0.49581897,-0.96869534,0.96869534,-0.318635,-0.7821727,0.81658596,0.4198185,-0.33145347,1.0659955,0.9221761,1.0640342,0.45920363,-0.15358323,1.1523511,-0.20685229,0.95105654,0.309017,-0.8660254,-0.5,-0.8660254,-0.5,0.0,0.0,1.0,0.0,0.0
2025-08-27 16:00:00,0.0,0.027663236,0.26204178,2.1952033,-1.1899291,-0.29649457,0.31284487,0.4320518,-0.58520555,-0.36266598,-0.5250725,-0.76017106,0.03435067,1.6204468,1.6272022,0.7765066,0.2235902,0.8197638,1.0281528,1.7929949,1.1951115,1.0304495,1.4661691,-0.15884668,-0.9581455,0.9581455,0.20458436,0.092320375,0.6542594,0.5400215,-0.009134913,1.1811298,0.70644355,0.9951072,0.937542,0.30154014,1.0339552,0.31903082,0.58778524,-0.809017,-0.8660254,-0.5,1.2246469e-16,-1.0,0.0,1.0,0.0,0.0,0.0
2025-08-28 12:00:00,0.0,-0.3849211,-1.5821662,-1.3709064,-0.018163372,-1.1599976,-0.10279566,-0.43743843,0.015783107,-0.86223394,-0.8680258,-1.031245,-0.6221084,1.2683158,1.3580241,0.6682316,0.051591523,0.8089617,0.92669964,1.4635743,0.8349706,0.81874704,1.3476388,-1.3432369,-0.6956031,0.6956031,0.28729287,-0.6937262,-0.14558734,0.7963496,-0.24831241,0.74309754,1.1880238,0.7758048,-0.5081956,0.34282818,0.77202845,0.2733956,0.58778524,-0.809017,-0.8660254,-0.5,-0.8660254,-0.5,0.0,0.0,1.0,0.0,0.0
2025-08-28 16:00:00,0.0,0.19084539,0.08113954,-0.7555005,2.1973822,-0.8314275,0.6354967,0.33414444,0.43625394,-1.144611,-1.1063392,-1.2463751,-0.981672,1.3211997,1.4048293,0.56599754,0.31672496,0.85882634,0.8408929,1.5522256,0.81038606,0.87750363,1.4773784,-0.8448634,-0.79486465,0.79486465,0.1399474,0.2096278,-0.44213173,1.0893718,-0.28449437,0.59782964,1.485384,0.82586634,0.45920363,-0.40530786,0.86699283,0.39752164,-0.58778524,-0.809017,-0.8660254,-0.5,1.2246469e-16,-1.0,0.0,1.0,0.0,0.0,0.0
2025-08-29 12:00:00,0.0,-0.3179316,-0.80023706,-0.91129684,1.0885661,-0.39600563,-0.7825936,-0.95933115,0.039234344,-1.1825335,-1.1791146,-1.3198037,-1.0020767,1.0293715,1.1839076,0.33755088,0.376318,0.7403513,0.5983746,1.2858251,0.54744214,0.65206575,1.3165876,-0.53951824,-0.57667905,0.57667905,0.036046546,-0.43024498,-0.8576122,1.1190428,-0.91254634,0.431486,1.7696491,0.59949344,-0.5081956,-0.80754286,0.6486996,0.26721436,-0.58778524,-0.809017,-0.8660254,-0.5,-0.8660254,-0.5,0.0,0.0,1.0,0.0,0.0
2025-08-29 16:00:00,0.0,0.6240088,0.65664476,-0.4726627,0.69829756,0.10607068,-1.5365047,-0.80691576,0.6233514,-1.0553024,-1.143575,-1.3290627,-0.7500247,1.3145334,1.4409422,0.2638078,0.06506373,0.23806642,0.90090066,1.7488539,0.76138437,0.8827899,1.5821496,0.15343162,-0.9492483,0.9492483,-1.0217528,0.20160125,-0.30411747,1.191592,-0.9404191,0.5318747,1.6536385,0.8414527,0.45920363,0.14019112,1.0139511,-0.5288766,-0.95105654,0.309017,-0.8660254,-0.5,1.2246469e-16,-1.0,0.0,1.0,0.0,0.0,0.0
2025-09-02 12:00:00,3.0,0.15871356,0.6040034,0.6364468,-0.2713866,-0.96945053,-1.0467411,0.19161986,-0.13036361,-1.3597339,-1.3860143,-1.5391223,-1.1827116,1.3523461,1.4690471,0.24441573,0.12676425,0.22019485,0.8220361,1.5936173,0.72266126,0.93976456,1.7160299,-1.2372041,-1.0267166,1.0267166,-0.9982996,0.9929014,-0.6911001,1.5297318,-1.1056899,0.6244294,1.4543262,0.908471,0.937542,0.12238983,1.0874369,-0.5354805,-0.95105654,0.309017,-0.8660254,-0.5,-0.8660254,-0.5,0.0,0.0,1.0,0.0,0.0
2025-09-02 16:00:00,0.0,-1.8725582,-1.1230938,-0.42954662,-0.0807112,0.73690003,1.0248028,1.7285991,-3.0,-0.47992638,-0.7956749,-1.0581706,0.13782355,0.011262807,0.4291148,-0.33503726,-0.5813705,-0.332696,0.5155179,0.38034314,-0.30735186,-0.22404371,0.69029194,0.76795983,0.6519392,-0.6519392,0.8406944,-0.092105724,-0.9889062,0.5143405,-0.06949128,-0.1704824,0.65582263,-0.26739845,-0.5081956,-1.5255523,-0.08903165,0.41024286,0.95105654,0.309017,-1.0,-1.8369701e-16,1.2246469e-16,-1.0,0.0,1.0,0.0,0.0,0.0
2025-09-03 12:00:00,0.0,1.0542736,1.7552514,-1.1006514,-0.87829,0.08173276,-0.6444244,-1.0996493,-0.08044089,-0.54646796,-0.8322482,-1.1131499,0.07528802,0.5500055,0.9038533,-0.43601122,-0.16773623,0.09373234,0.7593282,0.95758146,0.19515069,0.23531137,1.1508706,0.08670195,0.09964952,-0.09964952,1.2496766,0.7241125,-0.26212656,0.73143137,0.24057725,0.0015847851,0.6350787,0.20350486,0.45920363,-1.1402806,0.54303837,0.54327345,0.95105654,0.309017,-1.0,-1.8369701e-16,-0.8660254,-0.5,0.0,0.0,1.0,0.0,0.0
2025-09-03 16:00:00,0.0,-0.60280913,-0.7971144,0.12413301,0.1318938,0.0940461,-0.700884,-0.16841274,-0.67775315,-0.5721014,-0.824454,-1.0949916,0.017995147,0.18287112,0.5799859,-0.6494858,-0.3062756,0.04403695,0.6366007,0.7132695,-0.23108463,-0.1499729,0.8821946,0.09438537,0.97888297,-0.97888297,1.226796,-0.13998458,-0.71267354,0.6223041,0.3555316,-0.10690727,0.61733294,-0.17765374,-0.5081956,-1.7480797,0.15003917,0.25995883,0.58778524,-0.809017,-1.0,-1.8369701e-16,1.2246469e-16,-1.0,0.0,1.0,0.0,0.0,0.0
2025-09-04 12:00:00,0.0,1.0362837,1.6405928,-1.3173481,-0.49149165,0.10120005,0.65601355,1.0072228,-0.017174182,-0.60098153,-0.8470098,-1.1371816,0.016083354,0.675012,1.0289507,-0.5525494,-0.09974569,-0.021563316,0.83390063,0.95474964,0.37028092,0.29971993,1.3112106,0.18120788,-0.23833564,0.23833564,1.328914,0.9337674,0.043284953,0.82590395,0.30330417,0.15665637,0.49313056,0.27518615,0.48655647,0.99070686,0.77790487,0.22413602,0.58778524,-0.809017,-1.0,-1.8369701e-16,-0.8660254,-0.5,0.0,0.0,1.0,0.0,0.0
2025-09-04 16:00:00,3.0,0.044645768,0.12509322,-0.23308954,1.5473716,-0.42509595,-0.8805691,-1.1440334,-0.20680362,-0.80369896,-0.9778939,-1.2382483,-0.27714774,0.6823164,1.0252094,-0.4967956,-0.15511215,-0.016421005,0.60003406,0.5340664,0.33133626,0.2680326,1.3515112,-0.76939267,-0.2812571,0.2812571,1.3639274,1.6650873,-0.16783725,0.9789024,0.4993243,0.3474363,0.5026024,0.23996946,1.0,0.20307727,0.7858827,0.51645076,-0.58778524,-0.809017,-1.0,-1.8369701e-16,1.2246469e-16,-1.0,0.0,1.0,0.0,0.0,0.0
2025-09-05 12:00:00,4.0,-0.21076573,-0.5465955,1.4874825,-0.78848165,-0.21685216,1.2250078,1.7621794,0.011916948,-0.888879,-1.0420195,-1.2876246,-0.38900137,0.5291502,0.89183664,-0.52054346,0.6468004,0.035406485,0.6277754,0.29501253,0.10986171,0.083699115,1.2544935,-0.45538366,-0.014261851,0.014261851,-0.24444973,0.5189031,-0.46616828,1.0224216,-0.35721916,0.49474302,0.5006792,0.04071145,-0.4740794,0.52465886,0.64030784,0.38892156,-0.58778524,-0.809017,-1.0,-1.8369701e-16,-0.8660254,-0.5,0.0,0.0,1.0,0.0,0.0
2025-09-05 16:00:00,4.0,-2.822835,-1.739088,-0.8019139,-1.0557551,3.0,1.2310246,-0.056018244,1.3042525,1.0884507,0.35472992,-0.1779547,2.0276883,-0.9272619,-0.50048494,-0.9990437,-1.33017,-0.94396776,-0.056991417,-0.8609659,-2.1874511,-1.1975337,-0.035028834,1.6784025,1.7379334,-1.7379334,1.1301918,-0.66186196,-0.22920597,-0.5729061,1.3122057,-1.7884669,-0.12865303,-1.2340361,-0.98356944,-2.33561,-1.71081,0.26526898,-0.95105654,0.309017,-1.0,-1.8369701e-16,1.2246469e-16,-1.0,0.0,1.0,0.0,0.0,0.0
2025-09-08 12:00:00,4.0,0.25570974,0.28634426,-0.9194781,1.9100783,-0.113215506,0.8420336,-0.30175778,0.014555769,0.6492777,0.18579277,-0.2683385,1.3660325,-0.79549706,-0.39064902,-1.2783781,-0.9034487,-0.76323044,-0.012861586,-0.5394719,-1.8784772,-1.1022251,0.0489134,0.12855008,1.1457608,-1.1457608,1.1840343,0.48855808,-0.3068878,-0.43718797,1.1255116,-2.837272,-0.30092403,-1.1218997,0.6363191,-2.0785682,-1.1405747,0.26231757,-0.95105654,0.309017,-1.0,-1.8369701e-16,-0.8660254,-0.5,0.0,0.0,1.0,0.0,0.0
2025-09-08 16:00:00,4.0,0.23842396,0.84513295,-0.47081172,0.41361603,-0.07666797,-0.258567,-0.85441643,-1.0775573,0.29916352,0.024502404,-0.36213237,0.86586326,-0.67719305,-0.29116666,-1.3765767,-1.2777344,-0.87613547,-0.4699398,-0.7811964,-1.4473004,-0.9753624,0.11753712,0.04911113,0.9495618,-0.9495618,1.228998,1.3895202,-0.39068863,-0.3015484,0.91802025,-1.872424,-0.2933247,-0.99457455,1.1629615,-1.6529183,-1.0034965,-0.34969556,0.0,1.0,-1.0,-1.8369701e-16,1.2246469e-16,-1.0,0.0,1.0,0.0,0.0,0.0
2025-09-09 12:00:00,4.0,-0.36326003,-0.8298437,-0.13045937,0.095778145,-0.1595855,1.6415633,1.377737,-0.010887306,0.03184232,-0.11031383,-0.4319123,0.48077947,-0.844447,-0.4732865,-1.4636009,-1.4613553,-1.0425707,-0.607955,-1.0752792,-1.4212896,-1.1070076,-0.049809035,-0.119032465,1.2418334,-1.2418334,1.0853812,0.09812728,-0.8768466,-0.2766705,0.94297916,-1.4403207,-0.280442,-1.109057,-0.43714198,0.11362001,-1.2614869,-0.3496815,0.0,1.0,-1.0,-1.8369701e-16,-0.8660254,-0.5,0.0,0.0,1.0,0.0,0.0
2025-09-09 16:00:00,4.0,0.21643214,0.46395743,1.8686655,-1.0488038,0.64789647,-0.44468766,-1.251709,-0.9214019,0.30371308,0.097855166,-0.26638523,0.7604559,-0.7325847,-0.3817184,-1.3396485,-1.237814,-0.40591183,-0.5510689,-0.9149099,-1.1332247,-0.90641296,0.029696884,1.0141081,1.1076747,-1.1076747,1.1597055,1.0855767,-0.38083616,-0.37184232,1.3068553,-0.98541325,-0.2649944,-0.91410136,0.6363191,0.091471605,-1.1357158,-0.3402023,0.95105654,0.309017,-1.0,-1.8369701e-16,1.2246469e-16,-1.0,0.0,1.0,0.0,0.0,0.0
2025-09-10 12:00:00,4.0,0.54657114,0.7322562,1.1123221,-0.88898903,-0.04334411,1.405231,1.4314699,-0.012223554,0.12344422,-0.00071775494,-0.33373702,0.52265984,-0.40181875,-0.103805356,-1.1534971,0.44362986,-0.55007,-0.33707476,-0.662294,-0.766956,-0.63518596,0.22496492,0.12092789,0.73532045,-0.73532045,-1.8384846,2.0742626,-0.13156317,-0.21322608,-0.41457713,-0.695962,-0.24970055,-0.6265823,1.1423067,0.38131565,-0.79644924,-0.30755135,0.95105654,0.309017,-1.0,-1.8369701e-16,-0.8660254,-0.5,0.0,0.0,1.0,0.0,0.0
2025-09-10 16:00:00,4.0,-1.8639592,-1.3787245,-1.2579674,0.20033054,1.1406416,2.306074,0.8842164,-1.6880318,1.0855032,0.7527715,0.309096,1.3903002,-1.2061175,-0.97056246,-1.1829085,-0.6335127,-0.9862285,-0.702367,-1.2607735,-1.4243287,-1.2471683,-0.46093455,1.226019,1.2522695,-1.2522695,-0.18944411,0.34447297,-0.39403087,-0.95910215,0.33842635,-1.2386628,-0.2764972,-1.2157676,-0.5177427,-0.5117266,-1.2494416,-0.94947904,0.58778524,-0.809017,-1.0,-1.8369701e-16,1.2246469e-16,-1.0,0.0,1.0,0.0,0.0,0.0
2025-09-11 12:00:00,4.0,-0.14206852,-0.3997849,1.5002114,-0.6216529,-0.032718692,1.3217738,-0.6364755,0.04259857,0.72114736,0.5931021,0.24717842,0.9091109,-1.249351,-1.034008,-1.2660897,-0.8206813,-1.3316654,-1.0183998,-1.0005324,-1.2410427,-1.2348634,-0.54936916,0.11724378,1.346821,-1.346821,-0.15676701,-1.2551904,-0.7139869,-0.9052836,0.3485753,-1.024751,-0.26358545,-1.183529,-1.1261622,-0.7561556,-1.3242792,-0.97339803,0.58778524,-0.809017,-1.0,-1.8369701e-16,-0.8660254,-0.5,0.0,0.0,1.0,0.0,0.0
2025-09-11 16:00:00,4.0,0.96194834,0.91578,0.24981527,-0.4422714,0.20471923,0.94994915,-0.41282043,0.7626439,0.54779154,0.49707437,0.1906085,0.7197595,-0.66997683,-0.5224514,-1.0904131,-0.15625237,-1.0210892,-0.78635645,-0.99077934,-0.7625923,-0.7804341,-0.21895142,0.6142738,0.8349456,-0.8349456,0.20307796,0.2087266,-0.1928449,-0.68783164,0.4848749,-0.71969205,-0.25854912,-0.7106209,0.59171236,-0.39606827,-0.8183481,-0.70521975,-0.58778524,-0.809017,-1.0,-1.8369701e-16,1.2246469e-16,-1.0,0.0,1.0,0.0,0.0,0.0
2025-09-12 12:00:00,4.0,1.2122527,1.9636437,-1.2625736,-1.0775782,-0.21598639,0.59950304,-0.36616963,0.029204093,0.21530172,0.26210454,0.012297127,0.37714624,-0.028131755,0.09216936,-0.74929565,0.350664,-0.56411195,-0.40211594,0.017556332,-0.25825188,-0.2604067,0.19980964,0.1002393,0.19125694,-0.19125694,0.48093936,1.3820804,0.40782368,-0.34266046,0.096663184,-0.33919108,-0.8942082,-0.17764126,1.1262012,1.6176759,-0.20251665,-0.81608933,-0.58778524,-0.809017,-1.0,-1.8369701e-16,-0.8660254,-0.5,0.0,0.0,1.0,0.0,0.0
2025-09-12 16:00:00,4.0,-1.2447538,-0.8209144,1.1336086,-1.0196301,-0.16222633,-0.9120927,-1.4075085,-2.8703475,0.17920054,0.26569182,0.07813411,0.27253276,-0.5664853,-0.4762815,-0.69976884,-0.55849993,-0.074179746,-0.75205857,-0.60900253,-0.6908219,-0.73385555,-0.3315417,0.23817314,0.91911775,-0.91911775,0.66775006,0.4709328,-0.7055377,-0.5717927,0.15723544,-0.47085056,-0.8818322,-0.67142105,-0.5583686,0.94021285,-0.89842284,-0.87338513,-0.95105654,0.309017,-1.0,-1.8369701e-16,1.2246469e-16,-1.0,0.0,1.0,0.0,0.0,0.0
2025-09-15 12:00:00,1.0,-0.20287873,-0.86194503,0.85501784,-0.77356666,-1.0584185,-0.8130757,-0.00747883,-0.024282752,-0.44011885,-0.16388236,-0.22102275,-0.48028874,-0.6628852,-0.5755588,-0.7177537,0.29623964,-0.22028574,-0.726709,0.19737443,-0.7166659,-0.8258061,-0.5076672,-1.3729433,1.0693183,-1.0693183,-0.24908239,-0.47239614,-1.8528198,-0.35844874,-1.0137796,-0.57187533,-0.9243657,-0.7773064,-1.1078428,0.012141551,-1.0414625,-0.84657574,-0.95105654,0.309017,-1.0,-1.8369701e-16,-0.8660254,-0.5,0.0,0.0,1.0,0.0,0.0
2025-09-15 16:00:00,1.0,0.100748464,-0.77693063,1.4009348,-1.1604675,-0.19698688,-0.102046415,0.8960322,1.5144429,-0.45097214,-0.2169889,-0.26355568,-0.46339628,-0.6369815,-0.54687583,-0.64507604,0.4327592,-0.27099508,-0.8368556,0.9199014,-0.65386546,-0.7121861,-0.507287,0.13242167,1.0324473,-1.0324473,-0.22362967,0.6048896,-1.8970599,-0.30797073,-1.0265049,-0.45807198,-0.915827,-0.6848959,0.5583686,-0.8770893,-1.0058925,-0.17298056,0.0,1.0,-1.0,-1.8369701e-16,1.2246469e-16,-1.0,0.0,1.0,0.0,0.0,0.0
2025-09-16 12:00:00,1.0,-0.2211789,-0.83785814,-0.308466,0.4411727,-1.0770737,0.5098261,0.5468868,-0.061229743,-0.96290416,-0.6030008,-0.5435298,-1.1017256,-0.75649935,-0.6628984,-0.6469229,-0.20648628,-0.23020332,-0.9186355,1.0672048,-0.7111389,-0.79026234,-0.69348985,-1.3443428,1.1651785,-1.1651785,-0.45769256,-0.7477158,-2.8895767,-0.091523044,-1.4441074,-0.6826051,-1.0017482,-0.77705127,-0.6099335,-0.2472647,-1.1324283,-0.13590059,0.0,1.0,-1.0,-1.8369701e-16,-0.8660254,-0.5,0.0,0.0,1.0,0.0,0.0
2025-09-16 16:00:00,1.0,-0.44715524,0.62946284,-0.6996379,0.90734434,0.8874457,1.0683936,0.38223,-3.0,-0.111547306,-0.10208524,-0.18395714,0.030312216,-0.9545984,-0.86524135,-0.6137829,-1.1673514,-0.45647472,-0.609035,0.50709414,-0.82029724,-0.85414654,-0.8157417,1.4092677,0.54236937,-0.54236937,-1.282383,-1.9686455,-2.131997,-0.5113457,-0.6579925,-1.00767,-1.0829878,-0.8351172,-1.1514524,-0.39072856,-0.9068428,-0.40702975,0.95105654,0.309017,-1.0,-1.8369701e-16,1.2246469e-16,-1.0,0.0,1.0,0.0,0.0,0.0
2025-09-17 12:00:00,1.0,0.9000633,1.5363617,-0.6521107,-0.86663985,-0.37056586,1.0118667,-0.06469172,0.072544105,-0.34196782,-0.28153333,-0.3379496,-0.21552877,-0.42226833,-0.3942168,-0.4373687,0.07229035,-0.35367742,-0.6368952,0.84259,-0.41351324,-0.39794117,-0.50464094,-0.3692258,-0.03700281,0.03700281,-1.3566173,-0.52852494,-1.6759782,-0.22381575,-0.75885063,-0.5311695,-1.0863187,-0.37758303,0.5903455,0.34663782,-0.53805435,-1.0170113,0.95105654,0.309017,-1.0,-1.8369701e-16,-0.8660254,-0.5,0.0,0.0,1.0,0.0,0.0
2025-09-17 16:00:00,4.0,1.258914,1.4025381,-0.4563777,-0.88288504,0.60505396,0.8977814,-0.11454865,-0.120223016,0.053209934,-0.06307982,-0.22251026,0.3323166,0.24166176,0.2410697,-0.039644223,0.92318034,0.7653586,-0.21922493,1.8733115,0.18127652,0.22567599,0.0023478584,1.3035403,-0.8893093,0.8893093,-0.8213425,0.7562669,-0.13252924,-0.11747685,0.15549158,0.01616925,-0.94777966,0.23974983,1.1324737,1.444678,0.00039334383,-1.4431509,0.58778524,-0.809017,-1.0,-1.8369701e-16,1.2246469e-16,-1.0,0.0,1.0,0.0,0.0,0.0
2025-09-18 12:00:00,1.0,1.0456802,1.5952625,-1.2481443,-0.58201134,-0.10648417,1.1111453,0.12994193,-0.053708497,-0.055255648,-0.14216404,-0.3030935,0.22597693,0.72946,0.7506743,0.42396057,1.4550074,1.2064484,-0.21447152,2.3453128,0.80183613,0.7684425,0.4057563,0.42006892,-1.6068544,1.6068544,-0.65552825,1.8454455,0.6800577,0.14806932,0.18316445,0.61174655,-0.7451957,0.77830803,1.6408411,2.293142,0.46907815,-1.5657265,0.58778524,-0.809017,-1.0,-1.8369701e-16,-0.8660254,-0.5,0.0,0.0,1.0,0.0,0.0
2025-09-18 16:00:00,1.0,-1.0104524,-1.1460401,-0.39295873,0.12562516,-0.63749444,-0.69003993,-1.2649062,-1.5060469,-0.12068472,-0.15767902,-0.27873895,0.09278474,0.1875249,0.24554287,0.5204291,0.99705124,0.50020194,-0.4609235,1.4253097,0.40496108,0.34493387,-0.040645782,-0.6087865,-0.9329152,0.9329152,-0.10974636,0.89384055,-0.26129836,-0.041139606,0.6909204,0.48247615,-0.7490797,0.32267067,-0.61582536,0.8233584,0.004139107,-2.0983312,-0.58778524,-0.809017,-1.0,-1.8369701e-16,1.2246469e-16,-1.0,0.0,1.0,0.0,0.0,0.0
2025-09-19 12:00:00,4.0,-2.0783627,-1.9524989,-0.6895738,-1.1996286,1.3308185,2.142473,2.7611706,0.18836339,0.87830454,0.57649654,0.31534913,1.1076615,-0.741865,-0.7124622,0.10329,0.027053464,-0.7674152,-0.919803,0.760081,-1.004089,-0.5591582,-0.8696613,1.6981375,0.6015936,-0.6015936,0.8665129,-0.73242164,-0.9210064,-0.88161296,0.75996095,-0.3422568,-0.68456,-0.57685655,-1.1648004,-1.2680883,-0.9790625,-1.6033874,-0.58778524,-0.809017,-1.0,-1.8369701e-16,-0.8660254,-0.5,0.0,0.0,1.0,0.0,0.0
2025-09-19 16:00:00,4.0,0.9444583,-0.079646714,-0.11378511,1.4639875,-0.23450957,1.9424732,0.017789824,2.7673445,0.61008,0.44135568,0.21186998,0.739579,-0.3191816,-0.28385556,0.046915557,0.030255629,0.070893906,-0.016250089,2.1529424,-0.23906969,-0.14845476,-0.5376234,0.3180268,-0.048502907,0.048502907,1.5004163,0.84606534,-0.44050762,-0.63711643,0.8131317,-0.36793274,-0.70685774,-0.15873343,0.5026854,-1.3208545,0.06800319,-2.8181562,-0.95105654,0.309017,-1.0,-1.8369701e-16,1.2246469e-16,-1.0,0.0,1.0,0.0,0.0,0.0
2025-09-22 12:00:00,4.0,0.34676105,0.6475929,0.53675985,-0.48442996,-0.84753025,0.912665,-0.73535365,0.09393966,0.09520451,0.1357061,0.006338745,0.14919828,-0.16862485,-0.12817757,0.08806866,-0.5336347,0.30085808,-0.0003458306,2.1875782,0.08896522,0.027018046,-0.42899293,-0.5535141,-0.3124577,0.3124577,1.1176733,1.8630761,-0.63769513,-0.40158364,0.080180556,0.07681817,-0.7501171,0.017915769,1.043365,-0.43950796,0.3183214,-2.6250932,-0.95105654,0.309017,-1.0,-1.8369701e-16,-0.8660254,-0.5,0.0,0.0,1.0,0.0,0.0
2025-09-22 16:00:00,4.0,0.15736519,1.0754577,0.13494287,-0.9280971,1.377597,-0.5273751,-1.2589383,-2.788729,0.78650934,0.6140831,0.3339212,0.78577244,-0.09503852,-0.056025833,0.12059362,-1.0776725,0.32296994,-0.026121035,1.6912078,0.2662806,0.10806011,-0.3419797,1.4890696,-0.4340059,0.4340059,0.71760726,2.1065621,0.0731368,-0.60730994,0.5750264,0.10806454,-0.728112,0.093547456,1.5720775,0.8308686,0.4324933,-2.4404347,0.0,1.0,-1.0,-1.8369701e-16,1.2246469e-16,-1.0,0.0,1.0,0.0,0.0,0.0
2025-09-23 12:00:00,1.0,0.9278403,1.2795653,-0.74868697,-0.50102293,-0.23735838,-0.5145153,-0.13372277,0.17721549,0.48245835,0.4499434,0.21666689,0.47709027,0.3576478,0.42554724,0.33273876,0.06919517,0.78437376,0.3105513,1.7303823,0.961638,0.55052537,0.04617252,0.41201672,-1.1002306,1.1002306,0.7773316,2.072699,0.6087507,-0.325295,0.52252805,0.7903371,-0.32727498,0.5442174,2.0602531,0.8005178,1.0638638,-2.39327,0.0,1.0,-1.0,-1.8369701e-16,-0.8660254,-0.5,0.0,0.0,1.0,0.0,0.0
2025-09-23 16:00:00,1.0,-1.748857,-1.9129028,-0.86995167,-0.9049955,1.4408365,-0.09308655,0.47089344,0.49837875,1.2403284,1.1095505,0.7833176,1.0239278,-0.5045557,-0.47475973,0.08636836,0.35118833,0.26084182,-0.21421772,1.2843608,-0.39363417,-0.3142837,-0.72037894,1.4797969,0.17066516,-0.17066516,0.041353527,1.1363986,-0.15904951,-0.9955315,0.17722428,0.1866066,-0.28041753,-0.33324975,-0.6990145,-0.37051305,-0.11679728,-1.7711674,0.95105654,0.309017,-1.0,-1.8369701e-16,1.2246469e-16,-1.0,0.0,1.0,0.0,0.0,0.0
2025-09-24 12:00:00,1.0,-0.597546,-0.8684824,0.14533524,0.14737931,0.11541989,0.288531,0.27116114,0.083396904,1.0705174,1.101488,0.8778132,0.7948771,-0.7770677,-0.7903778,-0.16445494,-0.5721507,-0.37327507,-0.5556727,1.0190848,-0.79236525,-0.567722,-1.0153261,0.6568938,0.5950643,-0.5950643,-0.15138216,0.3615059,-0.6678799,-1.1242418,0.29713994,-0.6867907,-0.3737454,-0.5931418,-1.2094637,-0.7542802,-0.5444859,-1.6122139,0.95105654,0.309017,-1.0,-1.8369701e-16,-0.8660254,-0.5,0.0,0.0,1.0,0.0,0.0
2025-09-24 16:00:00,1.0,0.10824523,0.18496808,0.041948523,0.9750438,-1.5124451,-0.122962326,-0.5255474,0.16518992,0.019463481,0.36750212,0.40135685,-0.19749777,-0.72149175,-0.74959886,-0.2918424,-0.717215,-0.8628874,0.055454936,0.9366769,-0.6983782,-0.5490938,-1.0710627,-1.2463315,0.49867013,-0.49867013,0.017047068,0.84724534,-1.4521157,-0.79111695,0.031198278,-0.82345426,0.20168139,-0.58851296,0.43937117,-1.18963,-0.468713,-1.062715,0.58778524,-0.809017,-1.0,-1.8369701e-16,1.2246469e-16,-1.0,0.0,1.0,0.0,0.0,1.0
2025-09-25 12:00:00,4.0,-0.21752414,-0.76610595,0.7160104,-0.22808923,-1.4934485,-0.55216795,-0.55092186,0.14434831,-0.8392238,-0.32905036,-0.094611704,-1.0448264,-0.83498484,-0.8912553,-0.41087103,-0.9357317,-1.3797963,0.03851166,0.8419307,-0.8791378,-0.7123612,-1.3069053,-1.4812425,0.6394377,-0.6394377,-0.08654169,0.19787635,-2.542027,-0.5005056,-1.0315094,-0.81048876,0.19949405,-0.77161515,-0.633329,-0.33983842,-0.6283259,-1.0461333,0.58778524,-0.809017,-1.0,-1.8369701e-16,-0.8660254,-0.5,0.0,0.0,1.0,0.0,1.0
2025-09-25 16:00:00,4.0,-1.2010516,-0.5699656,1.0374837,-0.23731114,1.7221652,-0.02723967,0.428065,-1.6570246,0.39371163,0.5456546,0.60961217,0.17820156,-1.338239,-1.4656844,-0.6746545,-2.1260664,-1.4027487,-0.633973,-0.3921037,-1.5622203,-1.2201444,-1.7187158,1.5236164,1.7163944,-1.7163944,-0.81068623,-0.4885155,-2.2855797,-1.1904925,-0.22763476,-1.399955,-0.2449947,-1.2912703,-1.1708626,-0.62660486,-1.4475243,-1.0302503,-0.58778524,-0.809017,-1.0,-1.8369701e-16,1.2246469e-16,-1.0,0.0,1.0,0.0,0.0,1.0
2025-09-26 12:00:00,1.0,-0.30494034,-0.86353314,1.0230722,-0.85835373,-0.89369607,-0.04893412,-0.11333533,0.18841836,-0.2509274,0.058390446,0.26941696,-0.45909774,-1.4304217,-1.5803205,-0.89656734,-1.2822896,-0.62930655,-1.127393,-0.49978247,-1.5079727,-1.3233074,-1.891549,-1.0606792,1.9004673,-1.9004673,-1.452069,-1.0903705,-2.9361377,-1.0449333,-1.0795164,-1.5327542,-0.2850029,-1.3949158,-1.6896268,-0.84140426,-1.6247358,-0.9740543,-0.58778524,-0.809017,-1.0,-1.8369701e-16,-0.8660254,-0.5,0.0,0.0,1.0,0.0,1.0
2025-09-26 16:00:00,4.0,1.5379857,1.1185793,-0.029348515,-0.75798005,-0.11406076,-1.2219566,-1.0955153,1.9129114,0.20437823,0.31013978,0.38481954,0.07933842,-0.5062286,-0.651678,-0.6416794,-0.031172326,-0.4118078,-0.2504529,-0.18040963,-0.47726756,-0.45960945,-1.0529805,0.26966515,0.74879295,-0.74879295,-0.072330825,-0.5947481,-1.4354819,-0.7942922,-0.7436932,-0.647057,-0.2794383,-0.5194037,0.56320894,0.35903335,-0.592261,-0.43311986,-0.95105654,0.309017,-1.0,-1.8369701e-16,1.2246469e-16,-1.0,0.0,1.0,0.0,0.0,1.0
2025-09-29 12:00:00,1.0,-0.40294772,-1.0827763,-0.31331813,-0.018822055,-1.0746491,-0.6142746,0.7216494,0.060117323,-0.49676946,-0.22897013,-0.01759796,-0.6350358,-0.6932954,-0.85415304,-0.5615544,-0.35581744,-0.7453192,-0.3044888,-0.5561001,-0.7073033,-0.6896777,-1.2950405,-1.0933087,0.9932807,-0.9932807,-0.055892635,-1.1636676,-2.2834294,-0.6316318,-0.6246921,-0.6615802,-0.29536724,-0.75433046,-0.5396375,0.74069065,-0.8741831,-0.51821256,-0.95105654,0.309017,-1.0,-1.8369701e-16,-0.8660254,-0.5,0.0,0.0,1.0,0.0,1.0
2025-09-29 16:00:00,0.0,0.7613453,0.7793547,-0.80903673,0.7559191,0.48111317,-0.7249423,-0.18093237,0.15029263,-0.13640311,-0.03614078,0.078305095,-0.1973187,-0.26798192,-0.4196275,-0.28199983,0.27199316,-0.49991155,-0.10882213,-0.065963276,-0.20918389,-0.24754731,-0.8460101,0.9873617,0.3681283,-0.3681283,0.112967215,-0.5666645,-1.4729587,-0.5447817,0.2543094,-0.47010908,-0.30238652,-0.30455315,0.5772964,1.3647393,-0.35670045,-0.350878,0.0,1.0,-1.0,-1.8369701e-16,1.2246469e-16,-1.0,0.0,1.0,0.0,0.0,1.0
2025-09-30 12:00:00,1.0,0.49218982,0.8452333,-0.4904661,0.29324225,-0.97943884,-0.40268564,0.18123907,0.23881848,-0.6813965,-0.5047854,-0.34562916,-0.7230729,-0.0043584346,-0.14814846,0.040971633,1.342511,-0.69514173,0.10902457,-0.0722674,0.09452298,0.018110227,-0.60570323,-1.0301526,-0.036158796,0.036158796,-0.67914563,0.018650427,-1.6053145,-0.17836225,-0.862255,0.019577872,-0.85136765,-0.032843288,1.1264179,0.58826077,-0.021110995,-0.35844743,0.0,1.0,-1.0,-1.8369701e-16,-0.8660254,-0.5,0.0,0.0,1.0,0.0,1.0
2025-09-30 16:00:00,1.0,0.50644094,0.53995186,1.2401031,-0.8509196,2.3177283,1.8626989,2.0299342,-1.0138905,1.0160517,0.7600473,0.6571101,1.0241387,0.26363644,0.13083947,0.33123198,1.8074485,0.30334154,0.40160772,0.28230482,0.3860492,0.24309821,-0.25749382,1.7126293,-0.3852542,0.3852542,-0.99975055,0.9581202,-0.00072976947,-0.68910235,0.77454615,0.591994,-0.25779986,0.19202384,1.6187704,1.1130673,0.206391,-0.45456773,0.95105654,0.309017,-1.0,-1.8369701e-16,1.2246469e-16,-1.0,0.0,1.0,0.0,0.0,1.0
2025-10-01 12:00:00,1.0,-0.0029289864,-0.16975208,-0.42446855,2.125248,-0.5679279,-0.0748415,-1.2802287,0.20448291,0.40788165,0.37650812,0.37657133,0.38214073,0.25269464,0.116917394,0.55481356,0.8389801,0.57951564,0.11511123,0.29539758,0.36602414,0.24268647,-0.2539765,-0.5007406,-0.37662524,0.37662524,-1.6098455,0.10924878,-0.3413837,-0.51290554,0.08712099,0.26844504,-0.25189826,0.19390576,-0.6027617,0.6039388,0.20527498,-0.46729758,0.95105654,0.309017,-1.0,-1.8369701e-16,-0.8660254,-0.5,0.0,0.0,1.0,0.0,1.0
2025-10-01 16:00:00,1.0,2.4267478,1.3535888,-0.25358424,-1.116625,2.0985806,2.571822,2.8793676,0.91448706,2.0094428,1.620858,1.3370607,1.9402505,1.4327909,1.4647673,1.074982,2.5331335,1.6485504,0.48454162,1.2093246,1.7746426,1.3742924,0.8412042,1.6694676,-1.3476717,1.3476717,-0.3157161,1.3314544,2.1217022,-0.5458029,1.9933629,1.6820846,-0.19543085,1.306004,0.48442575,1.6606686,1.2640015,-0.29007366,0.58778524,-0.809017,-0.8660254,0.5,1.2246469e-16,-1.0,0.0,1.0,0.0,0.0,0.0
2025-10-02 12:00:00,1.0,0.11508929,0.14127979,0.4497421,0.77493984,-0.6549944,1.0848424,-0.94234127,0.16470687,1.044861,1.0232195,0.9079304,0.94903463,1.4429184,1.4835696,1.5027058,2.0765696,1.7723993,0.18884994,1.1962045,1.6896032,1.4741367,0.9313323,-0.6860431,-1.4016489,1.4016489,-0.14546755,1.8082776,1.7972293,-0.25358382,1.1804318,1.8445764,-0.12818266,1.3931518,1.0372071,1.3764096,1.3315,-0.2262789,0.58778524,-0.809017,-0.8660254,0.5,-0.8660254,-0.5,0.0,0.0,1.0,0.0,0.0
2025-10-02 16:00:00,1.0,-1.3942322,-1.2131811,-0.16695622,-0.32439804,-0.12697749,-0.26817113,-1.15044,-1.5123798,1.0725731,1.1586007,1.1554549,0.84410346,0.5485304,0.6282999,1.3385339,0.9526996,1.6083614,0.06304686,0.30069095,0.86238736,0.74378943,0.30350852,0.61425906,-0.5076019,0.5076019,0.93112266,0.9848904,1.0197431,-0.62002337,1.6701188,1.1173203,-0.011679452,0.6432636,-0.6354703,0.3534276,0.4610136,0.6804539,-0.58778524,-0.809017,-0.8660254,0.5,1.2246469e-16,-1.0,0.0,1.0,0.0,0.0,0.0
2025-10-03 12:00:00,4.0,0.6437398,1.0704782,0.19315138,-0.9389489,-0.5378329,-0.22481814,-0.13828689,0.2114622,0.385568,0.64730567,0.7317413,0.1627235,0.837616,0.9521841,1.3734299,1.0440806,1.9600173,0.9494467,0.6755336,1.0891014,1.0482203,0.62678456,-0.5834227,-0.9220808,0.9220808,1.4445168,1.3419659,1.0580357,-0.23952475,-0.02256853,1.0904833,0.026701083,0.95540833,0.48442575,-0.65382487,0.88011223,0.558976,-0.58778524,-0.809017,-0.8660254,0.5,-0.8660254,-0.5,0.0,0.0,1.0,0.0,0.0
2025-10-03 16:00:00,1.0,2.2754836,1.7164778,-1.2534,-1.0916177,1.4547112,-0.9260896,-0.9401381,0.34702164,1.2667809,1.2552344,1.1494701,1.1091717,1.689228,2.00464,1.6591674,2.3399045,2.262689,1.4262018,1.5653783,1.819,1.9977193,1.5925179,1.5487803,-1.6809858,1.6809858,1.6155404,1.4126234,2.683717,-0.030063841,1.0310428,1.6533991,-0.10099058,1.983389,1.0204723,0.34397316,1.6476861,0.85577023,-0.95105654,0.309017,-0.8660254,0.5,1.2246469e-16,-1.0,0.0,1.0,0.0,0.0,0.0
2025-10-06 12:00:00,1.0,-0.87015057,-1.4310223,-0.13376811,-0.7935886,-0.25121063,-0.23508126,0.7197859,0.20127155,0.8483826,1.0327282,1.0654999,0.5955841,1.152032,1.4488237,1.6528791,0.46890962,1.9693981,1.0372996,1.1984373,1.222471,1.4817109,1.1988333,0.33687606,-1.066411,1.066411,1.0728605,0.7537994,1.99914,-0.1137162,-0.44930157,1.4094889,0.29223892,1.450264,-0.73370373,0.7516731,1.0456705,0.94581264,-0.95105654,0.309017,-0.8660254,0.5,-0.8660254,-0.5,0.0,0.0,1.0,0.0,0.0
2025-10-06 16:00:00,1.0,-0.40342844,-0.45172903,-0.61525536,1.7836657,1.5331092,-0.047644798,0.10014541,0.28207678,1.8141202,1.8230525,1.8053131,1.4310969,0.941984,1.2169082,1.3294656,0.17701769,1.4964057,0.87541914,0.20614475,0.9723096,1.1278569,0.940494,1.5330282,-0.8537503,0.8537503,1.1091676,0.20267263,2.1357002,-0.57576025,0.7050142,0.85142386,0.29046658,1.0885572,-1.2752239,0.15232143,0.852266,0.68560034,0.0,1.0,-0.8660254,0.5,1.2246469e-16,-1.0,0.0,1.0,0.0,0.0,0.0
2025-10-07 12:00:00,1.0,0.15017278,0.39185503,0.36361536,0.44979125,-1.1566204,-0.6839827,-0.7325817,0.13753325,0.5410442,0.9255622,1.1044048,0.15348977,1.0208654,1.2797374,1.2850856,1.0622259,1.3587719,0.6526964,0.18564725,0.9656142,1.2760682,1.0917526,-1.4933307,-0.91037303,0.91037303,0.47196543,0.56853604,1.7466218,-0.12957515,-0.10234637,0.9018285,0.45214686,1.2455529,0.47694543,-0.83280396,0.9445941,0.6560453,0.0,1.0,-0.8660254,0.5,-0.8660254,-0.5,0.0,0.0,1.0,0.0,0.0
2025-10-07 16:00:00,1.0,1.0861558,0.8252788,1.0031155,-1.1696771,0.26541385,0.8335383,1.6975732,1.050045,0.8692535,1.1230683,1.2333964,0.5128436,1.4566989,1.7437938,1.2965477,1.3313202,1.5899122,1.6102275,0.61710477,1.2110368,1.6664189,1.4961262,0.8450864,-1.2855533,1.2855533,0.81830984,0.9736096,2.3103583,0.007462904,0.5550937,1.1247672,0.8129366,1.6395963,1.0265799,0.3431413,1.303649,-0.17908067,0.95105654,0.309017,-0.8660254,0.5,1.2246469e-16,-1.0,0.0,1.0,0.0,0.0,0.0
2025-10-08 12:00:00,4.0,0.06109856,0.19774738,-0.5743993,1.7322288,-1.0394104,-1.2697614,-1.801048,0.08835576,-0.16527878,0.34217012,0.6097287,-0.55695915,1.4745704,1.7319018,1.3732044,0.0017058308,1.5906259,1.823416,0.77107763,1.094916,1.6840763,1.6078281,-1.3890933,-1.3146842,1.3146842,-0.9507506,1.0205694,1.9179597,-0.03783935,-0.81540483,0.98210436,1.1746424,1.6837106,1.5492961,0.65275496,1.3387189,-0.3223128,0.95105654,0.309017,-0.8660254,0.5,-0.8660254,-0.5,0.0,0.0,1.0,0.0,0.0
2025-10-08 16:00:00,1.0,0.5568056,-0.03474113,0.0939002,1.5802177,-0.29254597,-1.058446,0.06576952,1.608811,-0.3771002,0.08134049,0.35709247,-0.7114469,1.656774,1.9112109,1.4044122,0.86450225,0.8890232,1.9546236,1.1357626,1.1294972,1.8320832,1.8331306,0.14010262,-1.440256,1.440256,-1.43906,1.0609694,2.0201294,0.2586059,-0.77754855,1.0456226,1.2269604,1.8707486,2.0492067,0.8334107,1.4944414,-0.26358312,0.58778524,-0.809017,-0.8660254,0.5,1.2246469e-16,-1.0,0.0,1.0,0.0,0.0,0.0
2025-10-09 12:00:00,1.0,-1.0019616,-1.7616595,-1.0133336,-0.8729714,-0.42462695,-0.8336142,0.1823653,0.12868567,-0.5318917,-0.09072251,0.25239623,-0.86940205,1.0077249,1.3282651,1.102663,0.50744706,0.45837003,1.6931614,0.29609314,0.7525294,1.1975678,1.3917164,-0.39770758,-0.8638603,0.8638603,-0.83166635,0.59499717,1.407428,0.12120143,-1.5235864,0.83356375,1.3397132,1.2313178,-0.80063725,-0.5361075,1.0270904,-0.30201957,0.58778524,-0.809017,-0.8660254,0.5,-0.8660254,-0.5,0.0,0.0,1.0,0.0,0.0
2025-10-09 16:00:00,1.0,-1.0696244,-1.3054934,0.055131853,-0.8721349,0.5552233,-1.2109652,-0.8166177,0.29806075,0.025969999,0.2905455,0.6016863,-0.27958098,0.3899418,0.7556623,0.5230616,-0.22059557,0.57088894,1.6710429,-0.13049726,0.3638156,0.4624018,0.8640515,0.97753245,-0.18503197,0.18503197,-0.23060888,0.24916819,1.0452863,-0.5355615,-0.63560426,0.5392581,1.2952487,0.4764395,-1.3236772,-1.3319079,0.5084573,-0.40953305,-0.58778524,-0.809017,-0.8660254,0.5,1.2246469e-16,-1.0,0.0,1.0,0.0,0.0,0.0
2025-10-10 12:00:00,1.0,-0.5284755,-0.98380923,-1.0851468,0.83572066,-0.5127194,-0.32663205,1.4370207,0.095342,-0.28714406,0.03413206,0.4125813,-0.6098029,0.1067768,0.4833249,0.0021544846,-1.1685537,0.10961618,1.5624301,-0.19838081,0.11691545,0.065232776,0.6569831,-0.6949947,0.5040603,-0.5040603,-1.0033503,-0.2069178,0.62573963,-0.90226245,-1.0825988,0.16997765,1.3408116,0.064570665,-1.8264669,-1.8794086,0.1992692,-0.39932254,-0.58778524,-0.809017,-0.8660254,0.5,-0.8660254,-0.5,0.0,0.0,1.0,0.0,0.0
2025-10-10 16:00:00,4.0,-0.5788396,-0.82879674,1.0028083,-0.60084367,1.0035095,-0.72091025,-0.61079377,0.82070816,0.6194016,0.70860404,0.97951275,0.29389372,-0.19949889,0.1883793,-0.48459485,-1.5187012,-1.055874,0.8905283,-0.4941151,-0.17041072,-0.30734345,0.35310927,1.2498602,1.3081658,-1.3081658,-1.0926545,-0.62240624,0.6833855,-1.7749014,0.054971963,0.0869214,1.2710112,-0.30775067,-2.2340667,-1.4091283,-0.09138502,-0.5343478,-0.95105654,0.309017,-0.8660254,0.5,1.2246469e-16,-1.0,0.0,1.0,0.0,0.0,0.0
2025-10-13 12:00:00,4.0,-0.5564071,-0.9354137,0.46948865,-0.39570013,-0.53190684,-0.47644466,0.23183025,0.03496419,0.22968361,0.46232757,0.82917,-0.1533328,-0.487299,-0.09436562,-0.9371729,-2.085416,-0.9236978,0.8221292,-0.5965821,-0.5084111,-0.6747126,0.11013802,-0.19233136,1.6424079,-1.6424079,-2.2713296,-1.1867667,0.26098606,-1.9318776,0.0008623697,-0.3373863,1.2108133,-0.6845336,-2.5769114,-0.98560053,-0.37432194,-0.24963948,-0.95105654,0.309017,-0.8660254,0.5,-0.8660254,-0.5,0.0,0.0,1.0,0.0,0.0
2025-10-13 16:00:00,4.0,-0.041188266,-0.09504814,1.4167079,0.72324115,1.4408073,-1.1814606,-1.0857985,0.061607778,1.5393156,1.494293,1.6586921,1.0624299,-0.51018506,-0.11775589,-1.0852227,-1.523062,-0.7769116,0.578145,-0.8365491,-0.62055475,-0.6732175,0.08748996,1.4429319,1.0648917,-1.0648917,-1.9204881,-1.648072,0.7218083,-2.4307113,1.0755407,-0.51086736,0.7952889,-0.68869966,-2.4017177,-0.6717183,-0.76964897,-0.82065386,0.0,1.0,-0.8660254,0.5,1.2246469e-16,-1.0,0.0,1.0,0.0,0.0,0.0
2025-10-14 12:00:00,1.0,-0.07940598,-0.41432428,0.22134165,0.9701216,-1.1977568,-0.44625968,1.1793023,0.23604597,0.36903223,0.71116745,1.1076119,-0.13951404,-0.5606009,-0.16386546,-1.2869802,-0.9733595,-0.8635409,0.4017781,-0.9224582,-0.74151754,-0.79661137,0.061524887,-1.5741986,1.1183915,-1.1183915,-2.119806,-2.1033373,0.29095313,-2.3115547,0.07198586,-0.69794965,0.92527896,-0.8158283,-2.2576017,-0.3697625,-0.8418155,-0.7922059,0.0,1.0,-0.8660254,0.5,-0.8660254,-0.5,0.0,0.0,1.0,0.0,0.0
2025-10-14 16:00:00,1.0,1.4490005,1.2628671,-0.39268073,-0.78625953,2.100853,-0.605559,-0.44316062,-2.2737553,2.385322,2.2903857,2.270256,1.7651494,0.38496277,0.6242972,-0.8548866,0.09782006,-0.7161823,0.73644805,0.31345993,-0.03279852,-0.0683551,0.63013345,1.5238063,0.09306988,-0.09306988,-0.5495008,-1.5907031,1.5231335,-2.2363753,1.7111311,-0.33374035,0.68800545,-0.08311759,0.4727083,0.9462971,-0.040350325,-0.7738842,0.95105654,0.309017,-0.8660254,0.5,1.2246469e-16,-1.0,0.0,1.0,0.0,0.0,0.0
2025-10-15 12:00:00,1.0,0.54765874,0.748001,0.8698253,-0.63305724,-0.5273969,-0.56462336,-0.1141672,0.16321471,1.4603263,1.7180892,1.880047,0.8586156,0.6960631,0.90089643,-0.5834359,0.70626414,-0.52346694,0.9224079,0.14161894,0.21446528,0.1251637,0.8769829,0.006560289,-0.25261578,0.25261578,-0.6819871,-1.197304,1.52686,-1.9300306,0.64936966,0.21105707,0.5052511,0.11782046,0.91759366,1.2801089,0.2025623,-0.75233406,0.95105654,0.309017,-0.8660254,0.5,-0.8660254,-0.5,0.0,0.0,1.0,0.0,0.0
2025-10-15 16:00:00,1.0,-0.37221768,-0.6708565,1.2059767,-0.45103285,-0.576688,-1.4853796,-1.1779214,0.12778117,0.706116,1.2082483,1.571531,0.08495387,0.4356177,0.67792434,-0.4732412,0.80641025,-0.8836836,0.004156789,0.21799561,-0.025905674,-0.057648737,0.72339755,-0.6504245,0.0004011239,-0.0004011239,-0.5186977,-1.4620419,1.1705886,-1.848936,0.5077973,0.14438353,0.3364456,-0.0831428,-0.4474217,1.057918,-0.046239853,-0.80294114,0.58778524,-0.809017,-0.8660254,0.5,1.2246469e-16,-1.0,0.0,1.0,0.0,0.0,0.0
2025-10-16 12:00:00,4.0,-0.57945144,-0.83218265,-1.0537926,1.0440443,-0.27314734,-0.77367514,0.8429635,0.08050075,0.43807647,1.0305392,1.5277325,-0.20817274,0.05065669,0.34777474,-0.5041161,0.5205529,-0.7134194,-0.23132822,-0.3834825,-0.367373,-0.330973,0.46501148,0.30813864,0.37397438,-0.37397438,-0.22510752,-1.650878,0.83882636,-1.9424043,-0.47656626,-0.35347813,-0.04167129,-0.37596434,-0.8754627,-0.35803357,-0.4373574,-0.7811909,0.58778524,-0.809017,-0.8660254,0.5,-0.8660254,-0.5,0.0,0.0,1.0,0.0,0.0
2025-10-16 16:00:00,4.0,-2.8756506,-1.7401468,-1.1844931,-1.0520668,1.6958673,0.9531525,1.4656186,-0.7402893,2.524705,2.9742124,3.0,1.4000831,-1.4417415,-1.1604557,-1.0004867,-1.0673313,-1.4640851,-0.8220442,-1.5520042,-1.7774105,-1.558383,-0.81049496,1.402659,1.6443139,-1.6443139,1.6231425,-1.8913145,0.24506848,-3.0,1.2342123,-1.3939719,-0.70349526,-1.6459308,-1.2818578,-2.1915085,-1.8007001,-0.61892194,-0.58778524,-0.809017,-0.8660254,0.5,1.2246469e-16,-1.0,0.0,1.0,0.0,0.0,0.0
2025-10-17 12:00:00,1.0,-0.78623015,-0.89025575,0.002723816,-0.07984576,0.104186535,2.1892235,1.0741587,0.064525075,2.3552585,3.0,3.0,1.1050973,-1.695814,-1.4894001,-1.4317263,-2.1945565,-1.550363,-1.3180144,-1.7502656,-1.6422458,-1.7778313,-1.1269178,0.5419261,1.4335898,-1.4335898,0.6836889,-2.0515122,-0.058771845,-3.0,-0.07108956,-1.7113738,-0.72201514,-1.8124033,-1.6696788,-2.1359167,-1.5704434,-0.58833957,-0.58778524,-0.809017,-0.8660254,0.5,-0.8660254,-0.5,0.0,0.0,1.0,0.0,0.0
2025-10-17 16:00:00,1.0,2.4297032,1.4340788,-1.049744,-0.53304183,0.49283272,1.7854819,-0.10682421,2.7147605,2.9055674,3.0,3.0,1.7946562,-0.28441557,-0.18412621,-1.1017313,-1.1620398,-0.36511263,-1.2142761,0.2551498,-0.555346,-0.584136,-0.06270451,0.8629092,0.2966259,-0.2966259,2.2276797,-1.3453851,1.0837152,-2.478884,0.8796273,-0.8276475,-0.6594667,-0.5501109,0.5069174,-0.3447167,-0.39142653,-0.6988424,-0.95105654,0.309017,-0.8660254,0.5,1.2246469e-16,-1.0,0.0,1.0,0.0,0.0,0.0
2025-10-20 12:00:00,1.0,0.00041644557,-0.0435677,1.2861693,0.9958377,-0.8982275,0.3217384,-1.1273959,0.13111591,1.5961137,2.291194,2.7150238,0.5603198,-0.29945263,-0.19508465,-0.97064584,-0.97174436,-0.15265365,-0.90611386,0.16062357,-0.5174682,-0.5807597,-0.08701595,-1.1177998,0.21352798,-0.21352798,2.2166164,-1.5099874,0.79370195,-2.1971939,0.71449304,-0.5576771,-0.6890388,-0.5338474,-0.36038065,1.1881773,-0.40745082,-0.7665923,-0.95105654,0.309017,-0.8660254,0.5,-0.8660254,-0.5,0.0,0.0,1.0,0.0,0.0
2025-10-20 16:00:00,1.0,-0.0005737897,-0.041413825,0.28488812,1.8164023,0.1299987,-0.9442964,-1.394914,0.14332263,1.4165381,2.1063094,2.5562284,0.3763749,-0.3140844,-0.20607446,-0.8012036,-0.6875457,-0.13829981,-0.77103496,0.07098482,-0.47782475,-0.5414425,-0.09722528,0.37718314,0.006544642,-0.006544642,2.1545384,-1.5009617,0.7508803,-2.0690188,0.86416364,-0.59374434,-0.67845106,-0.49634007,-0.77446276,1.4821196,-0.42267442,-0.71466863,0.0,1.0,-0.8660254,0.5,1.2246469e-16,-1.0,0.0,1.0,0.0,0.0,0.0
2025-10-21 12:00:00,1.0,0.9293131,1.5496658,-0.77302223,-1.1687441,-0.8190318,-0.94634026,-0.24731125,0.21477868,0.57537264,1.373239,1.9390291,-0.42380735,0.2031136,0.2782289,-0.49919555,1.4125167,0.27716985,-0.4909822,0.61239606,-0.030402457,-0.094369024,0.3025809,-0.9900707,-0.54922354,0.54922354,0.39850092,-1.1617448,0.8664848,-1.6432965,-0.6893963,-0.1864538,-0.6997805,-0.023579393,0.53760386,0.51128876,0.048626553,-0.68534625,0.0,1.0,-0.8660254,0.5,-0.8660254,-0.5,0.0,0.0,1.0,0.0,0.0
2025-10-21 16:00:00,1.0,1.3175586,1.401046,-0.5378992,-1.0798104,1.1175165,-0.76282215,0.066329494,-1.2295457,1.3767452,1.849121,2.1876101,0.5155336,0.8669367,0.933604,0.039370004,2.492058,0.26871702,-0.37792936,1.1118697,0.65468204,0.570821,0.84939843,1.1485997,-1.4176126,1.4176126,-0.18559717,-0.8602833,1.5525236,-1.8578475,-0.16225842,0.41985765,-0.64316547,0.710922,0.96665615,1.1971023,0.75417095,-0.2646616,0.95105654,0.309017,-0.8660254,0.5,1.2246469e-16,-1.0,0.0,1.0,0.0,0.0,0.0
2025-10-22 12:00:00,4.0,-0.3924755,-0.97715265,-0.10088442,-0.07214942,-1.4755057,-0.5581822,0.16678788,-0.05802358,0.060224067,0.8485793,1.4715142,-0.9022567,0.61918736,0.70638806,0.30649397,0.9863009,-0.11064289,-0.5417864,0.7296316,0.5122848,0.44735315,0.6931909,-1.691602,-1.1376042,1.1376042,-0.87118137,-0.9770614,1.0504272,-2.069696,-1.4985261,0.57586473,-0.75981164,0.5839617,-0.3319126,0.95060015,0.52834827,-0.21988088,0.95105654,0.309017,-0.8660254,0.5,-0.8660254,-0.5,0.0,0.0,1.0,0.0,0.0
2025-10-22 16:00:00,4.0,-0.32050404,-0.76740015,-1.1891601,1.3579785,-0.45691052,-0.2534235,0.29425427,0.72630715,-0.118508585,0.62378055,1.2845702,-1.0834684,0.4304928,0.5349692,0.40708765,0.82019407,-0.09924071,-0.8461233,1.419896,0.45628226,0.3596434,0.5416459,0.120822534,-0.93732345,0.93732345,-0.72997063,-1.1473819,0.8264832,-2.1173563,-1.1385624,0.41846907,-0.76384455,0.48648992,-0.7639446,0.22095188,0.45101973,-0.3256454,0.58778524,-0.809017,-0.8660254,0.5,1.2246469e-16,-1.0,0.0,1.0,0.0,0.0,0.0
2025-10-23 12:00:00,1.0,-0.44914153,-0.988984,0.32052386,-0.43394703,-1.1512392,-0.67641866,-0.6513625,0.10210674,-0.8433709,-0.024448356,0.7969544,-1.8440375,0.15139091,0.2875962,0.37199977,0.591078,-0.061175562,-0.6799136,1.3136567,0.26624224,0.18572307,0.34380463,-1.3548708,-0.6593094,0.6593094,-0.5401149,-1.3120892,0.35943213,-2.0085962,-1.5882242,0.37819725,-0.8056286,0.3158914,-1.1886604,-0.73824245,0.36319357,-0.2534252,0.58778524,-0.809017,-0.8660254,0.5,-0.8660254,-0.5,0.0,0.0,1.0,0.0,0.0
2025-10-23 16:00:00,1.0,0.020278465,-0.5660284,0.05983592,0.76022893,-0.9084119,-1.093634,-0.76281494,0.9692343,-1.2713535,-0.52813965,0.36558622,-2.1838276,0.16259101,0.2947848,0.33826357,0.10717622,1.2257526,-0.30617422,0.929213,0.3264574,0.23833637,0.36236706,-1.1441312,-0.6665571,0.6665571,-0.7144906,-1.038385,0.12871565,-1.826551,-1.5607268,0.37467417,-0.33863372,0.37424958,0.56151444,-0.47710633,0.75455815,-0.31083304,-0.58778524,-0.809017,-0.8660254,0.5,1.2246469e-16,-1.0,0.0,1.0,0.0,0.0,0.0
2025-10-24 12:00:00,4.0,0.16653629,0.40162876,1.1329167,0.2445777,-0.91343313,-0.719263,0.37799415,0.092847034,-1.6056952,-0.9959182,-0.07279486,-2.3799481,0.27263516,0.38416842,0.34901562,-0.518752,1.6284393,-0.060227722,0.45262948,0.45562533,0.36634493,0.4393909,-1.1140182,-0.75839365,0.75839365,-1.8797045,-0.71585953,-0.04140964,-1.6259418,-2.2303667,0.47243708,-0.012780919,0.52761024,0.9990581,-0.17205043,0.8571384,-0.26367056,-0.58778524,-0.809017,-0.8660254,0.5,-0.8660254,-0.5,0.0,0.0,1.0,0.0,0.0
2025-10-24 16:00:00,3.0,0.316752,-0.6581143,-0.3922357,0.8073963,-0.18193783,-0.60567695,0.0058627976,2.2922597,-1.3043042,-0.96214205,-0.16517799,-1.837213,0.48884672,0.56278074,0.4115992,-0.14673571,0.69868475,0.26282662,1.2146261,0.65321255,0.5516001,0.5920178,0.23566303,-1.026552,1.026552,-1.6807096,-0.36059174,0.12783542,-1.4832978,-1.5236754,0.7718753,-0.031450782,0.72704214,1.385139,0.32334495,1.135928,-0.35662535,-0.95105654,0.309017,-0.8660254,0.5,1.2246469e-16,-1.0,0.0,1.0,0.0,0.0,0.0
2025-10-27 12:00:00,4.0,0.13657169,0.57977945,1.7733258,-0.7251618,-1.1255382,-0.21352223,0.4461214,-0.020186098,-1.8605702,-1.5535581,-0.7225208,-2.352588,0.59112656,0.64440644,0.5143526,0.09187704,0.75512266,0.52127564,1.3662199,0.696825,0.65453196,0.694254,-1.6660011,-1.1095663,1.1095663,-1.6710043,0.059994373,-0.15949886,-1.2617141,-1.8271858,0.7832742,0.5581178,0.8501267,1.7349334,0.40627238,1.2301142,-0.5919661,-0.95105654,0.309017,-0.8660254,0.5,-0.8660254,-0.5,0.0,0.0,1.0,0.0,0.0
2025-10-27 16:00:00,3.0,0.5155878,-0.043540917,-1.1883806,2.7638893,0.26717228,-0.26309583,-0.15492612,1.5932662,-1.2510204,-1.2429208,-0.6316303,-1.4522499,0.9494713,0.94588405,0.6519625,0.5911493,0.9683013,0.74099153,1.5333747,0.95340717,0.91615784,0.94375867,0.45190698,-1.4275222,1.4275222,-1.806435,0.49172682,0.28872883,-1.1480141,-1.0735348,0.7590723,0.8817251,1.1145363,2.0534046,0.63817817,1.5842551,0.26977575,0.0,1.0,-0.8660254,0.5,1.2246469e-16,-1.0,0.0,1.0,0.0,0.0,0.0
2025-10-28 12:00:00,3.0,-0.45233822,-0.9157244,0.21965465,-0.21425723,-0.9646588,0.2238198,0.5213492,-0.11347125,-1.7003722,-1.666277,-1.0347391,-1.9149045,0.56662095,0.6524446,0.62763625,0.3493232,0.37448347,0.61637765,1.3969382,0.59997684,0.60216105,0.7093395,-1.3958046,-1.0487123,1.0487123,-1.3977299,0.036016226,-0.22155425,-1.1036094,-1.1327677,0.7927868,1.464843,0.7985663,-0.38628402,0.058196116,1.2649058,0.22751756,0.0,1.0,-0.8660254,0.5,-0.8660254,-0.5,0.0,0.0,1.0,0.0,0.0
2025-10-28 16:00:00,3.0,0.059755553,-0.20845753,0.5999767,1.0995181,-0.16170612,1.1698196,1.0688384,0.6778613,-1.4994459,-1.6143258,-1.11841,-1.5565269,0.6349495,0.70399576,0.56299955,0.29719046,-0.18745422,0.09072487,1.5885463,0.6326311,0.64972806,0.72286785,-0.08951448,-0.9688813,0.9688813,-1.3402883,0.6826001,-0.17578256,-1.0392855,-0.7230361,0.6812529,2.00029,0.8258697,0.40824828,0.015783073,1.312482,0.47063193,0.95105654,0.309017,-0.8660254,0.5,1.2246469e-16,-1.0,0.0,1.0,0.0,0.0,0.0
2025-10-29 12:00:00,1.0,-0.42061663,-0.7910989,0.73892385,-0.42172202,-0.67560464,2.1707726,1.2822254,-0.024209293,-1.6616306,-1.8006839,-1.3600245,-1.6838529,0.24925192,0.4123238,0.37224278,-0.082703635,-0.18941993,-0.29090422,1.0136313,0.39056835,0.38949656,0.44059685,-1.0079727,-0.6120215,0.6120215,-1.21234,-0.1596745,-0.5894806,-1.0377764,-1.0236884,0.5571813,2.0030096,0.5309761,-0.3946772,-0.677142,1.0086467,0.7715593,0.95105654,0.309017,-0.8660254,0.5,-0.8660254,-0.5,0.0,0.0,1.0,0.0,0.0
2025-10-29 16:00:00,1.0,-1.2919112,-0.41420016,1.4438268,-0.16581006,2.533516,2.4857712,0.9166342,-1.3668544,0.8211455,0.12571499,0.16014458,1.1059201,-0.83393407,-0.46558157,-0.2314221,-0.8176618,-0.59611475,-0.6659507,-0.08572112,-0.41131234,-0.47610664,-0.372909,1.5207038,1.271995,-1.271995,-0.6114038,-1.4072207,0.014301989,-1.6236554,1.5861927,-0.025203532,1.1148083,-0.39009193,-0.77632993,-1.2924154,-0.05811216,0.7298459,0.58778524,-0.809017,-0.8660254,0.5,1.2246469e-16,-1.0,0.0,1.0,0.0,0.0,0.0
2025-10-30 12:00:00,1.0,-0.87758386,-0.865809,-1.7068497,0.96781206,0.41764343,1.182795,-1.0448375,-0.10198122,0.9877192,0.44003928,0.46567562,1.1296368,-1.4063222,-0.998298,-0.73744804,-1.5203373,-0.7743735,-0.792715,-0.92400104,-0.9069138,-0.92244035,-0.81717163,0.6231245,1.3558354,-1.3558354,-0.9527808,-1.966098,-0.21916762,-1.7657341,1.4240168,-0.96647596,0.5993557,-0.83784395,-1.14699,-1.9069477,-0.64782226,0.80487424,0.58778524,-0.809017,-0.8660254,0.5,-0.8660254,-0.5,0.0,0.0,1.0,0.0,0.0
2025-10-30 16:00:00,1.0,2.4610963,1.6239902,-0.8345255,-0.997007,1.7449771,0.6594657,-0.6669815,0.7867145,2.0715237,1.4224471,1.1550282,2.130288,0.50912696,0.61726815,-0.34980372,0.024570221,0.31200206,1.4519169,0.6553537,0.71893454,0.41613173,0.3843275,1.2950273,-0.76833653,0.76833653,1.4348654,-1.0084182,1.3389108,-1.362628,3.0,0.3024787,0.4748749,0.49067548,0.47741485,0.2509622,1.0759252,-1.6155442,-0.58778524,-0.809017,-0.8660254,0.5,1.2246469e-16,-1.0,0.0,1.0,0.0,0.0,0.0
2025-10-31 12:00:00,1.0,-1.3158244,-1.4679923,-1.8764284,-0.11744628,0.27394786,0.7172905,-0.12005346,-0.06930834,1.7625928,1.4604142,1.3365273,1.625796,-0.36481628,-0.19348548,-0.43789738,-0.6953449,-0.33664736,1.2700015,0.9563924,-0.44218072,-0.3770022,-0.268229,0.46545857,0.311168,-0.311168,1.5544722,-1.4841391,0.81562686,-1.5316447,2.779086,-0.11010932,0.45108086,-0.36373472,-0.34916297,0.4398426,-0.13814583,-0.9706111,-0.58778524,-0.809017,-0.8660254,0.5,-0.8660254,-0.5,0.0,0.0,1.0,0.0,0.0
2025-10-31 16:00:00,1.0,-1.6904298,-0.71817,-0.67537653,0.6818536,0.3579389,0.6028501,-0.3628329,-2.9439669,2.216247,2.0744941,2.0039828,1.813792,-1.2858735,-1.1458727,-0.8340014,-1.3612626,-1.2144182,-0.49167547,-0.21110542,-1.9312024,-1.2011715,-1.0343289,0.5390692,1.4803137,-1.4803137,2.0561728,-1.648483,0.40458065,-1.7925447,3.0,-1.9645144,0.25350764,-1.2130886,-0.73735064,0.11591068,-1.7986734,-1.5619824,-0.95105654,0.309017,-0.8660254,0.5,1.2246469e-16,-1.0,0.0,1.0,0.0,0.0,0.0
2025-11-03 12:00:00,1.0,0.21717897,0.38287824,0.79905295,0.6537347,0.07905949,0.46385768,-0.29223755,-0.052109092,1.6711348,1.7846841,1.8363206,1.2265631,-1.1149719,-1.0017377,-1.0086544,-0.5966866,-1.1629136,-0.3990589,-0.25561592,-1.5963856,-1.0709888,-0.9609323,0.19190851,1.2721215,-1.2721215,1.9117955,-0.97257423,0.38090754,-1.6712116,1.128764,-1.7292961,0.2371423,-1.074477,0.5008338,-1.5488052,-1.5464147,-1.629978,-0.95105654,0.309017,-0.8660254,0.5,-0.8660254,-0.5,0.0,0.0,1.0,0.0,0.0
2025-11-03 16:00:00,1.0,-1.5094993,-1.3119869,-1.5890568,-0.08481829,0.9801299,-0.26137355,-1.1050528,0.21417136,2.0074463,2.1990929,2.3085268,1.372717,-1.7808897,-1.7448523,-1.3362088,-0.9615605,-1.9828018,-1.0503563,-1.0582265,-2.2322736,-1.6859305,-1.5660971,0.92043006,1.5635786,-1.5635786,1.8123896,-1.1385851,-0.0064697578,-1.8588405,1.1866429,-2.2214437,-0.35969713,-1.7040073,-0.29934162,-1.394876,-1.8615174,-1.5397061,0.0,1.0,-0.5,0.8660254,1.2246469e-16,-1.0,0.0,1.0,0.0,0.0,0.0
2025-11-03 20:00:00,1.0,0.3878608,1.1011769,-0.68664324,0.272861,-0.9666868,-0.5776713,-0.66284823,-0.0398197,0.80248976,1.2940025,1.6075497,0.22124246,-1.4765658,-1.4710252,-1.5020584,-1.974271,-1.6042551,-1.2616967,-1.2511519,-1.6174501,-1.509767,-1.4698681,-1.3737798,1.3102912,-1.3102912,0.18341808,-0.7222468,-0.31725243,-1.6886935,-0.24321994,-1.7718765,-0.36357778,-1.535175,0.5713298,-0.25930366,-1.5643584,-1.5247729,0.0,1.0,-0.5,0.8660254,-0.8660254,-0.5,0.0,0.0,1.0,0.0,0.0
2025-11-04 12:00:00,1.0,-0.2018331,-0.70657206,-1.3897666,1.1626506,-1.1121812,-1.4512762,-2.24295,-0.08564726,-0.26312536,0.41380543,0.9196664,-0.8412094,-1.533297,-1.5432972,-1.6279945,-1.4014101,-1.6713307,-1.8562486,-0.61099815,-1.445568,-1.6033838,-1.6683836,-1.6863788,1.3924228,-1.3924228,0.30454752,-0.7201489,-0.97190404,-1.6040169,-0.8098868,-1.3847626,-0.36156774,-1.6879559,-0.2856649,-0.49370667,-1.644416,-1.6495056,0.0,1.0,-0.5,0.8660254,-0.8660254,0.5,0.0,0.0,1.0,0.0,0.0
2025-11-04 16:00:00,1.0,1.0336934,1.2721262,-1.5487149,0.47220737,0.7021673,-0.15680617,3.0,-0.46465504,0.24922496,0.6886981,1.0644054,-0.22315587,-0.8171057,-0.913439,-1.2284006,-0.04590009,-1.0774885,-1.2618555,0.1407074,-0.7913823,-0.9052481,-1.1049333,0.79573244,0.7008045,-0.7008045,0.17070419,-0.29497656,-0.30674523,-1.3918991,-0.8606385,-0.9737401,-0.7412146,-0.9866526,0.5508916,0.91047,-0.8676748,-2.6829157,0.95105654,0.309017,-0.5,0.8660254,1.2246469e-16,-1.0,0.0,1.0,0.0,0.0,0.0
2025-11-04 20:00:00,1.0,-0.17599444,-0.4340575,0.09499071,0.6819246,-0.9567439,-0.056109115,0.032836683,-0.020645525,-0.54423255,0.00280554,0.5177502,-1.0191926,-0.90486234,-1.0049629,-1.064514,-0.24184658,-0.6516009,-1.190539,0.009795557,-0.7891217,-0.9848661,-1.2506654,-1.3547405,0.78671956,-0.78671956,0.14939515,-0.56945294,-0.8678998,-1.3176147,-1.1737074,-0.6467718,-0.74229527,-1.0744148,-0.29388312,0.5542015,-0.9615489,-2.5617092,0.95105654,0.309017,-0.5,0.8660254,-0.8660254,-0.5,0.0,0.0,1.0,0.0,0.0
2025-11-05 12:00:00,1.0,0.37355843,1.423127,-1.5063233,0.05302444,-1.0629358,-1.0078142,-1.4058621,0.0021577503,-1.2507823,-0.70853335,-0.112622775,-1.6968708,-0.64260197,-0.77808136,-0.8043654,0.7095893,-0.16673611,-0.8571791,0.28320193,-0.53975254,-0.7668418,-1.1183434,-1.6110872,0.5689672,-0.5689672,-0.8428347,-0.31557313,-1.2688617,-1.137448,-1.7353706,-0.5062914,-1.0444335,-0.8798093,0.5508916,0.901793,-0.7176893,-2.47984,0.95105654,0.309017,-0.5,0.8660254,-0.8660254,0.5,0.0,0.0,1.0,0.0,0.0
2025-11-05 16:00:00,1.0,-1.1807196,-1.0106893,0.40377423,-0.8091992,0.73370993,-0.25175127,1.7717353,-0.20624195,-0.36959252,-0.10432519,0.3761304,-0.683998,-1.2817284,-1.4125891,-0.78677595,-0.07815693,-1.6265965,-1.3251045,0.2015739,-1.0324087,-1.3036045,-1.6656439,0.86023945,1.2310088,-1.2310088,-0.21230659,-0.552796,-1.4343231,-1.3642007,-0.98234975,-0.64671123,-2.0260253,-1.4324774,-0.3160065,-0.46370307,-1.4441807,-2.69499,0.58778524,-0.809017,-0.5,0.8660254,1.2246469e-16,-1.0,0.0,1.0,0.0,0.0,0.0
2025-11-05 20:00:00,1.0,1.0512648,1.5479254,-0.7166866,-0.98002523,-0.10390423,-0.39240217,-0.2959894,-0.08667074,-0.3693894,-0.20094533,0.20673345,-0.5915833,-0.5615972,-0.7738155,-0.4894513,0.5687606,-0.6810688,-0.97559667,0.85817516,-0.4641824,-0.62949806,-1.1072617,0.14209586,0.6513755,-0.6513755,-0.027795892,-0.1988492,-0.998918,-1.1207545,-0.46193838,-0.5246559,-2.0010548,-0.76824427,0.52216595,0.3657095,-0.7949048,-2.3833544,0.58778524,-0.809017,-0.5,0.8660254,-0.8660254,-0.5,0.0,0.0,1.0,0.0,0.0
2025-11-06 12:00:00,1.0,-0.0009913506,0.053264968,3.0,-1.0010667,-1.2520424,-1.4455558,-1.7983263,0.022033125,-1.2347581,-0.98095065,-0.47433093,-1.4757916,-0.5578518,-0.77622133,-0.2803419,0.03909315,-0.006274626,-1.08631,0.20596458,-0.40523013,-0.5988705,-1.1614107,-1.635088,0.54969764,-0.54969764,-0.25435436,-0.0356971,-1.7269892,-1.0029596,-1.2026607,-0.29624262,-2.1674972,-0.7854036,0.94493574,0.10061518,-0.78457826,-2.614456,0.58778524,-0.809017,-0.5,0.8660254,-0.8660254,0.5,0.0,0.0,1.0,0.0,0.0
2025-11-06 16:00:00,1.0,-1.957435,-1.6592202,-1.4195502,-0.809492,0.1935812,-0.19429779,3.0,-1.7520999,-0.22955911,-0.20322445,0.20703231,-0.38828874,-1.5773035,-1.8077968,-0.5869134,-0.89968085,-0.8994856,-1.8779179,-0.642531,-1.260855,-1.5713465,-2.1182098,0.41223097,1.6989584,-1.6989584,0.4380261,-0.31255367,-2.2349508,-1.404779,-0.31006002,-0.98629147,-1.9226161,-1.7614771,-0.35344923,-0.28974596,-1.9332172,-1.2987579,-0.58778524,-0.809017,-0.5,0.8660254,1.2246469e-16,-1.0,0.0,1.0,0.0,0.0,0.0
2025-11-06 20:00:00,1.0,0.947745,1.3070179,-0.5441041,-0.4622429,-0.0059913383,-0.1919238,-0.12694956,-0.021891227,-0.18652485,-0.22048546,0.10649957,-0.27455226,-0.9144404,-1.1921668,-0.48895684,-0.5882428,0.10561568,-1.6505215,-0.47645506,-0.7087257,-0.8644637,-1.5053468,0.15533128,0.9909973,-0.9909973,0.5943971,0.12234095,-1.6902977,-1.1895376,0.25961804,-0.84428215,-1.8278779,-1.0684801,0.51214075,-0.37365252,-1.2720025,-1.5777911,-0.58778524,-0.809017,-0.5,0.8660254,-0.8660254,-0.5,0.0,0.0,1.0,0.0,0.0
2025-11-07 12:00:00,1.0,-0.017163739,-0.006616161,0.2175355,1.5824584,-1.1773145,-1.1984782,-1.3947263,-0.025600446,-1.0214572,-0.9459304,-0.5338289,-1.1177266,-0.9128193,-1.1881423,-0.42066023,0.003963752,-0.058480065,-1.4673723,-0.70281017,-0.64757556,-0.8200766,-1.568071,-1.5367047,0.55435133,-0.55435133,0.37426174,0.025826583,-2.4129355,-1.110611,-0.6683074,-0.68630314,-1.910756,-1.0742362,-0.33407092,-0.38349923,-1.2552749,-1.4992987,-0.58778524,-0.809017,-0.5,0.8660254,-0.8660254,0.5,0.0,0.0,1.0,0.0,0.0
2025-11-07 16:00:00,0.0,-0.12552129,0.014800678,1.6794534,0.35281086,-0.6193195,-0.017146047,2.802109,-0.40211198,-1.2127882,-1.199274,-0.82433385,-1.2669482,-0.96883917,-1.2366683,-0.3533481,-0.6109455,-0.030156374,-1.508053,-0.9844412,-0.6604469,-0.7933997,-1.5993245,-0.76610136,0.6516741,-0.6516741,0.061522145,-0.5088757,-2.6511278,-1.0845609,-0.83751,-0.6420494,-1.8839995,-1.0380552,-0.74282545,0.60564804,-1.3017789,-1.5358493,-0.95105654,0.309017,-0.5,0.8660254,1.2246469e-16,-1.0,0.0,1.0,0.0,0.0,0.0
2025-11-07 20:00:00,3.0,-0.03659312,0.0009791979,-0.35230845,2.0528336,-0.8214249,-0.43735084,-0.67570215,-0.10007358,-1.5001308,-1.5453691,-1.2219952,-1.5218221,-0.9780029,-1.2384683,-0.28323483,-0.6295251,-0.4598046,-1.3557956,-0.99497205,-0.63165957,-0.72841203,-1.5983822,-1.0190488,0.63646984,-0.63646984,0.035964243,-1.2099935,-2.917264,-1.0330026,-0.5693733,-0.75822157,-1.8847319,-0.94075906,-1.1567415,-0.08962465,-1.2955999,-1.3854833,-0.95105654,0.309017,-0.5,0.8660254,-0.8660254,-0.5,0.0,0.0,1.0,0.0,0.0
2025-11-10 12:00:00,3.0,-0.07822778,-0.26997235,1.5958822,-0.3685919,-0.90212876,-0.9267564,-0.76655096,-0.026678303,-1.7572414,-1.8567194,-1.6023294,-1.7816885,-1.030578,-1.2709603,-0.22930436,0.38245344,-0.42517942,-0.94151187,-2.0715816,-0.62792283,-0.74983245,-1.6333097,-1.092236,0.7687158,-0.7687158,-1.1018159,-1.437474,-3.0,-0.99594206,-1.281303,-0.6131304,-1.8986847,-0.93167824,-1.5297359,-0.1312763,-1.2947122,-1.1206256,-0.95105654,0.309017,-0.5,0.8660254,-0.8660254,0.5,0.0,0.0,1.0,0.0,0.0
2025-11-10 16:00:00,3.0,0.15820694,-0.10461829,1.8031113,-0.2356335,-0.14965422,-0.21617983,0.769996,0.750256,-1.5310338,-1.7728274,-1.6575108,-1.4224048,-0.9283012,-1.1732031,-0.0938224,-0.05798428,-0.52090716,-0.5901658,-1.9885578,-0.47628945,-0.5919965,-1.4465358,-0.23600283,0.6476052,-0.6476052,-1.773177,-0.6028436,-2.8274107,-0.9483323,-1.2643006,-0.41399413,-1.9898499,-0.76148003,0.6257014,0.06622287,-1.2036312,-1.0622491,0.0,1.0,-0.5,0.8660254,1.2246469e-16,-1.0,0.0,1.0,0.0,0.0,0.0
2025-11-10 20:00:00,3.0,-0.17778708,-0.38991573,-0.44404456,1.1454775,-0.46291605,0.43548185,0.35224992,-0.020094054,-1.5605034,-1.8519814,-1.8177327,-1.4116439,-1.0418162,-1.2543107,-0.033907183,-0.14436123,-0.106477484,-1.4874982,-1.4416044,-0.66658354,-0.58385986,-1.5158256,-0.6998328,0.8713781,-0.8713781,-1.6127825,-1.2646866,-2.8850877,-0.9551764,-0.95055753,-0.75329447,-1.94325,-0.67164284,-0.23733503,-0.04396049,-1.2542403,-0.6492608,0.0,1.0,-0.5,0.8660254,-0.8660254,-0.5,0.0,0.0,1.0,0.0,0.0
2025-11-11 12:00:00,3.0,-0.2468584,-0.92076105,-0.5336833,-0.05084892,-0.9387253,-0.733846,-0.99282223,-0.06673157,-1.829404,-2.1143744,-2.1360137,-1.726055,-1.202416,-1.3716354,-0.05710557,-0.20734891,-0.66840947,-1.1248733,-1.7797598,-0.98997265,-0.70589554,-1.6994671,-1.3664453,1.1710781,-1.1710781,-1.4698068,-1.328005,-3.0,-0.96624076,-1.0759393,-0.9539133,-2.404112,-0.7434432,-0.6471242,-0.17752248,-1.2534968,-1.0267512,0.0,1.0,-0.5,0.8660254,-0.8660254,0.5,0.0,0.0,1.0,0.0,0.0
2025-11-11 16:00:00,3.0,0.35210037,0.16894071,0.124946065,1.6478066,0.28833073,-0.09481381,0.43612042,0.8067642,-1.4955306,-1.9030501,-2.049263,-1.2115735,-0.953716,-1.1829985,0.09241888,-0.004948776,-0.55154866,-0.43921688,-2.5175571,-0.6114342,-0.4096618,-1.4190137,0.041552212,0.74156773,-0.74156773,-1.2090596,-0.5930897,-2.697529,-0.8971469,-0.67048055,-0.86069393,-2.2083137,-0.43283883,0.65849966,0.0005267134,-0.81917113,-0.7682918,0.95105654,0.309017,-0.5,0.8660254,1.2246469e-16,-1.0,0.0,1.0,0.0,0.0,0.0
2025-11-11 20:00:00,3.0,1.3362657,2.0360591,-1.1302768,-1.3274978,0.46549222,0.3819298,0.11240267,-0.054581992,-1.2129121,-1.7177365,-1.9973788,-0.7441036,0.19333875,-0.32064837,0.7117391,0.7715971,0.9497554,-0.07472091,-1.5852019,1.0500333,0.6424598,-0.56417865,0.20800145,-0.5423281,0.5423281,-0.29324424,0.18059589,-1.8906157,-0.5664755,-0.1713237,0.5875159,-1.9893593,0.6125819,1.0609294,1.3370757,0.5490649,-0.34260225,0.95105654,0.309017,-0.5,0.8660254,-0.8660254,-0.5,0.0,0.0,1.0,0.0,0.0
2025-11-12 12:00:00,3.0,0.17703266,1.2400721,-1.1613662,0.4147234,-1.350596,-1.0113531,-1.0550793,-0.13897441,-1.752121,-2.121955,-2.3755798,-1.5035319,0.3124668,-0.22306302,1.2814114,0.77421963,0.58669746,0.5359692,-1.3312049,1.1442688,0.77421427,-0.52405816,-1.4789551,-0.9548054,0.9548054,-0.11297434,0.5980531,-2.341011,-0.38543314,-0.73783576,1.1847817,-1.8702443,0.7432912,1.4345396,1.5976053,0.6795308,-0.1727808,0.95105654,0.309017,-0.5,0.8660254,-0.8660254,0.5,0.0,0.0,1.0,0.0,0.0
2025-11-12 16:00:00,3.0,0.7560145,1.5511476,-1.1815592,-0.32953104,0.6394913,0.8472049,1.8397423,-0.8957183,-1.3864633,-1.8698392,-2.2195125,-0.8948279,0.9163374,0.26942185,1.8250848,1.28773,0.95681864,0.652736,-1.0764772,1.8499457,1.3266228,0.0063059744,0.23795724,-1.7308125,1.7308125,-0.18983595,1.4235256,-1.73019,-0.19003725,-0.3608605,1.5369551,-1.3921657,1.2558894,1.7911372,1.8344501,1.4124016,-0.21717402,0.58778524,-0.809017,-0.5,0.8660254,1.2246469e-16,-1.0,0.0,1.0,0.0,0.0,0.0
2025-11-12 20:00:00,3.0,0.10394891,0.15604468,2.3251817,-0.45099306,1.2021239,1.9848013,0.578525,-0.009084368,-0.8575465,-1.4568814,-1.8909298,-0.09864652,0.995994,0.3334505,2.0148308,1.4837139,1.1029885,0.77697116,-1.4413928,1.7164308,1.2664975,0.10457121,0.7381596,-0.8204735,0.8204735,-0.40726092,2.3463962,-1.2719332,-0.25747418,0.5005986,2.1446898,-0.4862972,1.1662711,2.114959,0.7232975,0.86179245,-0.19606057,0.58778524,-0.809017,-0.5,0.8660254,-0.8660254,-0.5,0.0,0.0,1.0,0.0,0.0
2025-11-13 12:00:00,3.0,-0.6449109,-1.3924062,-0.3423549,-1.3399955,-0.14367333,-0.6325907,-1.2511219,0.06255748,-0.9740905,-1.4856085,-1.8965392,-0.28504017,0.31794006,-0.13814396,1.9230509,0.93736607,0.8531988,0.18025336,-1.6810071,0.9307467,0.7451351,-0.29908797,-0.48777565,-0.24847218,0.24847218,0.26283664,1.9314473,-1.6011013,-0.4301231,0.20961562,1.2222052,0.2089176,0.67592144,-0.26400384,-0.023210948,0.266186,0.6336866,0.58778524,-0.809017,-0.5,0.8660254,-0.8660254,0.5,0.0,0.0,1.0,0.0,0.0
2025-11-13 16:00:00,3.0,-0.38004658,-0.532923,1.6949781,-1.3674902,0.75042665,-0.06702982,0.27613336,0.0981134,-0.73679155,-1.2716907,-1.7152867,0.050016955,-0.10053328,-0.45189187,1.5809247,0.01055517,0.71977407,0.1176496,-1.9893589,0.43010813,0.41314453,-0.51955974,0.37144318,0.12490229,-0.12490229,-0.2703903,1.4015745,-1.5341011,-0.6281859,0.22853832,0.9143009,0.23253086,0.36631787,-0.64487576,-0.9538805,-0.12396168,0.80361754,-0.58778524,-0.809017,-0.5,0.8660254,1.2246469e-16,-1.0,0.0,1.0,0.0,0.0,0.0
2025-11-13 20:00:00,3.0,-0.45115167,-0.6336209,1.1915164,-1.0735308,0.49015403,1.185016,0.7704495,-0.02392691,-0.6164766,-1.133198,-1.5885162,0.19732736,-0.59830046,-0.8286491,1.1349901,-0.33034307,0.4145287,-0.20884694,-1.7391802,-0.1411033,0.03229592,-0.79607654,0.17071098,0.5636148,-0.5636148,-0.21200822,0.5962388,-1.556006,-0.86567074,1.0236757,0.27689785,0.25980237,0.0058839764,-1.0377611,-1.3671674,-0.5851364,1.0157799,-0.58778524,-0.809017,-0.5,0.8660254,-0.8660254,-0.5,0.0,0.0,1.0,0.0,0.0
2025-11-14 12:00:00,4.0,-0.01932885,-0.19283986,1.0389324,0.12549233,-1.0057192,-1.0900563,-1.2982817,0.030434702,-1.0338695,-1.3945436,-1.7905,-0.41135618,-0.6694478,-0.8745429,0.8281973,-0.75261205,0.50425047,0.29306948,-1.3350605,-0.22011642,-0.05532284,-0.91965723,-1.1765207,0.62785155,-0.62785155,-0.8394502,0.27472797,-1.8713658,-0.832785,0.31188992,-0.1646587,0.28804255,-0.087910935,-1.4161103,-0.79661596,-0.65030724,1.7156671,-0.58778524,-0.809017,-0.5,0.8660254,-0.8660254,0.5,0.0,0.0,1.0,0.0,0.0
2025-11-14 16:00:00,4.0,-1.650155,-1.3351094,-1.251151,-0.20516896,2.2979991,1.5120578,2.7634568,-0.26363263,-0.16418159,-0.72423977,-1.2102252,0.7420475,-2.018539,-2.0184424,-0.07307193,-1.6770552,-0.21236552,-0.8925285,-1.6924709,-1.8229578,-1.3487788,-1.8182316,1.3231946,1.1899687,-1.1899687,-0.09136151,-0.5808099,-1.6810706,-1.7402111,0.6075949,-1.5975097,0.31894642,-1.227431,-1.7749531,-1.5524173,-1.23727,0.7744826,-0.95105654,0.309017,-0.5,0.8660254,1.2246469e-16,-1.0,0.0,1.0,0.0,0.0,0.0
2025-11-14 20:00:00,3.0,-0.855185,-1.3585774,-0.5478421,-1.0448321,0.22605895,1.3222126,-0.21917517,0.016410483,-0.23228411,-0.69174737,-1.1429138,0.5727842,-2.4312122,-2.4330173,-0.8971015,-1.765534,-0.8347891,-1.2753029,-1.742843,-1.9822135,-1.910699,-2.2527735,-0.07441113,1.4912978,-1.4912978,-0.10894936,-1.1871152,-1.9035177,-2.097331,0.71462286,-2.1946495,0.3492046,-1.737923,-1.7498049,-1.5970091,-1.5230029,0.90928197,-0.95105654,0.309017,-0.5,0.8660254,-0.8660254,-0.5,0.0,0.0,1.0,0.0,0.0
2025-11-17 12:00:00,4.0,0.37384877,1.0706369,0.5269601,-0.84182656,-0.99208367,-0.5509605,-1.0130541,0.0064623132,-0.7536983,-1.0271152,-1.4039962,-0.1465796,-1.9786286,-2.0592072,-1.3273832,-1.3844849,-1.3165375,-0.18038237,-1.4019111,-1.3771602,-1.6908152,-2.0888634,-1.1491635,1.3231988,-1.3231988,0.72066545,-0.4665018,-2.1056113,-1.9032769,0.042125642,-1.7363416,0.37792802,-1.5649673,0.59298533,-1.2148471,-1.3002169,-0.2615325,-0.95105654,0.309017,-0.5,0.8660254,-0.8660254,0.5,0.0,0.0,1.0,0.0,0.0
2025-11-17 16:00:00,4.0,-0.3240156,-0.64631814,0.4279424,-0.2736356,2.1132224,0.85349876,0.91497225,1.5259919,0.016627857,-0.45767406,-0.94453526,0.865138,-2.1022243,-2.1634548,-1.3834383,-1.3206085,-1.5449888,-0.80099094,-1.4732343,-1.2965506,-1.608597,-1.8949603,1.3843726,1.2442462,-1.2442462,0.92007226,-0.9498312,-1.5672134,-1.8434774,0.6045704,-1.2500669,0.39608908,-1.4650962,-0.24979427,-0.29760098,-1.2068219,-0.28149033,0.0,1.0,-0.5,0.8660254,1.2246469e-16,-1.0,0.0,1.0,0.0,0.0,0.0
2025-11-17 20:00:00,4.0,-0.9153315,-0.8138615,-0.16717494,-0.07634157,1.5568358,1.5209246,0.22727679,-0.018942349,0.5007798,-0.022824999,-0.55442935,1.325632,-2.4436631,-2.5054646,-1.6082151,-1.7648686,-2.289104,-1.2098761,-1.7136877,-1.4543039,-1.9620897,-2.0679882,1.1255186,1.2507538,-1.2507538,0.6548929,-1.3431325,-1.4193599,-1.7792974,1.5226431,-1.4518535,-0.023595529,-1.7616639,-0.7066725,-0.29469514,-1.201912,0.46096542,0.0,1.0,-0.5,0.8660254,-0.8660254,-0.5,0.0,0.0,1.0,0.0,0.0
2025-11-18 12:00:00,4.0,-0.11725243,-0.5551263,-0.2676891,0.58189607,-0.8511628,-0.42003712,-0.99035186,-0.014314396,-0.112614304,-0.37755924,-0.7930976,0.5108146,-2.3884134,-2.4544463,-1.8659472,-0.9579389,-2.2885408,-1.2148967,-2.1312351,-1.2068666,-2.0538359,-2.1874616,-0.94037676,1.3232886,-1.3232886,-0.08811857,-1.2424568,-1.776385,-1.8031555,0.22957662,-1.2644533,-0.037633136,-1.8698567,-1.0980179,-0.67481977,-1.2782878,0.68172234,0.0,1.0,-0.5,0.8660254,-0.8660254,0.5,0.0,0.0,1.0,0.0,0.0
2025-11-18 16:00:00,4.0,-1.9957681,-1.28776,-0.9322366,-0.5967108,1.5949358,1.7790612,1.6100187,-1.7201736,0.7852032,0.3432264,-0.15456684,1.4208453,-2.8803446,-3.0,-2.130794,-1.5472038,-2.73653,-2.119434,-2.7376559,-1.5608352,-2.7412255,-2.6412644,1.3222193,1.287814,-1.287814,0.6945933,-1.361768,-1.6796294,-1.7495148,0.9565242,-1.4201257,-0.25039458,-2.4645934,-1.466256,-1.1873783,-1.2451646,1.2779446,0.95105654,0.309017,-0.5,0.8660254,1.2246469e-16,-1.0,0.0,1.0,0.0,0.0,0.0
2025-11-18 20:00:00,4.0,0.27014107,0.34581083,0.31854934,1.3906289,0.3763771,2.4253356,0.4624904,-0.05464086,0.677851,0.35868332,-0.10489786,1.1975708,-2.5810292,-2.7571595,-2.1678886,-1.5771366,-2.344175,-1.9053606,-2.4217372,-1.1361428,-2.324958,-2.3500762,0.47971818,1.0522308,-1.0522308,0.5341013,-0.27817327,-1.5812068,-1.4875872,1.452221,-1.1574765,-0.60771674,-1.9572757,0.6225198,-0.5774104,-1.0037984,1.2761676,0.95105654,0.309017,-0.5,0.8660254,-0.8660254,-0.5,0.0,0.0,1.0,0.0,0.0
2025-11-19 12:00:00,4.0,0.3656735,0.58990365,-1.1135981,2.1381636,-0.6272913,-0.5339191,-1.3091215,0.054927107,0.14776957,0.03982786,-0.32122183,0.53794533,-2.231024,-2.4341905,-2.0610964,-1.2158873,-1.9447494,-1.768245,-2.0802057,-0.82678145,-2.058567,-2.207174,-0.5498478,0.9614841,-0.9614841,0.7722272,0.1279972,-1.7388657,-1.3591598,0.3512211,-0.84150034,-0.83034897,-1.750116,1.0088114,-0.22858593,-0.91124296,0.98097736,0.95105654,0.309017,-0.5,0.8660254,-0.8660254,0.5,0.0,0.0,1.0,0.0,0.0
2025-11-19 16:00:00,4.0,-0.062146876,-0.26162845,1.9179676,-1.0099969,0.66199803,0.78517497,1.1737493,0.6170609,0.36154693,0.21823777,-0.15906906,0.7388107,-2.175922,-2.3446088,-1.7415054,-0.78147715,-1.9190515,-1.6725681,-1.2773064,-0.7278175,-1.8678409,-2.0092301,0.6952854,0.9877846,-0.9877846,0.75717473,-0.3109669,-1.5809617,-1.3872933,0.08653307,-0.5192873,-1.1999843,-1.5487992,-0.2598888,0.46099588,-0.9797753,1.1971025,0.58778524,-0.809017,-0.5,0.8660254,1.2246469e-16,-1.0,0.0,1.0,0.0,0.0,0.0
2025-11-19 20:00:00,4.0,1.1737269,1.5567478,-0.8363673,-0.5457234,0.1560665,0.95027053,-0.0906013,-0.12924798,0.3013025,0.18819715,-0.18964057,0.6605829,-1.2376373,-1.6342934,-1.1942035,-0.17204852,-0.85343266,-1.0903563,-0.7677811,-0.35643584,-1.1843581,-1.4571074,0.42450994,0.62924355,-0.62924355,1.1102004,0.3112066,-1.3077387,-0.94870126,0.50427085,-0.38670373,-1.1706405,-0.86345375,0.5576832,1.5574389,-0.64761615,1.4187582,0.58778524,-0.809017,-0.5,0.8660254,-0.8660254,-0.5,0.0,0.0,1.0,0.0,0.0
2025-11-20 12:00:00,4.0,0.5221176,1.1786155,-0.580604,0.10806944,-1.0870122,-0.90118027,-1.1690234,-0.014561494,-0.30606985,-0.23456012,-0.50560385,-0.054610934,-0.9260068,-1.3728281,-0.6975942,1.112783,-0.33700734,-1.0377575,-1.3042628,-0.18034165,-0.9566589,-1.3483541,-1.0150257,0.4209395,-0.4209395,-0.7793212,0.58784395,-1.540984,-0.71158046,-0.5391378,-0.17010741,-1.2645063,-0.6619163,0.974092,1.6179208,-0.521139,1.4456269,0.58778524,-0.809017,-0.5,0.8660254,-0.8660254,0.5,0.0,0.0,1.0,0.0,0.0
2025-11-20 16:00:00,4.0,0.16065574,0.1011437,2.790719,-1.1777776,0.77740896,-0.18387136,0.64089084,0.20923346,0.11806733,0.046597373,-0.29031897,0.44051528,-0.8800213,-1.3104577,-0.16436203,1.0394189,-0.4272673,-1.507964,-1.2520326,-0.10044021,-0.69424474,-1.1267755,1.0001227,0.2806658,-0.2806658,-0.6163226,0.97231597,-1.2782508,-0.718602,-0.30701265,0.058089796,-1.6153206,-0.44183788,1.3515735,1.6941435,-0.50333464,0.83652323,-0.58778524,-0.809017,-0.5,0.8660254,1.2246469e-16,-1.0,0.0,1.0,0.0,0.0,0.0
2025-11-20 20:00:00,4.0,0.92919135,1.0151504,0.4724264,-0.66351414,0.36021873,0.32258812,0.23225832,-0.005589011,0.2645296,0.15194412,-0.21991499,0.6004703,-0.26958504,-0.84867954,0.42352355,1.2572138,0.022868203,-1.2244428,-1.0310519,0.17133488,-0.11526343,-0.6925983,0.7186599,-0.13593085,0.13593085,-0.53873026,1.4342273,-0.99506843,-0.4151036,0.11472338,0.12085109,-1.7858775,0.07001933,1.694602,1.2981364,-0.25379187,-0.9076683,-0.58778524,-0.809017,-0.5,0.8660254,-0.8660254,-0.5,0.0,0.0,1.0,0.0,0.0
2025-11-21 12:00:00,4.0,-0.8372315,-1.3557675,-0.86733735,-0.6062731,-0.4522678,-0.78191924,-0.89265764,0.02742276,0.05861395,0.045980085,-0.24994628,0.3080167,-0.681204,-1.1467781,0.60804933,0.92592466,0.09488813,-1.7817653,-1.4517207,-0.02518294,-0.42676607,-0.9906236,-0.08182516,0.07297778,-0.07297778,0.2533167,1.1709751,-1.2840513,-0.73234785,-0.18556616,0.04225641,-1.7694294,-0.26948494,-0.35016587,0.32870072,-0.5340604,-0.8444963,-0.58778524,-0.809017,-0.5,0.8660254,-0.8660254,0.5,0.0,0.0,1.0,0.0,0.0
2025-11-21 16:00:00,4.0,2.0167155,1.0530752,0.46283627,-0.5644554,1.5228927,1.2507646,1.8236654,2.5113304,0.9569303,0.68590975,0.19352666,1.274606,0.51027554,-0.19763844,1.1313735,1.355513,0.8440935,-1.1019602,-1.3504577,0.62821597,0.696278,-0.07434553,1.6671765,-0.9036721,0.9036721,0.48795277,1.9092076,-0.4175277,-0.13725065,0.4332056,0.4826931,-1.2606683,0.87095815,0.48292896,1.8712685,0.2099347,-0.079620786,-0.95105654,0.309017,-0.5,0.8660254,1.2246469e-16,-1.0,0.0,1.0,0.0,0.0,0.0
2025-11-21 20:00:00,4.0,0.7327803,0.99222714,1.1296781,-1.2727978,-0.19499335,0.59482175,-0.49406376,-0.095598094,0.6658443,0.54514885,0.11768972,0.9149388,0.8486695,0.10728418,1.6098998,1.4603436,1.8438543,-0.59357387,-1.0782753,0.9415166,1.091637,0.20601745,0.11984094,-1.2334331,1.2334331,0.45454025,2.4048777,-0.34651294,0.1387424,0.776044,0.84061676,-1.0296974,1.2017293,0.8713136,1.4787457,0.43056095,0.2691477,-0.95105654,0.309017,-0.5,0.8660254,-0.8660254,-0.5,0.0,0.0,1.0,0.0,0.0
2025-11-24 12:00:00,4.0,-0.34128708,-0.66822404,0.9262474,-0.9952081,-0.70676625,-0.91720426,-1.0012245,-0.088178836,0.22746094,0.27540466,-0.03380282,0.39322633,0.6089922,-0.056901533,1.8048723,1.2185172,1.5886467,-0.56462085,-1.0792646,0.87910795,0.9807555,0.064629115,-0.2127786,-1.3992215,1.3992215,0.61662436,2.0158224,-0.615345,0.050323706,0.21272835,0.88333935,-0.9368511,1.0597789,-0.37196952,1.6715755,0.4079791,0.20459141,-0.95105654,0.309017,-0.5,0.8660254,-0.8660254,0.5,0.0,0.0,1.0,0.0,0.0
2025-11-24 16:00:00,4.0,0.48273575,-0.057479676,0.3104532,1.1411775,0.13676082,-0.72989994,-0.09375807,1.6435182,0.26947817,0.30466413,0.0038235197,0.4312713,0.8218365,0.14049132,1.8928851,1.0041503,1.577845,-0.22345315,-0.86203873,1.1568881,1.2289155,0.2756791,0.5107445,-1.5987623,1.5987623,0.53316706,2.1257832,-0.4838212,0.19979712,0.1269813,1.0043334,-0.9061009,1.3156015,0.43176848,0.38605756,0.78569406,0.32746482,0.0,1.0,-0.5,0.8660254,1.2246469e-16,-1.0,0.0,1.0,0.0,0.0,0.0
2025-11-24 20:00:00,4.0,0.048234828,-0.0724884,-0.9470029,2.4292023,-1.1734742,-0.1987018,0.3210943,0.006158575,-0.27016482,-0.09839145,-0.28221115,-0.17196986,0.7832346,0.12814541,1.9605104,1.4108882,1.6106516,-0.19966683,-0.86303854,1.2929296,1.2969713,0.28826424,-0.7068652,-1.5334152,1.5334152,0.05260303,1.6047367,-0.7647072,0.3109616,-0.094788074,1.0256648,-0.5942997,1.3223182,-0.39009988,-0.096821405,0.89589334,0.33636495,0.0,1.0,-0.5,0.8660254,-0.8660254,-0.5,0.0,0.0,1.0,0.0,0.0
2025-11-25 12:00:00,4.0,0.27749693,0.3661733,-1.0220063,2.3360054,-0.27378842,-1.0162345,-0.7986927,-0.052706867,-0.312305,-0.17388669,-0.34130463,-0.19653268,0.88752174,0.23067449,1.9131503,0.5763486,1.3191922,0.5400563,-0.846259,1.4374241,1.3988999,0.43082145,-0.084031165,-1.6068293,1.6068293,-0.96600115,1.684961,-0.75323427,0.4261856,-0.7519629,1.0738192,-0.5007023,1.4496148,0.45492098,0.34759378,1.3726993,0.89993775,0.0,1.0,-0.5,0.8660254,-0.8660254,0.5,0.0,0.0,1.0,0.0,0.0
2025-11-25 16:00:00,4.0,1.5045252,1.6059775,-0.0884513,-1.3291932,0.7211478,-0.37003326,0.36734444,-0.24552765,0.06428503,0.044518657,-0.21479015,0.2918002,1.6846955,0.9849515,2.01237,0.95326215,1.6360886,1.4033197,-0.58617765,2.0659704,1.9931997,1.1140332,1.0079291,-1.8180449,1.8180449,-0.24383113,1.7694638,-0.18603419,0.9735888,-0.42780885,1.8146057,0.3002993,2.0577528,0.88875794,1.1018953,2.0710266,0.8838545,0.95105654,0.309017,-0.5,0.8660254,1.2246469e-16,-1.0,0.0,1.0,0.0,0.0,0.0
2025-11-25 20:00:00,4.0,1.2617477,1.3775092,-0.21505387,-0.75647503,0.334978,-0.071535446,0.008239328,0.119626865,0.2055158,0.12998126,-0.17089516,0.47936815,2.1732,1.5633041,2.1964262,1.6962768,1.9667335,1.6999781,-0.32500637,2.3247106,2.3868947,1.6550981,0.6347826,-1.8811743,1.8811743,-0.4461464,1.8404666,0.21714734,1.4742366,-0.053322837,2.1775253,0.66326296,2.433875,1.3337204,1.7992857,2.130941,1.109385,0.95105654,0.309017,-0.5,0.8660254,-0.8660254,-0.5,0.0,0.0,1.0,0.0,0.0
2025-11-26 12:00:00,3.0,-0.064494155,-0.71746707,0.1530691,-0.10043711,-1.9606564,-1.1054158,-0.8995901,0.042283382,-0.7018602,-0.53223675,-0.6587593,-0.59309614,2.0190558,1.4991093,2.3789263,1.4267199,1.6375188,1.7983533,-0.49698645,1.9956948,2.3437274,1.6620723,-1.5364723,-1.8102765,1.8102765,-0.23743165,1.5054908,-0.26379186,1.7984012,-0.7095939,2.0452793,1.1194279,2.4354846,-0.3496168,1.4901758,2.0567317,1.0537925,0.95105654,0.309017,-0.5,0.8660254,-0.8660254,0.5,0.0,0.0,1.0,0.0,0.0
2025-11-26 16:00:00,3.0,-0.28682014,-0.6159947,0.3237793,-0.05093144,-0.8347158,-0.54026324,0.28802013,-0.09989343,-0.932125,-0.760712,-0.8329415,-0.852624,1.711465,1.3114986,2.2236092,1.2569547,1.7688745,2.0251114,-0.45756286,1.6523294,2.0542202,1.5251747,-0.62605053,-1.5231653,1.5231653,0.024459865,1.174092,-0.5490554,1.7949048,-0.6002513,1.6966082,1.8039466,2.1620038,-0.78512496,0.13878684,1.8733181,0.2589545,0.58778524,-0.809017,-0.5,0.8660254,1.2246469e-16,-1.0,0.0,1.0,0.0,0.0,0.0
2025-11-26 20:00:00,3.0,0.6609259,1.2820133,0.06254216,-0.91052127,-1.0248117,-0.9063855,-0.5394459,0.1839509,-1.1902893,-1.0440129,-1.0891838,-1.1185594,1.942424,1.6111633,2.1580222,1.4215626,1.3362232,2.2235494,-0.31398726,1.6791816,2.239339,1.8630128,-0.72500724,-1.8382343,1.8382343,-0.039279256,1.277456,-0.6002944,2.322895,-0.79978293,1.6209577,2.0631208,2.3798144,0.5481061,-0.18822935,2.1220953,0.32323712,0.58778524,-0.809017,-0.5,0.8660254,-0.8660254,-0.5,0.0,0.0,1.0,0.0,0.0
2025-11-28 12:00:00,3.0,-0.45681405,-1.4968927,-0.3761786,-1.2862593,-1.2675953,-1.5067987,-1.0149546,0.06663156,-1.4967523,-1.3524399,-1.3363634,-1.4945775,1.5190804,1.3174791,1.9356799,0.5178624,0.9602149,2.651686,-0.32454482,1.3660613,1.8209627,1.6221555,-1.0649178,-1.4792213,1.4792213,0.3944526,1.1166971,-1.0983038,2.2839696,-1.3411924,1.4332198,2.1710396,1.9818892,-0.3407146,-0.5599333,1.850768,-0.41720802,0.58778524,-0.809017,-0.5,0.8660254,-0.8660254,0.5,0.0,0.0,1.0,0.0,0.0
2025-11-28 16:00:00,3.0,0.35331723,0.7188138,-0.39849463,0.86291873,-0.088698454,0.3438881,2.8776445,-0.5298958,-1.2765836,-1.2854656,-1.3365871,-1.1143103,1.603066,1.4395764,1.6566412,0.09390563,1.1600217,2.5193677,0.18584333,1.343291,1.7330822,1.7618245,-0.10929226,-1.588055,1.588055,-0.60598993,1.3047217,-0.75799084,2.3135433,-1.3737705,1.2584704,2.1208968,1.7884332,0.52743274,-0.035053752,1.8951982,-0.39874095,-0.95105654,0.309017,-0.5,0.8660254,1.2246469e-16,-1.0,0.0,1.0,0.0,0.0,0.0
2025-12-01 12:00:00,3.0,-0.026689094,-0.34864137,1.4045712,-0.4831517,-1.6438134,-1.7079257,-1.2959411,0.041574143,-1.7312145,-1.6818014,-1.6720668,-1.7355471,1.4874487,1.3582697,1.5166712,0.113125056,0.9979878,2.2804275,0.46020898,1.2025492,1.5891956,1.7382597,-1.4815874,-1.4386076,1.4386076,-0.64585674,1.1181412,-1.0979841,2.504133,-1.2904906,1.224342,2.1862333,1.71623,-0.3836261,-0.5184579,1.7605956,-0.35443425,-0.95105654,0.309017,-0.5,0.8660254,-0.8660254,-0.5,0.0,0.0,1.0,0.0,0.0
2025-12-01 16:00:00,3.0,-0.59975964,-0.14342621,-0.50633544,1.8809878,-0.6856962,0.07904329,2.8859954,-2.1041508,-1.4578722,-1.5447583,-1.5950048,-1.2595518,1.0247574,1.0208694,1.0765903,-0.007633376,0.81492424,2.1249487,-0.5427382,0.9054367,1.0399783,1.3748809,-0.6309886,-0.85796577,0.85796577,-0.4495166,0.754782,0.32283452,1.9818687,-1.0086702,0.8396071,2.5590374,1.1163397,-0.80966383,-0.62868744,1.4498931,-0.094133794,0.0,1.0,-2.4492937e-16,1.0,1.2246469e-16,-1.0,0.0,1.0,0.0,0.0,0.0
2025-12-01 20:00:00,3.0,-0.53464967,-1.2920467,-0.514194,-0.6399077,-0.5737508,0.59454924,-0.0396671,0.11521055,-1.5259454,-1.6320217,-1.6836183,-1.3082845,0.6478908,0.7196937,0.6477162,-0.5425706,0.58446074,1.651042,-0.25030053,0.5955511,0.61458844,1.073277,-0.54845124,-0.411789,0.411789,-0.88591343,0.24015404,0.45898956,1.7027643,-0.9316581,0.6777696,2.8177202,0.6412072,-1.2295353,-1.3190246,0.96387774,-0.02902208,0.0,1.0,-2.4492937e-16,1.0,-0.8660254,-0.5,0.0,0.0,1.0,0.0,0.0
2025-12-02 12:00:00,3.0,-0.35586908,-1.1796514,-0.8509948,-0.06312133,-0.9899422,-0.6788779,-0.79057056,0.058191676,-1.7918575,-1.8620718,-1.8871082,-1.6178628,0.4058851,0.51519483,0.23968336,-0.47573286,0.035794232,1.3985738,0.27191162,0.3392391,0.2998075,0.8620537,-1.1749467,-0.107099876,0.107099876,-0.9723746,-0.21346077,-0.0011671322,1.617618,-0.9625544,0.39164054,2.5550382,0.35831556,-1.6294041,-1.5108209,0.65717196,0.082218,0.0,1.0,-2.4492937e-16,1.0,-0.8660254,0.5,0.0,0.0,1.0,0.0,0.0
2025-12-02 16:00:00,3.0,0.4863365,0.0556424,-0.24369565,1.9582412,2.0676785,0.39185178,0.48817208,1.8813536,-0.5726758,-1.0969567,-1.3873737,0.27700448,0.62504196,0.71793765,-0.004973325,-0.4431076,-0.22472738,1.4484931,0.33217293,0.4207401,0.39481074,1.1009091,1.620812,-0.3623221,0.3623221,-0.86815935,0.19318394,1.2005117,1.2648305,0.17134884,0.25157827,1.7556176,0.430483,0.55283356,-0.5643616,0.8443916,0.15729514,0.95105654,0.309017,-2.4492937e-16,1.0,1.2246469e-16,-1.0,0.0,1.0,0.0,0.0,0.0
2025-12-02 20:00:00,3.0,-0.30448812,-0.37041706,0.14585015,0.66406834,0.25246814,0.7978824,-0.09076669,-0.062071774,-0.5260916,-1.0558023,-1.3818754,0.36451727,0.41557968,0.5412499,-0.20950474,-0.5520774,-0.2867782,1.1178542,0.82999176,0.1633419,0.16869166,0.9459547,0.2803826,-0.11376403,0.11376403,-0.90669423,-0.6020874,1.1800337,1.0561173,1.0859133,0.22691022,1.574566,0.18542168,-0.3200615,-0.33712113,0.64088243,2.063109,0.95105654,0.309017,-2.4492937e-16,1.0,-0.8660254,-0.5,0.0,0.0,1.0,0.0,0.0
2025-12-03 12:00:00,3.0,-0.4821076,-1.3498783,-1.167775,-0.17551522,-0.8239623,-1.1034076,-1.0454565,-0.04143797,-1.0839592,-1.4078839,-1.6480691,-0.3613198,0.117089786,0.28695318,-0.46635333,-0.49970594,-0.32526338,1.2136267,0.55155665,-0.31933567,-0.18176873,0.6894398,-1.1067181,0.55323964,-0.55323964,-0.9716739,-1.109861,0.6416829,0.9735874,0.36568522,-0.1535694,1.4112366,-0.15184823,-0.73320866,-0.42167538,0.1848776,1.613726,0.95105654,0.309017,-2.4492937e-16,1.0,-0.8660254,0.5,0.0,0.0,1.0,0.0,0.0
2025-12-03 16:00:00,3.0,0.3974812,0.59788513,1.9221411,-1.2512255,0.1870248,1.639947,2.1995964,-0.0023563218,-1.0083721,-1.3741345,-1.6685683,-0.23668389,0.31504333,0.45490977,-0.5570169,-0.105239466,-0.43540147,0.77520883,0.7414044,-0.19524466,-0.06575716,0.86126417,0.13577567,0.3154634,-0.3154634,-0.46515486,-0.1541478,0.81906897,1.088701,0.6418786,0.014905222,1.3213303,-0.0709703,0.5579055,-0.45745707,0.07073111,1.383842,0.58778524,-0.809017,-2.4492937e-16,1.0,1.2246469e-16,-1.0,0.0,1.0,0.0,0.0,0.0
2025-12-03 20:00:00,3.0,0.48018506,0.73964566,0.11335135,0.30921802,0.10438436,0.5469188,-0.6339816,-0.02574506,-1.0148797,-1.3985627,-1.7320334,-0.20934503,0.54855305,0.65691096,-0.5248178,0.24400358,-0.16531321,0.68643963,0.48898086,0.017155038,0.09032883,1.0541245,0.03484219,-0.03578287,0.03578287,-0.3960253,0.5872383,1.0079644,1.2476646,1.0914559,-0.023301547,0.9033792,0.06421372,0.9798361,0.19568758,0.32184526,1.1865472,0.58778524,-0.809017,-2.4492937e-16,1.0,-0.8660254,-0.5,0.0,0.0,1.0,0.0,0.0
2025-12-04 12:00:00,3.0,-0.6226824,-1.5884397,-1.100925,-0.7596713,-0.6524247,-0.7888185,-0.7914818,0.004604991,-1.3542434,-1.6229787,-1.9020429,-0.69233257,0.14721586,0.32709303,-0.6514824,-0.22046387,-0.4403491,0.6372399,0.39524236,-0.5271307,-0.2955749,0.72199774,-0.90934086,0.5076824,-0.5076824,-0.19353363,0.08115958,0.3742335,1.059162,-0.66829795,-0.27919817,0.56811655,-0.32165417,-0.3170058,0.04473656,-0.1393269,1.1800928,0.58778524,-0.809017,-2.4492937e-16,1.0,-0.8660254,0.5,0.0,0.0,1.0,0.0,0.0
2025-12-04 16:00:00,3.0,-1.985393,-1.4528767,-0.6940262,-0.9763376,2.8445098,0.6097609,0.6782355,2.9706118,0.6414355,-0.20158726,-0.8479938,1.711191,-0.7776461,-0.55881643,-0.94119096,-0.93330777,-0.9610701,0.06098981,-0.3523328,-1.6363758,-0.9947446,-0.023262918,2.0617523,1.3616303,-1.3616303,1.4167511,-0.65371144,1.0512998,-0.29346257,1.0286406,-1.0160038,0.25497848,-1.0098039,-0.7262362,-1.5973049,-1.2572199,1.4369651,-0.58778524,-0.809017,-2.4492937e-16,1.0,1.2246469e-16,-1.0,0.0,1.0,0.0,0.0,0.0
2025-12-04 20:00:00,3.0,0.3420013,0.5231657,-0.17716268,1.1424456,-0.056845255,1.2458311,0.005323674,-0.03154255,0.21283072,-0.3786333,-0.96832275,1.1122292,-0.61375463,-0.41800892,-1.1192309,-0.5894198,-0.70508426,0.1247395,0.25500417,-1.2839848,-0.8960121,0.08249481,-0.12956356,0.92325044,-0.92325044,1.5639055,0.23580664,0.98712057,-0.16274713,1.3576279,-1.4969664,0.077796005,-0.8980313,0.55262023,-1.6633214,-0.84678626,1.2685409,-0.58778524,-0.809017,-2.4492937e-16,1.0,-0.8660254,-0.5,0.0,0.0,1.0,0.0,0.0
2025-12-05 12:00:00,4.0,0.63107955,1.4719039,-0.9588345,-0.037534337,-0.57132083,-1.0963528,-1.0568236,-0.117737606,-0.4894458,-0.8139507,-1.2945788,0.24942853,-0.28305838,-0.13255143,-1.1321777,-0.50014055,-0.38758633,0.1900321,-0.01567602,-0.8999191,-0.72137165,0.272434,-1.0322895,0.5929149,-0.5929149,1.5786358,0.57262856,0.76591593,0.15584837,0.7018579,-1.1161013,-0.10203096,-0.73992515,0.97065663,-0.61549205,-0.5623767,1.3643248,-0.58778524,-0.809017,-2.4492937e-16,1.0,-0.8660254,0.5,0.0,0.0,1.0,0.0,0.0
2025-12-05 16:00:00,0.0,2.798799,1.8189746,-0.92062664,-0.9609456,2.2269456,0.28676948,0.906439,-0.4668228,1.011766,0.25157857,-0.5797606,1.9530249,1.1066912,1.2387353,-0.46869573,0.5285987,0.49448255,0.44643053,1.0266886,0.59739953,0.49363613,1.4379884,1.98045,-1.1293018,1.1293018,2.9535768,1.1997447,2.9378378,0.8390225,2.2924516,0.101604074,0.004895694,0.46325022,1.3799697,2.558742,0.9977879,0.98482054,-0.95105654,0.309017,-2.4492937e-16,1.0,1.2246469e-16,-1.0,0.0,1.0,0.0,0.0,0.0
2025-12-05 20:00:00,3.0,-0.53816634,-0.65181714,1.1565328,-0.9327882,0.14291689,1.1686172,0.16816266,-0.15674917,0.6427745,0.14243871,-0.6051359,1.3826425,0.8169901,0.9637505,-0.22568837,0.56365925,0.2194423,-0.01332287,1.8353091,0.33388346,0.3015376,1.2206247,0.2187368,-0.9594195,0.9594195,2.9376097,0.32575405,2.4935317,0.6719329,2.4575708,0.5788501,0.09632253,0.2829158,-0.31845453,1.8883547,0.7243006,0.27465272,-0.95105654,0.309017,-2.4492937e-16,1.0,-0.8660254,-0.5,0.0,0.0,1.0,0.0,0.0
2025-12-08 12:00:00,4.0,-0.106293075,-0.21302702,0.4072878,0.6080506,-0.3984318,-1.2719394,-1.1722659,-0.06711439,-0.017272277,-0.2501274,-0.8723723,0.58930576,0.7264732,0.8775754,-0.084880054,1.3431534,0.27304497,-0.019286448,1.3430748,0.28634274,0.26637045,1.1697379,-0.6218085,-0.82888776,0.82888776,1.5282296,0.0389025,2.0865915,0.74063647,0.032572426,0.30741072,0.071818374,0.24101487,-0.720346,1.3212302,0.61376333,0.24926573,-0.95105654,0.309017,-2.4492937e-16,1.0,-0.8660254,0.5,0.0,0.0,1.0,0.0,0.0
2025-12-08 16:00:00,4.0,-2.6934748,-1.3166788,-0.28564766,-1.0652623,1.5507127,0.50232106,1.7302213,-2.5496106,1.1808677,0.7438589,0.019183546,1.6315355,-0.38046518,-0.2470404,-0.4366359,0.050875805,-0.34610426,-0.57946074,0.34705102,-1.1279002,-0.69535345,0.18558279,1.8755974,1.0569832,-1.0569832,2.4820185,-0.7091394,1.6780446,-0.5057881,1.1507405,-0.86154205,0.086004995,-0.72012764,-1.1185524,-1.8882393,-1.0230162,2.271078,0.0,1.0,-2.4492937e-16,1.0,1.2246469e-16,-1.0,0.0,1.0,0.0,0.0,0.0
2025-12-08 20:00:00,3.0,0.7420967,1.1518929,-0.6846464,0.30947328,-0.12774397,0.9001376,-0.03743372,-0.10148185,0.6521218,0.4543158,-0.16093478,1.0361273,-0.0751854,0.064016275,-0.541684,0.11619049,-0.2451308,-0.5874303,0.71872437,-0.6714989,-0.39238632,0.4467173,0.04710263,0.60498345,-0.60498345,2.3576598,0.26262662,1.6754435,-0.2284085,1.4146181,-1.0389001,0.06598678,-0.41455424,0.5392288,-1.1241174,-0.617881,1.5977453,0.0,1.0,-2.4492937e-16,1.0,-0.8660254,-0.5,0.0,0.0,1.0,0.0,0.0
2025-12-09 12:00:00,3.0,0.035500824,0.10149972,-1.1915954,2.766406,-0.9497654,-1.407364,-1.1842492,-0.21389459,-0.38634315,-0.27351114,-0.6953091,-0.09188409,-0.0930665,0.046716116,-0.6241217,-1.0752364,-0.36067897,-0.4546261,0.7683263,-0.6015982,-0.4025678,0.416942,-1.3901793,0.6301092,-0.6301092,0.7744939,-0.051041648,1.0423951,-0.08463946,-0.6930256,-0.7832005,0.028831841,-0.46590072,-0.31845453,-1.0275689,-0.6238132,1.5108597,0.0,1.0,-2.4492937e-16,1.0,-0.8660254,0.5,0.0,0.0,1.0,0.0,0.0
2025-12-09 16:00:00,3.0,0.3342354,0.62928426,-0.1390634,0.8438314,0.12606001,-0.5642175,0.67718065,-0.5830956,-0.30913833,-0.25681347,-0.6745942,0.015372257,0.032410786,0.1707948,-0.5698323,-0.7120932,-0.10417016,-0.47131452,0.94083023,-0.39075398,-0.21618572,0.5514856,0.33537126,0.45512152,-0.45512152,0.86835575,0.58385605,1.1355603,0.0050922935,-0.54348147,-0.5505927,0.0151383355,-0.27369282,0.5054493,0.51715356,-0.46602187,1.5255079,0.95105654,0.309017,-2.4492937e-16,1.0,1.2246469e-16,-1.0,0.0,1.0,0.0,0.0,0.0
2025-12-09 20:00:00,3.0,-0.86810255,-1.5448408,-0.8970024,-0.95633495,-0.4065496,0.25064945,0.35456765,-0.13420711,-0.61073625,-0.4888351,-0.8137727,-0.35016778,-0.3369919,-0.2066711,-0.6897277,-1.0334818,0.1903188,-0.67218596,0.50269663,-0.8618295,-0.555636,0.16601166,-0.4469271,1.0872045,-1.0872045,0.8279841,-0.2883803,0.49731472,-0.3185666,-0.43425873,-0.6353064,0.09306582,-0.6495551,-0.34699878,-0.32746312,-1.0393474,1.6222409,0.95105654,0.309017,-2.4492937e-16,1.0,-0.8660254,-0.5,0.0,0.0,1.0,0.0,0.0
2025-12-10 12:00:00,3.0,0.599712,1.5556432,-0.97738856,-0.38521183,-0.7601462,-1.2656522,-1.0049863,-0.12352599,-1.1624587,-0.9653387,-1.2093263,-0.9774394,-0.06581654,0.05404235,-0.65316933,0.35644764,0.2679342,-0.3800109,0.8429136,-0.4627928,-0.2918939,0.38514417,-1.2131383,0.7324136,-0.7324136,-0.8955902,0.18486175,0.21746452,0.020207534,-1.6594601,-0.53537035,0.0626591,-0.3972621,0.5054493,0.034169465,-0.6832743,1.3299438,0.95105654,0.309017,-2.4492937e-16,1.0,-0.8660254,0.5,0.0,0.0,1.0,0.0,0.0
2025-12-10 16:00:00,3.0,0.6762394,0.9020482,0.3827242,-0.2662884,-0.15709117,-0.49103558,0.456497,0.15812697,-1.0889921,-1.0076269,-1.2697362,-0.8181775,0.23751268,0.3504666,-0.44900554,0.33211157,0.2945836,-0.08161869,1.2362186,-0.024577351,0.03879575,0.6659017,0.023915742,0.3270419,-0.3270419,-0.9636445,0.8317997,0.43816876,0.29166058,-1.4800522,-0.078573644,0.03590234,-0.058483645,0.9082689,0.25593945,-0.26434067,1.3432659,0.58778524,-0.809017,-2.4492937e-16,1.0,1.2246469e-16,-1.0,0.0,1.0,0.0,0.0,0.0
2025-12-10 20:00:00,3.0,-0.6878619,-0.9674673,0.4635257,-0.8692552,-0.18819168,0.6538812,0.51528287,-0.13627729,-0.9938881,-0.9889637,-1.2378992,-0.6775434,-0.092903376,0.029128453,-0.43972287,0.021962648,-0.6845887,-0.16601269,0.7801962,-0.4617176,-0.27692446,0.30805403,0.055981793,0.8470241,-0.8470241,-0.74461955,-0.43555593,0.06992745,-0.056370728,-0.8514653,-0.19662187,-0.23044628,-0.3753652,-0.37511876,0.30556926,-0.8037329,-0.18421037,0.58778524,-0.809017,-2.4492937e-16,1.0,-0.8660254,-0.5,0.0,0.0,1.0,0.0,0.0
2025-12-11 12:00:00,1.0,-0.13469252,-0.45158082,0.51583046,0.12421891,-0.70392257,-0.9657665,-0.9894521,-0.06684842,-1.3784958,-1.3243458,-1.5004944,-1.1633265,-0.1805019,-0.057797294,-0.46312335,-0.17649065,-0.5811956,-0.31564867,0.060112543,-0.5149267,-0.34535232,0.17889655,-1.158014,0.9775576,-0.9775576,-0.78222275,-0.94285834,-0.48406368,-0.05169597,-1.2568353,-0.44590095,-0.37398136,-0.45128277,-0.7807473,-0.14359333,-0.94073224,-0.115911245,0.58778524,-0.809017,-2.4492937e-16,1.0,-0.8660254,0.5,0.0,0.0,1.0,0.0,0.0
2025-12-11 16:00:00,1.0,3.0,1.5145081,-1.125993,-0.08592187,2.6517262,2.3706794,3.0,3.0,3.0,1.869998,0.7857826,3.0,2.0604744,2.519355,0.58394724,2.914702,1.3641886,1.4253417,2.5993898,2.6560426,1.9443579,2.3729508,1.9046615,-1.6917267,1.6917267,1.8203232,1.0955437,3.0,1.2840391,2.9153087,2.3438575,0.20096861,1.7775561,0.54268336,2.3025546,1.8119662,-3.0,-0.58778524,-0.809017,-2.4492937e-16,1.0,1.2246469e-16,-1.0,0.0,1.0,0.0,0.0,0.0
2025-12-11 20:00:00,1.0,1.9578425,1.86775,-0.87083876,-1.1220543,1.0435876,2.5696142,0.21002539,-0.14428599,2.9681509,2.227027,1.183788,3.0,2.3974426,2.9808476,1.3613038,3.0,2.6782503,2.112439,3.0,2.4854453,2.3986576,2.755154,1.6615695,-1.6994039,1.6994039,1.5928249,2.4853537,3.0,1.7905037,3.0,2.8034523,0.21208149,2.0861871,1.0193437,3.0,1.7945867,-2.5237834,-0.58778524,-0.809017,-2.4492937e-16,1.0,-0.8660254,-0.5,0.0,0.0,1.0,0.0,0.0
2025-12-12 12:00:00,4.0,0.029063271,0.30053306,2.7774403,-1.0405272,-0.60078585,0.5844462,-0.8865444,-0.14444743,1.6229566,1.4453781,0.71962976,1.8281,2.2874236,2.7763722,1.9188467,2.947024,2.3814166,1.9741901,2.7871363,1.9510638,2.359205,2.6838582,-0.76529026,-1.5304495,1.5304495,1.6029252,2.3789577,3.0,2.0272174,2.777991,2.3570726,0.20751907,2.0209951,1.5296416,2.9057462,1.6212877,-2.394857,-0.58778524,-0.809017,-2.4492937e-16,1.0,-0.8660254,0.5,0.0,0.0,1.0,0.0,0.0
2025-12-12 16:00:00,4.0,0.45858738,-0.33972293,0.8019796,0.13994507,0.107401244,0.8987123,-0.05298176,1.9530271,1.3796836,1.3736022,0.7605813,1.4715034,2.253918,2.704839,2.1070344,3.0,2.4038138,1.9492971,2.9933727,1.7082633,2.3052623,2.5921354,0.7878861,-1.377273,1.377273,1.259645,2.1955714,3.0,2.1059191,2.604844,1.8963397,0.21780075,1.9519598,1.8948182,0.5526338,1.4628756,-2.3112671,-0.95105654,0.309017,-2.4492937e-16,1.0,1.2246469e-16,-1.0,0.0,1.0,0.0,0.0,0.0
2025-12-12 20:00:00,4.0,0.011485576,0.32562634,1.3185854,0.13299626,-0.47119236,0.19984753,-0.61262465,-0.23544718,0.6259689,0.8514192,0.42723903,0.6679478,2.1408813,2.530299,2.1939843,2.9121459,2.2286797,2.0069032,2.9077938,1.4464214,2.208341,2.489494,-0.36349007,-1.3544049,1.3544049,1.1670705,1.8907253,2.9291573,2.2352364,2.4206724,1.4678178,0.2222379,1.8698866,2.205796,0.037607398,1.4350897,-2.224039,-0.95105654,0.309017,-2.4492937e-16,1.0,-0.8660254,-0.5,0.0,0.0,1.0,0.0,0.0
2025-12-15 12:00:00,4.0,0.1409646,0.8764432,-0.68508244,0.73794276,-0.6763985,-0.84968793,-1.0034746,-0.17743188,-0.18798915,0.19214258,-0.064680435,-0.17732458,2.0633693,2.4127135,2.2077773,1.0065296,2.348076,2.3353105,2.8869212,1.2764264,2.1850495,2.4895446,-1.1981621,-1.3771633,1.3771633,-0.97472274,1.5601039,2.669431,2.4902658,-0.96566385,1.2017756,0.24477577,1.9057552,2.0939465,0.056989886,1.4525664,-2.1628988,-0.95105654,0.309017,-2.4492937e-16,1.0,-0.8660254,0.5,0.0,0.0,1.0,0.0,0.0
2025-12-15 16:00:00,4.0,-0.44763753,-0.36908337,-0.7169893,1.5286863,0.471695,0.11852871,1.2747496,-0.2524471,0.21304633,0.4732311,0.21393807,0.22598484,1.7586141,2.1046238,1.79063,0.07506488,2.0128531,2.066117,2.5733745,1.0423564,1.7287636,2.0880616,1.1231729,-1.1925348,1.1925348,-1.8679173,1.0481977,2.4299715,2.0603662,-1.0730984,0.94127923,0.23769017,1.4345943,-0.46767494,-0.38056183,1.264001,-2.1126485,0.0,1.0,-2.4492937e-16,1.0,1.2246469e-16,-1.0,0.0,1.0,0.0,0.0,0.0
2025-12-15 20:00:00,4.0,-0.4739683,-0.49319142,0.09172799,0.5509026,0.23147,0.5023025,0.02605545,-0.17526944,0.33679238,0.5681358,0.35221344,0.31632468,1.4883271,1.8395544,1.378241,-0.1178117,1.698206,1.7854909,2.7288926,0.8495199,1.3863599,1.8034847,0.9106265,-1.0220816,1.0220816,-1.694209,0.60290825,2.2106142,1.7976582,-0.64299554,0.78317386,0.23416768,1.1022081,-0.9541635,-0.71694225,1.0915551,-1.9095275,0.0,1.0,-2.4492937e-16,1.0,-0.8660254,-0.5,0.0,0.0,1.0,0.0,0.0
2025-12-16 12:00:00,4.0,0.328316,1.4748244,-0.22502793,-1.0834917,-0.63954777,-0.6869327,-0.9632051,-0.17120504,-0.3514059,-0.0147455,-0.10988664,-0.38460222,1.5334066,1.8624518,1.1985126,-0.17671582,1.8751234,1.3291847,2.856135,0.8301438,1.5114588,1.9258624,-0.87476796,-1.1366975,1.1366975,-1.6593232,0.6395799,2.1104069,2.1457014,-0.96694803,0.7161878,0.8521012,1.2613034,0.35922936,-0.6474613,1.203802,-2.0448766,0.0,1.0,-2.4492937e-16,1.0,-0.8660254,0.5,0.0,0.0,1.0,0.0,0.0
2025-12-16 16:00:00,3.0,-0.34317827,0.15537319,0.48746163,1.0442919,0.11908969,-0.29159337,0.18385257,-0.98466915,-0.25688037,0.0023579826,-0.07502335,-0.26915655,1.3483354,1.68178,0.85056263,-0.31936526,1.7750297,1.3197107,2.5145342,0.68747276,1.263822,1.7152717,0.6040575,-1.0176771,1.0176771,-1.5751418,0.35004264,1.9570754,1.9608344,-0.6775313,0.5861382,2.0097733,1.0044436,-0.5613676,-0.55295783,1.0835935,-1.7980077,0.95105654,0.309017,-2.4492937e-16,1.0,1.2246469e-16,-1.0,0.0,1.0,0.0,0.0,0.0
2025-12-16 20:00:00,3.0,-0.54545087,-0.74852,-0.33828855,0.44670746,-0.0438874,0.8619868,0.8371455,-0.20165107,-0.28793618,-0.061256304,-0.09907438,-0.30067894,1.0672684,1.4379967,0.4675291,-0.5986238,0.3079596,1.1942036,2.336392,0.5212539,0.973671,1.4855877,0.45254406,-0.82733047,0.82733047,-1.5356507,-0.10810834,1.761747,1.7758198,-0.3268175,0.4640306,2.3751242,0.6994177,-1.0150279,-0.61060405,0.89720696,-1.8368891,0.95105654,0.309017,-2.4492937e-16,1.0,-0.8660254,-0.5,0.0,0.0,1.0,0.0,0.0
2025-12-17 12:00:00,3.0,-0.06859516,0.24411578,1.4352515,-0.052894812,-0.9055214,-0.91544104,-1.1480294,-0.12559263,-1.0189236,-0.7129393,-0.64054495,-1.0857215,1.0495719,1.4013155,0.1924374,-0.4514001,-0.24035616,1.6410714,2.4183047,0.4484973,0.9302739,1.538932,-1.508392,-0.816077,0.816077,-1.4331198,-0.076081775,1.5938176,2.0909388,-0.9363642,0.39192516,2.4454598,0.653693,0.35922936,-0.73753744,0.884088,-2.0297043,0.95105654,0.309017,-2.4492937e-16,1.0,-0.8660254,0.5,0.0,0.0,1.0,0.0,0.0
2025-12-17 16:00:00,3.0,-0.027483447,-0.123425506,1.6850094,-0.07767389,0.1750831,-0.5398983,0.24810891,0.25744537,-0.78535116,-0.63592374,-0.6111251,-0.75559163,1.0495808,1.38087,-0.10254559,-0.27050638,-0.26184204,1.4867454,2.3455176,0.3871494,0.78835684,1.4642876,0.64793485,-0.82275176,0.82275176,-1.4359725,0.020926608,1.5630374,2.0085785,-0.91670716,0.36825016,2.0936134,0.506991,0.8003681,-0.49719903,0.8804452,-1.8142306,0.58778524,-0.809017,-2.4492937e-16,1.0,1.2246469e-16,-1.0,0.0,1.0,0.0,0.0,0.0
2025-12-17 20:00:00,3.0,-0.23677516,-0.1736874,0.2711533,1.1102797,-0.17554042,0.23451035,0.6186087,-0.1910587,-0.8289604,-0.7431934,-0.72298664,-0.76338387,0.98249036,1.3165551,-0.37329018,-0.5088603,-0.4691242,1.4319317,2.637465,0.28937218,0.6054061,1.3947839,-0.03867305,-0.62211543,0.62211543,-1.5759307,-0.42894208,1.4662527,1.9904363,-0.6551408,0.24958697,1.9992006,0.37187427,-0.67212963,-0.21628624,0.8273878,-1.6525401,0.58778524,-0.809017,-2.4492937e-16,1.0,-0.8660254,-0.5,0.0,0.0,1.0,0.0,0.0
2025-12-18 12:00:00,3.0,-0.43317887,-1.326164,-0.33805865,-0.6835095,-0.81076556,-0.73938924,-0.87515086,-0.19143794,-1.3302565,-1.2221804,-1.1468105,-1.3217587,0.77842623,1.1674154,-0.69056094,-0.5507742,-0.610001,1.2828993,2.4165432,0.14694425,0.3676951,1.3409349,-1.316036,0.4050712,-0.4050712,-1.5117614,-0.69796705,1.2542032,2.1401422,-1.0070872,0.1616115,2.0743508,0.14249416,-1.1277281,-0.50822806,0.69980776,-1.5523162,0.58778524,-0.809017,-2.4492937e-16,1.0,-0.8660254,0.5,0.0,0.0,1.0,0.0,0.0
2025-12-18 16:00:00,3.0,0.7550561,1.29303,-0.370232,-0.6669832,-0.03937649,-0.15870374,0.3781314,0.4255701,-1.0729364,-1.140985,-1.1735344,-0.91734713,1.1122853,1.4083741,-0.73661685,-0.0046374314,-0.45663014,1.612894,2.4170604,0.28473485,0.59430903,1.590954,0.3363554,0.23294064,-0.23294064,-1.1020839,-0.47846383,1.4399081,2.3358276,-0.8658281,0.24877171,1.8970858,0.43998703,0.34239507,-0.07537788,1.0029293,-1.2083834,-0.58778524,-0.809017,-2.4492937e-16,1.0,1.2246469e-16,-1.0,0.0,1.0,0.0,0.0,0.0
2025-12-18 20:00:00,3.0,-0.302626,-0.29771835,-1.382022,2.3396034,-0.14021762,-0.2924386,-0.34838223,-0.1837586,-1.0142957,-1.1583152,-1.2313056,-0.8044745,0.99735975,1.3174832,-0.8494723,-0.103322856,-0.42025983,1.4422413,2.276936,0.16747741,0.31077403,1.4694909,0.050426427,0.46806768,-0.46806768,-1.0427347,-0.901693,1.3492033,2.2193148,-0.4531303,0.15247855,1.8063673,0.23559125,-0.6358766,-0.13830039,0.9224195,-1.1125826,-0.58778524,-0.809017,-2.4492937e-16,1.0,-0.8660254,-0.5,0.0,0.0,1.0,0.0,0.0
2025-12-19 12:00:00,3.0,-0.34038967,-0.56395674,0.47038668,0.10860906,-0.53380847,-0.96472645,-0.80941784,-0.20730588,-1.2455891,-1.399919,-1.4769504,-1.0591843,0.8194757,1.1909271,-1.020562,-0.23661737,-0.37775365,1.244523,1.940019,0.026828006,0.020443538,1.3878832,-0.648429,0.46763253,-0.46763253,-0.9829352,-1.1625803,1.2016999,2.2483284,-0.7132864,0.15340716,1.8355631,-0.007072645,-1.0903238,-0.054300323,0.82209903,-1.0625186,-0.58778524,-0.809017,-2.4492937e-16,1.0,-0.8660254,0.5,0.0,0.0,1.0,0.0,0.0
2025-12-19 16:00:00,3.0,0.2808308,0.81973225,1.4077009,-1.1705656,-0.011193961,1.0664481,2.4279315,-0.13966003,-1.0505834,-1.3095716,-1.4688219,-0.7565979,0.98644453,1.2930658,-1.0240773,-0.016165094,-0.40068728,1.4351448,1.8664205,0.11719107,0.011048609,1.4680836,0.52477425,-0.22350281,0.22350281,-0.93210334,-0.6060259,1.2793031,2.2478101,-0.5666452,0.3722697,1.8263711,-0.009680474,0.3733925,-0.28076622,0.95304996,-0.79297423,-0.95105654,0.309017,-2.4492937e-16,1.0,1.2246469e-16,-1.0,0.0,1.0,0.0,0.0,0.0
2025-12-19 20:00:00,3.0,0.12626396,0.6110557,1.1625361,-0.4894738,-0.2335411,-0.014172291,-0.69997203,-0.13838525,-1.0485413,-1.3494579,-1.5580028,-0.7133246,1.082639,1.3458011,-0.98205024,0.22251034,-0.25436318,1.4991015,1.8268205,0.6140077,-0.0858394,1.5320343,-0.11917234,-0.56091386,0.56091386,-1.0098114,-0.19451664,1.2911034,2.2898054,-0.22631773,0.7679886,1.8249744,0.028414171,0.8765981,0.030054368,0.9622011,-0.77745247,-0.95105654,0.309017,-2.4492937e-16,1.0,-0.8660254,-0.5,0.0,0.0,1.0,0.0,0.0
2025-12-22 12:00:00,3.0,0.33059806,1.1851563,0.0855418,-0.7579369,-0.28026026,-0.75956535,-0.77181804,-0.17529921,-1.0997571,-1.4307526,-1.6872892,-0.73509526,1.2514719,1.452443,-0.85385686,0.039662827,0.025388366,0.31688717,1.7087814,1.5367804,0.09517002,1.684654,-0.22476433,-0.9656917,0.9656917,-0.63129175,0.09859381,1.3455733,2.417697,-0.38801804,1.4159244,1.8748573,0.2048739,1.3952782,0.49609998,1.0249571,0.863534,-0.95105654,0.309017,-2.4492937e-16,1.0,-0.8660254,0.5,0.0,0.0,1.0,0.0,0.0
2025-12-22 16:00:00,3.0,1.2457887,1.590807,-1.0595874,-0.7377017,1.3477411,-0.6593528,-0.1900071,0.53851694,-0.53682154,-1.0251759,-1.434515,0.05553063,1.7099408,1.8176552,-0.4336609,0.70098186,0.43760112,0.11081615,2.0136008,2.1953392,0.77699894,1.9944714,1.2062783,-1.2083046,1.2083046,0.83908385,0.41668096,1.6926453,2.4330819,0.047962997,2.3454218,1.6483262,0.9846903,1.8048887,0.8619737,1.1129012,0.9081865,0.0,1.0,-2.4492937e-16,1.0,1.2246469e-16,-1.0,0.0,1.0,0.0,0.0,0.0
2025-12-22 20:00:00,3.0,-0.45026204,-1.1800431,-0.7689695,-0.01557578,-0.9948506,-0.3870582,-0.13997234,-0.11290467,-0.9432697,-1.3322113,-1.7090894,-0.46289724,1.3883795,1.593672,-0.2891008,0.6554471,0.30787387,-0.007269095,1.6181358,1.3637562,0.5902758,1.8901813,-1.0604587,-0.8968442,0.8968442,0.9001681,-0.09240227,1.5249584,2.4600422,-0.009652725,1.7434717,1.7913313,0.78420794,-0.6057354,0.3937022,0.7993442,0.8464933,0.0,1.0,-2.4492937e-16,1.0,-0.8660254,-0.5,0.0,0.0,1.0,0.0,0.0
2025-12-23 12:00:00,3.0,-0.23168395,-0.84943473,-0.018426863,-0.020694958,-1.6401565,-1.0886831,-0.7675341,-0.1816828,-1.5411788,-1.834766,-2.1668267,-1.2604865,1.2649938,1.4889357,-0.25145823,0.439375,0.31108847,-0.19728163,1.4588621,1.0078063,0.5979757,1.9807967,-1.4943177,-0.8022913,0.8022913,1.129168,-0.32028815,1.3808962,2.7395065,-0.5805366,1.1830481,1.9952481,0.8347483,-1.0543871,0.04983707,0.6940176,1.6600264,0.0,1.0,-2.4492937e-16,1.0,-0.8660254,0.5,0.0,0.0,1.0,0.0,0.0
2025-12-23 16:00:00,3.0,0.4518745,0.7878222,1.5538065,-1.1941465,1.6975015,-0.51891613,0.22453688,-0.24052304,-0.7686574,-1.2812481,-1.7707242,-0.13817582,1.4267005,1.6009362,-0.17186971,0.57384336,0.58484304,-0.086423084,1.5719371,1.1351594,0.76089746,1.8359796,1.5262855,-0.55426764,0.55426764,1.0548704,0.1819972,1.5382925,2.3110266,-0.00011636148,1.249414,1.6663938,1.0279857,0.3788911,-0.29542497,0.43007573,1.6193568,0.95105654,0.309017,-2.4492937e-16,1.0,1.2246469e-16,-1.0,0.0,1.0,0.0,0.0,0.0
2025-12-23 20:00:00,3.0,-0.09034387,0.30254924,0.7089222,0.4586534,-0.9656976,-0.45109802,-0.20340107,-0.14462993,-1.1886283,-1.611264,-2.0754552,-0.69895416,1.3967437,1.5576416,-0.12294606,0.39555824,0.32053912,-0.1540488,1.47385,0.9292485,0.8236786,1.9076829,-1.0993899,-0.6097004,0.6097004,1.1075963,0.7932297,1.4667705,2.4936984,-0.2590235,0.8590671,1.3365977,1.1163174,0.85023254,0.07651488,0.46884143,1.5531114,0.95105654,0.309017,-2.4492937e-16,1.0,-0.8660254,-0.5,0.0,0.0,1.0,0.0,0.0
2025-12-24 12:00:00,3.0,-0.38503024,-1.3935325,-0.537977,-0.69834644,-1.1063219,-1.2794273,-0.934923,-0.14856507,-1.558348,-1.9199846,-2.3484488,-1.2360528,1.1308073,1.3789846,-0.21979693,-0.29551914,0.29745367,-0.12778364,1.3968108,0.6342039,0.6891758,1.8755225,-1.3611206,-0.44276196,0.44276196,-0.23115672,0.61233604,1.3160502,2.61683,-0.97130996,0.57166505,0.15550716,1.0229586,-0.59355855,-0.12646015,0.28762248,1.5922492,0.95105654,0.309017,-2.4492937e-16,1.0,-0.8660254,0.5,0.0,0.0,1.0,0.0,0.0
2025-12-24 16:00:00,3.0,0.5544271,1.5428535,-1.2982998,-0.49213645,0.24094193,-0.9688544,0.036155365,-0.08972108,-1.3786193,-1.8244276,-2.315869,-0.91941285,1.3428115,1.5257972,-0.15178816,0.12568726,0.5740596,0.16659667,1.4404832,0.8339085,1.0482858,2.0149438,0.14542075,-0.9698305,0.9698305,0.013815888,0.7834888,1.4729939,2.6191857,-0.6660115,0.57101774,-0.35648993,1.4376009,0.36896884,-0.05402718,0.81938183,1.5093555,0.58778524,-0.809017,-2.4492937e-16,1.0,1.2246469e-16,-1.0,0.0,1.0,0.0,0.0,1.0
2025-12-26 12:00:00,3.0,-0.052679762,0.6997284,1.3591033,-0.9275652,-1.0548992,-1.3117689,-0.89308876,-0.17501177,-1.680148,-2.0813966,-2.5460064,-1.3841999,1.3303906,1.4919153,-0.12242619,0.20078386,0.47050002,0.054916073,1.2068924,0.718434,1.1364332,2.1063526,-1.3157104,-1.0440396,1.0440396,-0.07932235,0.8331103,1.4188346,2.8106086,-0.5491401,0.57475525,-0.17983669,1.6248722,0.85023254,-0.027970241,0.8901745,1.5259389,0.58778524,-0.809017,-2.4492937e-16,1.0,-0.8660254,-0.5,0.0,0.0,1.0,0.0,1.0
2025-12-26 16:00:00,3.0,-0.37598982,-0.19444197,1.9178581,-0.35031042,0.32279754,-0.8825702,0.55221045,-0.53206843,-1.4447166,-1.9270753,-2.4313743,-0.97591364,1.0560546,1.3056415,-0.28643548,-0.14401354,0.3186783,0.053953517,0.95823514,0.5000494,0.79214245,1.7695924,0.20024619,-0.7722443,0.7722443,-0.1159283,0.5541565,1.3017722,2.4710238,-0.9094343,0.4238947,0.11170855,1.289502,-0.5686634,-0.049276885,0.6308246,1.4219979,-0.95105654,0.309017,-2.4492937e-16,1.0,1.2246469e-16,-1.0,0.0,1.0,0.0,0.0,1.0
2025-12-26 20:00:00,3.0,-0.060424883,0.2846676,-0.6414781,1.7796926,-0.25488916,-0.5828445,0.15608072,-0.18416966,-1.4577092,-1.9360555,-2.4363503,-0.99140185,1.059764,1.280981,-0.43161306,-0.13151936,0.19712868,0.1997439,0.9621009,0.44984686,0.74393743,1.7124866,-0.4603673,-0.78236485,0.78236485,-0.037353266,0.6948868,1.2677453,2.4375737,-0.71099156,0.25789312,0.5199877,1.2048874,0.39051765,-0.34496018,0.6870956,1.6478975,-0.95105654,0.309017,-2.4492937e-16,1.0,-0.8660254,-0.5,0.0,0.0,1.0,0.0,1.0
2025-12-29 12:00:00,3.0,-0.11224684,0.61453474,0.93940735,-0.44668555,-1.2964447,-1.1147931,-0.9698634,-0.2029481,-1.77887,-2.1743796,-2.6143305,-1.5704142,1.0424972,1.2445593,-0.6045426,-0.015603649,-0.23169793,0.18921025,0.9913423,0.38379148,0.76598024,1.8309999,-1.3663964,-0.7743784,0.7743784,-0.19076793,0.6644196,1.1942694,2.6950161,-0.78456074,0.26332906,0.67962974,1.3494159,0.84932923,-0.36675987,0.70562804,1.582414,-0.95105654,0.309017,-2.4492937e-16,1.0,-0.8660254,0.5,0.0,0.0,1.0,0.0,1.0
2025-12-29 16:00:00,3.0,-0.38741654,-0.7794725,0.36160934,-0.20117618,0.834632,-0.4101935,1.523426,0.18596715,-1.3606069,-1.8605275,-2.3456342,-0.804106,0.73838216,1.0590693,-0.8449762,-0.41318387,-0.21015981,0.09140616,0.8339303,0.19908662,0.32731253,1.3895053,0.8716884,-0.4963447,0.4963447,-0.9856281,0.3146744,1.1029369,2.1963592,-0.5376487,0.18680334,0.5747992,0.87177634,-0.6031045,-0.42903435,0.52561975,1.724539,0.0,1.0,-2.4492937e-16,1.0,1.2246469e-16,-1.0,0.0,1.0,0.0,0.0,1.0
2025-12-29 20:00:00,3.0,-0.043255363,0.4601542,-0.070243485,0.7990514,-0.51894975,-0.030389229,0.052041303,-0.19265352,-1.4689876,-1.9160042,-2.3651154,-1.0038086,0.7649655,1.0529021,-1.0456132,-0.40840137,-0.15102637,0.14685294,0.9025291,0.1887843,0.307101,1.4042696,-0.8630149,-0.5160784,0.5160784,-0.9567685,0.55121493,1.0821897,2.2629776,-0.3698068,0.08781797,0.82079417,0.805587,0.35933158,-0.4047084,0.56937003,1.6426169,0.0,1.0,-2.4492937e-16,1.0,-0.8660254,-0.5,0.0,0.0,1.0,0.0,1.0
2025-12-30 12:00:00,3.0,-0.15018606,-0.17786305,1.7729323,-0.25042123,-0.9922305,-0.83013237,-0.9909902,-0.14795575,-1.6752709,-2.0499842,-2.4434044,-1.4234505,0.7257929,1.0091354,-1.272586,-0.31380302,-0.3378926,0.22935918,0.827402,0.13401946,0.20697124,1.4490696,-1.2293241,-0.2835719,0.2835719,-1.0631866,0.33814535,1.002808,2.4356308,-0.8166861,0.10874213,0.9590841,0.7777352,-0.6031045,-0.44609073,0.56109154,1.5526819,0.0,1.0,-2.4492937e-16,1.0,-0.8660254,0.5,0.0,0.0,1.0,0.0,1.0
2025-12-30 16:00:00,3.0,-0.35757527,-0.0066755395,0.3166998,1.403617,0.42015004,-0.18079297,0.95041925,-0.71310705,-1.4214132,-1.8555592,-2.266306,-0.90384644,0.4391395,0.84453356,-1.4332913,-0.43689486,-0.41868496,-0.08488178,0.77460206,-0.049678743,-0.14695032,1.0928568,0.11819616,0.6566361,-0.6566361,-0.9433743,-0.0418276,0.917148,2.0883741,-0.5361073,-0.102868475,0.79945,0.34683734,-1.0764583,-0.43028712,0.3939387,1.3751786,0.95105654,0.309017,-2.4492937e-16,1.0,1.2246469e-16,-1.0,0.0,1.0,0.0,0.0,1.0
2025-12-30 20:00:00,3.0,-0.10383891,0.12188242,-0.19174296,1.6017741,-0.5989997,0.44831973,0.33286494,-0.14771163,-1.523795,-1.9059038,-2.2784698,-1.1259423,0.44598654,0.8289422,-1.6034776,-0.4331001,-0.3299348,-0.026682576,0.8527792,-0.082149416,-0.21625954,1.077627,-0.96837616,0.59293866,-0.59293866,-0.9114084,0.39273933,1.0996879,2.1704416,-0.29816493,-0.12187097,0.8860023,0.23222329,0.35933158,-0.46503597,0.34339324,1.3193675,0.95105654,0.309017,-2.4492937e-16,1.0,-0.8660254,-0.5,0.0,0.0,1.0,0.0,1.0
2025-12-31 12:00:00,3.0,-0.32593313,-1.0059154,0.7824191,-1.0123687,-0.5957542,-0.35516974,-0.83733183,-0.17066374,-1.5925465,-1.9370539,-2.2739828,-1.2934527,0.20428091,0.6928406,-1.7946467,-0.4082655,-0.60009897,-0.0187299,0.8830678,-0.28032374,-0.5126824,0.9474452,-0.9538564,0.9592219,-0.9592219,-0.9936665,0.08018561,0.97126323,2.1890454,-0.81922466,-0.17960654,0.9810639,-0.0421324,-0.6491753,-0.77591264,0.13449124,1.2644873,0.95105654,0.309017,-2.4492937e-16,1.0,-0.8660254,0.5,0.0,0.0,1.0,0.0,1.0
2025-12-31 16:00:00,3.0,-0.5135254,-0.73309153,0.88144714,-0.5125269,1.2044522,-0.3138392,-0.2447479,-0.16109817,-1.1429477,-1.608377,-2.0062728,-0.30256072,-0.24736078,0.44593057,-1.7769002,-0.6047289,-0.73807824,-0.23975916,0.85141546,-0.71913177,-0.94278574,0.45498955,1.1242496,1.7577496,-1.7577496,-0.8957333,-0.548247,0.8601711,1.6238974,-0.109882176,-0.47783747,0.65024114,-0.7601634,-1.1992949,-1.0230824,-0.29398042,1.5724727,0.58778524,-0.809017,-2.4492937e-16,1.0,1.2246469e-16,-1.0,0.0,1.0,0.0,0.0,1.0
2025-12-31 20:00:00,3.0,-0.61818886,-1.5022464,-0.64920425,-0.7654472,0.19652542,0.40401998,0.15660022,-0.11884179,-1.0837351,-1.5257959,-1.9169518,-0.21011771,-0.7603988,0.13873029,-1.9774214,-0.79967475,-0.81082904,-0.44504493,0.68736225,-1.4611272,-1.3936974,0.11067791,-0.106594786,1.9311808,-1.9311808,-0.7702365,-1.5228152,0.6553811,1.4343615,0.3583547,-1.3152856,0.34229225,-1.3626741,-1.641234,-1.7449875,-0.92642087,1.5658998,0.58778524,-0.809017,-2.4492937e-16,1.0,-0.8660254,-0.5,0.0,0.0,1.0,0.0,1.0
2026-01-02 12:00:00,3.0,-0.37457272,-1.3015143,-0.26359448,-0.7359317,-0.56276995,-0.75588906,-0.85372865,-0.17527474,-1.249239,-1.602055,-1.9463533,-0.6055948,-0.9915875,-0.021552075,-2.2195795,-0.8070798,-0.9056854,-0.64015007,0.66802,-1.944822,-1.6460314,-0.040427785,-1.0105253,1.9080504,-1.9080504,-0.75341815,-1.9636427,0.48471567,1.5089848,-0.14972717,-1.9207124,0.31151533,-1.6775812,-2.047699,-1.6800364,-1.737246,1.5870926,0.58778524,-0.809017,-2.4492937e-16,1.0,-0.8660254,0.5,0.0,0.0,1.0,0.0,1.0
2026-01-02 16:00:00,3.0,-1.1977818,-0.6352537,-1.4103554,1.8065218,3.0,2.8532221,3.0,-0.99261385,0.22237858,-0.56483644,-1.1803712,2.0449893,-1.7840413,-0.63065857,-1.8002801,-1.2584065,-1.2304258,-1.3071529,0.5307458,-2.3583367,-1.8831916,-0.8542174,1.8018239,0.84871036,-0.84871036,0.21878727,-2.964756,0.4446432,0.34264222,2.2484953,-2.8555732,-1.133788,-1.8517717,-2.4048393,-2.1051571,-1.1257373,0.81458783,-0.95105654,0.309017,0.5,0.8660254,1.2246469e-16,-1.0,0.0,1.0,0.0,0.0,0.0
2026-01-02 20:00:00,3.0,-0.5661807,-0.85497195,-0.8277279,0.7369141,0.7507367,2.0894587,-0.3952497,-0.10396796,0.22791739,-0.44018486,-1.0448614,1.8133457,-1.9855466,-0.87398183,-1.9101335,-1.3424593,-1.2780602,-1.3197987,0.38174346,-2.0757303,-1.9751103,-1.0907636,1.0658964,1.136754,-1.136754,0.0039021848,-2.971051,0.3234653,0.18781419,2.6562974,-2.1425555,-1.0992763,-1.8885542,-2.2554574,-1.7137427,-1.4130017,0.5546884,-0.95105654,0.309017,0.5,0.8660254,-0.8660254,-0.5,0.0,0.0,1.0,0.0,0.0
2026-01-05 12:00:00,4.0,-0.21076858,-0.41839984,-0.69069624,1.47671,-0.44176146,-0.25096095,-1.036235,-0.17420068,-0.23841482,-0.6618152,-1.1581298,0.9617951,-1.9686769,-0.9364887,-2.061869,-1.2054559,-1.3150198,-1.2975262,0.28424373,-1.7362458,-1.9980488,-1.1874563,-0.74544203,1.1738997,-1.1738997,0.23737547,-2.5069492,0.18341325,0.2905046,1.3947599,-1.7470813,-1.0941628,-1.9276272,-2.1293056,-1.4392242,-1.4483323,0.5469509,-0.95105654,0.309017,0.5,0.8660254,-0.8660254,0.5,0.0,0.0,1.0,0.0,0.0
2026-01-05 16:00:00,3.0,2.9547656,1.8083541,-1.1896765,-1.0732638,3.0,2.5879323,3.0,-1.9211107,1.9799751,0.93703765,-0.04527911,3.0,0.11508978,0.39606625,-0.7315353,0.34876338,-0.314595,-0.5688522,0.95783764,0.26611304,-0.19299378,-0.3909286,1.8493313,-1.007321,1.007321,2.1937482,-1.315266,1.2610134,-0.043117467,3.0,-0.47069672,-0.921981,-0.11982553,0.43724072,2.3706827,0.7879745,1.2801296,0.0,1.0,0.5,0.8660254,1.2246469e-16,-1.0,0.0,1.0,0.0,0.0,0.0
2026-01-05 20:00:00,3.0,-0.22216517,-0.16613697,2.2629092,-0.60048056,0.13554445,1.7214057,-0.4383255,-0.072587505,1.4153614,0.77467024,-0.06391505,2.4094534,0.0571716,0.3467074,-0.38267553,0.407829,-0.2831667,-0.61115164,1.223948,0.19087285,-0.23537771,-0.46791768,0.7404501,-0.7490006,0.7490006,2.0682623,-1.856495,1.1511836,-0.011307783,3.0,0.3673511,-0.8757052,-0.19007313,-0.4320982,2.4898927,0.56183565,1.2640281,0.0,1.0,0.5,0.8660254,-0.8660254,-0.5,0.0,0.0,1.0,0.0,0.0
2026-01-06 12:00:00,3.0,-0.67094433,-1.7733502,-1.0735214,-0.8826232,-0.2248421,0.2684695,-0.8216915,-0.0722561,0.7818003,0.48030433,-0.18572515,1.5073453,-0.3299521,0.027325662,-0.2501362,0.6096037,-0.47553453,-0.70059365,1.0608793,-0.17251036,-0.47909838,-0.6636294,-0.21002805,-0.38806358,0.38806358,1.7812538,-1.8432003,0.9875458,0.02469242,1.0321956,-0.01888766,-0.88293874,-0.4506951,-0.83881736,2.0343506,0.17903914,1.231315,0.0,1.0,0.5,0.8660254,-0.8660254,0.5,0.0,0.0,1.0,0.0,0.0
2026-01-06 16:00:00,3.0,0.43119803,1.1687518,-0.15292273,-0.6512241,0.6844828,0.88589543,0.25082007,-0.88458043,0.9357982,0.66544044,0.0019781566,1.5273968,-0.060073517,0.23775245,-0.027217481,1.0301445,-0.23542878,-0.7316236,1.0841162,0.20546643,-0.23359446,-0.5997949,1.4684513,-0.7762269,0.7762269,1.5933638,-1.1956455,1.1227977,-0.0025823773,1.084279,0.08715067,-0.89528686,-0.2139306,0.46109936,-0.20664054,0.59634453,1.193918,0.95105654,0.309017,0.5,0.8660254,1.2246469e-16,-1.0,0.0,1.0,0.0,0.0,0.0
2026-01-06 20:00:00,3.0,0.3875059,0.968862,-0.10381347,-0.2443282,0.324273,1.4081666,0.10606375,-0.18787192,0.82334197,0.6585724,0.05395512,1.2881211,0.17081466,0.42058313,0.19341667,1.2637717,0.047939394,-0.6105467,0.73418003,0.5081241,-0.007388189,-0.5175305,1.2207826,-0.9989038,0.9989038,1.4605905,-0.490325,1.1635932,0.049108177,1.406311,0.42880887,-0.9043736,-0.025075257,0.9080206,0.12597474,0.83424383,1.140284,0.95105654,0.309017,0.5,0.8660254,-0.8660254,-0.5,0.0,0.0,1.0,0.0,0.0
2026-01-07 12:00:00,3.0,-0.07859384,0.20113403,2.457252,-1.1968915,-0.42024985,-0.4130921,-0.9994834,0.010744478,0.2586554,0.3125942,-0.1376161,0.5980211,0.19262494,0.4286813,0.34978324,-0.06920794,0.21446885,-0.5355739,0.8086915,0.48474514,0.056989837,-0.5116768,-0.61981267,-0.9677391,0.9677391,-0.54797095,-0.23636013,1.1115382,0.20961131,-0.5566931,0.58779544,-0.9106418,0.046682358,1.2973864,0.6139002,0.7979752,1.104378,0.95105654,0.309017,0.5,0.8660254,-0.8660254,0.5,0.0,0.0,1.0,0.0,0.0
2026-01-07 16:00:00,3.0,-0.957945,-1.2155472,-0.14563602,-0.59163237,0.40775907,0.30084416,0.59958327,-0.15812616,0.41768196,0.44694775,0.017528389,0.70154166,-0.42921463,-0.09701044,0.25031024,-0.3767827,0.020204557,-0.79404366,0.63962287,-0.022674304,-0.36099002,-0.84736913,1.2430179,-0.45497456,0.45497456,-0.19962455,-0.59006065,0.88081324,0.015547983,-0.37515774,0.19682942,-0.86033654,-0.41021734,-0.4320982,-0.42571038,0.23841013,1.0140556,0.58778524,-0.809017,0.5,0.8660254,1.2246469e-16,-1.0,0.0,1.0,0.0,0.0,0.0
2026-01-07 20:00:00,3.0,0.5005638,1.4130865,-0.93060523,-0.46066174,-0.027683092,1.5826409,0.72566354,-0.051850814,0.24204515,0.33012605,-0.036765378,0.47685534,-0.12721556,0.14582022,0.29616338,0.11402483,0.5541743,-0.64149034,1.220309,0.3313381,-0.055135716,-0.66826445,0.38806894,-0.85141104,0.85141104,-0.21364155,0.21345861,1.0213407,0.14827289,-0.22899656,0.21774165,-0.86638516,-0.13087499,0.4086726,-0.3485494,0.674556,0.8011563,0.58778524,-0.809017,0.5,0.8660254,-0.8660254,-0.5,0.0,0.0,1.0,0.0,0.0
2026-01-08 12:00:00,3.0,-0.58370006,-1.5794873,-1.4448097,-0.06069987,-0.44815364,-0.46773013,-1.0160363,-0.11781936,-0.15754911,0.050907157,-0.19745117,-0.011836626,-0.43657866,-0.13540262,0.23230766,-0.3079236,0.55368906,-0.71082217,1.0055565,0.052586418,-0.2467117,-0.80945295,-0.5668218,-0.58552766,0.58552766,-0.1889746,-0.033338137,0.8744424,0.23676734,-0.58772874,0.13499327,-0.8695952,-0.3386348,-0.452312,-0.71912134,0.38191533,0.8698268,0.58778524,-0.809017,0.5,0.8660254,-0.8660254,0.5,0.0,0.0,1.0,0.0,0.0
2026-01-08 16:00:00,3.0,-0.87638694,-0.3366181,-0.5931818,1.8102639,1.3577642,0.4433081,0.7459247,-0.84332424,0.8582984,0.7648015,0.363076,1.0333097,-0.9374485,-0.62122107,0.012131809,-0.8330629,0.34703565,-0.964081,0.8432901,-0.3772452,-0.6530927,-1.1752185,1.7433718,-0.12821847,0.12821847,-0.22963153,-0.5190199,0.7265524,-0.25260416,-0.09735592,-0.47713804,-0.36275497,-0.7654028,-0.8783985,-0.5285932,-0.13995518,0.8631749,-0.58778524,-0.809017,0.5,0.8660254,1.2246469e-16,-1.0,0.0,1.0,0.0,0.0,0.0
2026-01-08 20:00:00,3.0,-0.6438187,-0.7734775,0.2884778,-0.13356301,0.05361023,0.8962914,0.022500645,-0.1454108,0.7350136,0.73933506,0.4098231,0.8204819,-1.2563279,-0.97759,-0.20085649,-1.0638493,-0.8831907,-1.1246959,0.6660977,-0.6591292,-0.86859286,-1.359139,0.99620235,0.1939972,-0.1939972,-0.26269653,-1.1242282,0.579232,-0.33526173,0.15033671,-0.4741768,-0.3753416,-0.99563146,-1.2689801,-1.217596,-0.5203059,0.8197887,-0.58778524,-0.809017,0.5,0.8660254,-0.8660254,-0.5,0.0,0.0,1.0,0.0,0.0
2026-01-09 12:00:00,3.0,-0.39932212,-1.3050655,-1.1742208,0.24560396,-0.6889204,-0.7858715,-0.9889385,-0.032063488,0.10989491,0.32584664,0.15681739,0.124715246,-1.4297608,-1.215016,-0.41306925,-0.8272478,-0.93064684,-1.1626066,0.7888396,-0.8004467,-0.9958169,-1.4658358,-0.988186,0.43633687,-0.43633687,-0.38372546,-1.2438031,0.4322617,-0.2041047,-0.26027557,-0.7079421,-0.32968348,-1.1485785,-1.6406193,-1.0269448,-0.7574936,0.8134537,-0.58778524,-0.809017,0.5,0.8660254,-0.8660254,0.5,0.0,0.0,1.0,0.0,0.0
2026-01-09 16:00:00,3.0,-0.88586783,-1.0679575,-0.09364094,-0.46172476,0.73664117,-0.14228156,0.5005173,0.6932187,0.7020405,0.7451925,0.51085836,0.698015,-1.8561448,-1.7765819,-0.59565777,-1.3766261,-0.9796814,-1.4107478,0.47220615,-1.1973487,-1.2869874,-1.7346274,1.4934826,0.96410763,-0.96410763,-1.0520703,-1.4894465,0.25798076,-0.54550505,0.12869644,-0.87828404,-0.42657986,-1.4525541,-1.9551783,-0.93891513,-1.3849268,0.47997704,-0.95105654,0.309017,0.5,0.8660254,1.2246469e-16,-1.0,0.0,1.0,0.0,0.0,0.0
2026-01-09 20:00:00,3.0,-0.28408438,-0.31174043,1.1606877,-0.17086338,-0.43896922,-0.27266333,-0.33879846,-0.09854736,0.33350018,0.5086445,0.38012215,0.28323555,-1.9014447,-1.9330071,-0.767481,-1.2404959,-1.2014589,-1.3995073,0.262747,-1.2084825,-1.3319408,-1.7948351,-0.091170885,1.0674776,-1.0674776,-0.92348737,-1.6135079,0.1123306,-0.49797887,0.20242907,-1.0673447,-0.4113827,-1.504053,-1.8626719,-0.6795599,-1.5158702,0.4339943,-0.95105654,0.309017,0.5,0.8660254,-0.8660254,-0.5,0.0,0.0,1.0,0.0,0.0
2026-01-12 12:00:00,4.0,-0.20776208,-0.2305358,-0.16344908,1.4113525,-0.7618409,-0.81927425,-0.64161265,-0.10012876,-0.20453477,0.113439,0.11318064,-0.3078414,-1.9189388,-2.077613,-0.90917206,-0.96604854,-1.3890401,-1.3138342,0.41053376,-1.1938224,-1.3807738,-1.8509867,-1.0471084,2.3222973,-2.3222973,-0.8900643,-1.5802956,-0.118763454,-0.3372577,-0.63713485,-1.1113712,-0.4029727,-1.5716878,-1.7860985,-0.5506747,-1.6338042,0.40493926,-0.95105654,0.309017,0.5,0.8660254,-0.8660254,0.5,0.0,0.0,1.0,0.0,0.0
2026-01-12 16:00:00,1.0,-1.9414116,0.5497149,-1.0175717,1.6704774,1.5111226,2.547823,3.0,-3.0,2.1195498,1.7895173,1.4303019,1.8029437,-2.6832898,-3.0,-0.86776793,-1.4817182,-1.9475248,-1.7332506,-0.25369573,-1.9620875,-1.8169155,-2.2354138,1.5961965,1.2596042,-1.2596042,-0.07602432,-2.0674245,-0.5221421,-1.322664,0.5846087,-2.0868547,-1.2061882,-1.8725052,-1.7265953,-1.0102525,-2.0292335,0.32913867,0.0,1.0,0.5,0.8660254,1.2246469e-16,-1.0,0.0,1.0,0.0,0.0,0.0
2026-01-12 20:00:00,1.0,-0.33379254,-0.41489035,0.7593295,-0.015084576,-0.18472919,0.35372868,-0.8065292,0.21859287,1.7053264,1.6152419,1.3849756,1.3076527,-2.5551043,-3.0,-1.0199482,-1.4445195,-1.6806905,-1.654464,-2.6681352,-1.8082582,-1.8043189,-2.1928327,0.7720747,1.3130023,-1.3130023,-0.046367742,-1.8380768,-0.76186085,-1.3140442,0.8502943,-1.5090542,-1.2348733,-1.8354341,-1.6527399,-0.99061847,-2.047858,0.3107844,0.0,1.0,0.5,0.8660254,-0.8660254,-0.5,0.0,0.0,1.0,0.0,0.0
2026-01-13 12:00:00,4.0,-0.55137986,-1.0223981,0.11659817,-0.70294803,-0.4777502,-0.4051568,-0.66212225,0.10602627,1.1594676,1.3098911,1.2248353,0.7136307,-2.497707,-2.9641938,-1.1614177,-1.3103136,-1.9381913,-1.3955178,-3.0,-1.7716889,-1.9192007,-2.2115626,-0.074897885,1.4384664,-1.4384664,0.013159277,-1.5909125,-1.166176,-1.2716231,0.22307435,-1.5320365,-1.2825412,-1.967163,-1.5863354,-1.1211926,-2.1507645,0.2741044,0.0,1.0,0.5,0.8660254,-0.8660254,0.5,0.0,0.0,1.0,0.0,0.0
2026-01-13 16:00:00,4.0,-3.0,-1.5266186,-1.3681659,-0.33909035,2.5833046,2.9627004,3.0,-3.0,3.0,3.0,3.0,3.0,-3.0,-3.0,-1.2780136,-3.0,-3.0,-2.9186811,-3.0,-2.6729944,-2.7601647,-2.7310212,1.7412366,2.0678675,-2.0678675,1.5546027,-1.8969004,-2.1700776,-2.3267484,2.54866,-2.6300094,-1.2718629,-2.5119953,-1.5299155,-1.6375141,-2.8150392,0.23979992,0.95105654,0.309017,0.5,0.8660254,1.2246469e-16,-1.0,0.0,1.0,0.0,0.0,0.0
2026-01-13 20:00:00,4.0,0.7128359,0.6521528,0.7252419,-0.09816008,0.62753767,1.6472518,-0.47291058,0.20960586,3.0,3.0,3.0,2.4017494,-2.706924,-3.0,-1.4688267,-3.0,-2.833967,-2.520631,-3.0,-1.9553446,-2.3593183,-2.4116926,1.4885132,1.810138,-1.810138,1.654123,-1.0174652,-1.8149879,-2.1860795,3.0,-2.07582,-1.2864543,-1.9766078,0.6804191,-1.0460187,-2.4342556,0.069738746,0.95105654,0.309017,0.5,0.8660254,-0.8660254,-0.5,0.0,0.0,1.0,0.0,0.0
2026-01-14 12:00:00,4.0,-0.09718455,-0.89313173,-0.20099302,-0.16870631,-0.7300062,-0.27322456,-0.87111574,0.24214604,2.3821883,2.7265081,2.7855403,1.3204393,-2.5374608,-3.0,-1.7359314,-2.6615543,-2.6112857,-3.0,-3.0,-1.6265092,-2.3716903,-2.4038274,-0.65574074,1.7736582,-1.7736582,2.163326,-0.9986512,-2.2069986,-2.082429,0.6990503,-1.5931004,-1.2986593,-1.983463,-0.02580677,-0.87801677,-2.3423674,-0.63285923,0.95105654,0.309017,0.5,0.8660254,-0.8660254,0.5,0.0,0.0,1.0,0.0,0.0
2026-01-14 16:00:00,4.0,-0.447469,-1.1779194,-0.53814185,-0.51547223,0.03142662,0.12448608,0.19515632,0.9185631,1.9168019,2.3962684,2.5810778,0.8880627,-2.427607,-2.9285917,-1.8111197,-2.639845,-2.5860033,-2.9972613,-3.0,-1.4419348,-2.336824,-2.3606267,1.0780798,1.8445176,-1.8445176,2.0199268,-1.0410408,-2.4089315,-2.0397441,0.67717737,-1.3243732,-1.5028359,-1.9506927,-0.38520607,0.6178718,-2.3581526,-0.75774634,0.58778524,-0.809017,0.5,0.8660254,1.2246469e-16,-1.0,0.0,1.0,0.0,0.0,0.0
2026-01-14 20:00:00,4.0,1.2300149,1.3182471,-1.3516072,0.6503737,0.49561653,0.2981615,-0.12321193,0.19845235,1.8327127,2.2819624,2.490356,0.8190118,-1.8593795,-2.3419983,-1.5030955,-1.8963761,-2.0210555,-2.4395497,-2.8368864,-1.0911992,-1.8211485,-2.0259743,1.3326418,1.4622008,-1.4622008,2.0523105,-0.61377645,-1.8716196,-1.8652064,0.9918682,-1.0800191,-1.5540293,-1.4387928,0.81304914,1.0196768,-1.9217871,-0.821415,0.58778524,-0.809017,0.5,0.8660254,-0.8660254,-0.5,0.0,0.0,1.0,0.0,0.0
2026-01-15 12:00:00,4.0,0.084686376,0.054952845,1.059346,0.62444913,-0.80423695,-0.61507237,-0.8339282,0.21319659,1.0252856,1.6942773,2.0589495,0.08328456,-1.7760563,-2.2035127,-1.3798028,0.62494296,-1.920662,-2.4235706,-2.5597658,-0.9601048,-1.7937797,-2.0322611,-0.93059844,1.3918061,-1.3918061,-0.62127477,-0.58043176,-2.193635,-1.7647929,-0.8433619,-0.8508849,-1.8320595,-1.4323012,0.0,1.0242367,-1.8339628,-0.89376736,0.58778524,-0.809017,0.5,0.8660254,-0.8660254,0.5,0.0,0.0,1.0,0.0,0.0
2026-01-15 16:00:00,4.0,0.55828404,1.0703694,0.35451543,-0.5483488,-0.26632145,0.032585364,1.0297801,0.25622004,0.72962254,1.410732,1.8302425,-0.17840187,-1.5261096,-1.941892,-1.0174001,0.56222814,-1.7416548,-2.285844,-2.385039,-0.78768975,-1.5386899,-1.8976403,0.4869134,1.2040521,-1.2040521,-0.6479508,-0.26098192,-2.1137207,-1.6379014,-1.0001198,-0.6937658,-1.8044941,-1.1446244,0.8074241,1.432818,-1.6320164,-0.900635,-0.58778524,-0.809017,0.5,0.8660254,1.2246469e-16,-1.0,0.0,1.0,0.0,0.0,0.0
2026-01-15 20:00:00,4.0,-1.0438483,-1.4440022,-1.4312273,-0.1743736,0.08174546,-0.055881124,-0.32638615,0.14164966,0.77358764,1.3816769,1.8187199,-0.1390771,-1.6315867,-2.0294309,-0.77508146,0.15901436,-1.5657337,-2.396919,-2.397256,-0.8527579,-1.669159,-1.9749397,1.1094742,1.4871497,-1.4871497,-0.37598127,-0.3925953,-2.4192865,-1.7097483,-0.7446456,-0.6938,-1.8328266,-1.387161,0.0,0.2406985,-1.860806,-0.8606475,-0.58778524,-0.809017,0.5,0.8660254,-0.8660254,-0.5,0.0,0.0,1.0,0.0,0.0
2026-01-16 12:00:00,4.0,0.26770413,1.0500132,0.053345527,-0.18952379,-0.7801244,-0.75845367,-0.8407734,0.20307942,0.24253544,0.95205027,1.4820827,-0.6511389,-1.5036808,-1.8792228,-0.5798547,0.4581136,-1.4071643,-2.0806224,-2.154595,-0.7313345,-1.5613333,-1.9574791,-0.828027,1.3389677,-1.3389677,-0.45598942,-0.24586585,-2.6165965,-1.6008743,-0.89966834,-0.6181217,-2.3867462,-1.3253025,0.78415775,0.36305454,-1.7224002,-0.89473975,-0.58778524,-0.809017,0.5,0.8660254,-0.8660254,0.5,0.0,0.0,1.0,0.0,0.0
2026-01-16 16:00:00,4.0,0.17706688,0.9262411,-0.50928706,0.6778198,-0.13266043,-0.16794695,1.297775,-0.6510688,0.24011406,0.8573834,1.3832942,-0.60805774,-1.4171559,-1.7701249,-0.21472616,0.016035615,-1.2440807,-2.0892162,-2.0344167,-0.63863784,-1.338381,-1.844745,0.78026193,1.2450469,-1.2450469,-0.71207994,0.029478328,-2.5059183,-1.5359635,-0.96556604,-0.5560554,-2.6621323,-1.0866917,1.171772,0.06728425,-1.625667,-0.76940185,-0.95105654,0.309017,0.5,0.8660254,1.2246469e-16,-1.0,0.0,1.0,0.0,0.0,0.0
2026-01-16 20:00:00,3.0,0.2889221,0.7098655,0.39919093,0.20591258,-0.5953218,-0.29653022,-0.38068306,0.24008958,-0.035402477,0.5891973,1.156393,-0.8616548,-1.2888775,-1.6374168,0.14467077,0.103063695,0.48267367,-1.8925269,-1.9168345,-0.5369657,-1.1517407,-1.7887416,-0.27507323,1.0525043,-1.0525043,-0.7083795,0.30715132,-2.5614555,-1.4367383,-0.872769,-0.4472264,-2.6098988,-0.9644625,1.5502869,0.55354017,-1.505209,-0.85147136,-0.95105654,0.309017,0.5,0.8660254,-0.8660254,-0.5,0.0,0.0,1.0,0.0,0.0
2026-01-20 12:00:00,4.0,0.016103216,-0.40741995,1.2804193,-0.5675741,-0.7078605,-0.6357347,-0.6416054,0.25585735,-0.3546442,0.28563753,0.9043097,-1.1755728,-1.2589636,-1.5843632,0.47163448,-0.12478364,0.29024443,-1.7140868,-1.828146,-0.48280072,-1.0827699,-1.8138858,-0.8459084,1.0497754,-1.0497754,-0.8053093,0.26005474,-2.7778747,-1.3617725,-0.9616228,-0.39040893,-2.6118324,-0.9337677,-0.032984827,0.39023107,-1.453933,-0.9413261,-0.95105654,0.309017,0.5,0.8660254,-0.8660254,0.5,0.0,0.0,1.0,0.0,0.0
2026-01-20 16:00:00,4.0,-0.47574955,1.7541926,-1.1182653,-0.7552956,0.58610064,0.08674992,1.0654438,-3.0,0.40012717,0.7073112,1.1786005,-0.26761693,-1.3158183,-1.6126857,0.693972,0.115843624,0.18254618,-1.6765031,-1.7937846,-0.51556486,-0.9404178,-1.6359066,1.2902415,0.95603865,-0.95603865,-1.1245122,-0.041414138,-2.3088696,-1.4541452,-0.62319523,-0.520169,-2.217722,-0.85440844,-0.42880276,0.11106342,-1.3605995,-1.2008462,0.95105654,0.309017,0.5,0.8660254,1.2246469e-16,-1.0,0.0,1.0,0.0,0.0,0.0
2026-01-20 20:00:00,4.0,-0.34256804,-0.48074457,0.15733126,0.48556995,0.22199112,-0.18483429,-0.45092472,0.25448236,0.57590777,0.8022076,1.2296431,-0.072479635,-1.3443595,-1.6168851,0.77492315,-0.142552,0.20992127,-1.6717517,-1.9070015,-0.53342414,-0.87125194,-1.5750703,1.1033722,0.86002743,-0.86002743,-1.0917469,-0.30282888,-2.2121122,-1.4697948,-0.25376338,-0.44369152,-2.0462816,-0.89207065,-0.79780924,-0.20416741,-1.4268744,-1.3589073,0.95105654,0.309017,0.5,0.8660254,-0.8660254,-0.5,0.0,0.0,1.0,0.0,0.0
2026-01-21 12:00:00,4.0,0.30704296,0.55697566,0.93742317,-0.07074731,-0.5243689,-0.6664175,-0.68719625,0.32144254,0.22779803,0.5513994,1.026419,-0.4245454,-1.2129943,-1.4974035,0.9257586,-0.08799132,-0.047648903,-1.4603072,-1.7739826,-0.4365984,-0.69249874,-1.531457,-0.20991902,0.2573509,-0.2573509,-1.0581783,-0.07856173,-2.2724128,-1.3810756,-0.3953317,-0.40857074,-1.9919338,-0.77217275,0.7675093,0.015723143,-1.2884289,-1.3186147,0.95105654,0.309017,0.5,0.8660254,-0.8660254,0.5,0.0,0.0,1.0,0.0,0.0
2026-01-21 16:00:00,4.0,-0.44005197,-0.8413744,0.7561416,-1.0479699,0.22640672,-0.45281175,0.09284062,0.60341406,0.44251475,0.66579556,1.089956,-0.17650218,-1.2665741,-1.5235054,0.9489363,-0.39770758,-0.19526422,-1.4976869,-1.7500702,-0.5040659,-0.6737438,-1.4845284,1.0180123,0.72528285,-0.72528285,-1.0758628,-0.3542031,-2.1871881,-1.4112054,-0.07339815,-0.41560644,-1.8955477,-0.8409296,-0.026278187,0.026791288,-1.3818421,-1.5799377,0.58778524,-0.809017,0.5,0.8660254,1.2246469e-16,-1.0,0.0,1.0,0.0,0.0,0.0
2026-01-21 20:00:00,4.0,0.6501549,0.7598986,0.23591761,0.2524904,0.16509096,-0.2032383,0.0197129,0.25895712,0.5737243,0.7297088,1.1022253,-0.01108832,-0.98369324,-1.3122212,1.1142886,-0.12858824,-0.16825601,-1.3487775,-1.6576278,-0.33999875,-0.30914444,-1.2840592,0.9475548,0.27288058,-0.27288058,-0.8730311,0.19586296,-1.8562512,-1.3188102,0.3413287,-0.4565399,-1.8147014,-0.5428063,0.7620674,0.7081028,-1.1245176,-1.5574522,0.58778524,-0.809017,0.5,0.8660254,-0.8660254,-0.5,0.0,0.0,1.0,0.0,0.0
2026-01-22 12:00:00,4.0,-0.030279074,-0.34294203,1.8932428,-1.1778498,-0.55301,-0.45159024,-0.5292422,0.2513563,0.23341712,0.49996436,0.9269968,-0.36966315,-0.9838515,-1.2914159,1.2451351,0.062202107,0.11835472,-1.0200487,-1.646245,-0.3377312,-0.26030555,-1.2989544,-0.19809,0.39313617,-0.39313617,-0.9204855,-0.18231215,-2.0131252,-1.2750151,-0.31489685,-0.38875818,-1.7787615,-0.40997592,-0.0066465694,0.45266882,-1.1405932,-1.5517355,0.58778524,-0.809017,0.5,0.8660254,-0.8660254,0.5,0.0,0.0,1.0,0.0,0.0
2026-01-22 16:00:00,4.0,-0.14678176,-0.86380124,0.7239363,-1.2163008,0.06535314,-0.38256222,-0.21481884,1.0130342,0.3236144,0.5346223,0.93158484,-0.24993542,-1.0098945,-1.2912968,1.2739629,0.14620875,0.0012838216,-1.0062928,-1.6757267,-0.4317716,-0.21261609,-1.2497375,0.71693313,0.6159695,-0.6159695,-0.94573957,-0.6114613,-1.9442447,-1.2692226,-0.36442408,-0.44423956,-1.6630338,-0.3832181,-0.3801023,0.5411997,-1.1746771,-1.5499272,-0.58778524,-0.809017,0.5,0.8660254,1.2246469e-16,-1.0,0.0,1.0,0.0,0.0,0.0
2026-01-22 20:00:00,4.0,0.72189605,1.1430484,0.19817065,-0.46702552,-0.13700195,-0.13170616,0.0013582162,0.25714114,0.26930842,0.4719407,0.8562002,-0.27159575,-0.71054447,-1.0843846,1.4471474,0.3230874,0.15374507,-0.7949053,-1.7098529,-0.25240576,0.11811324,-1.0981215,0.51650983,0.12158572,-0.12158572,-0.8277096,0.23956513,-1.7506843,-1.1668473,-0.18862484,-0.42563713,-1.6213073,-0.08883881,0.8893774,0.6087896,-0.6765415,-1.5672817,-0.58778524,-0.809017,0.5,0.8660254,-0.8660254,-0.5,0.0,0.0,1.0,0.0,0.0
2026-01-23 12:00:00,3.0,0.24354471,0.53062093,-1.2089882,2.445471,-1.0274335,-0.91139144,-0.7878624,0.25778636,-0.12498027,0.1878779,0.63765305,-0.6918088,-0.6425602,-1.0234463,1.6525178,0.6247396,0.14061123,0.4538771,-1.5933545,-0.11077054,0.16256215,-1.0983487,-0.64215,-0.17684676,0.17684676,-0.10892882,0.4660421,-1.9091567,-1.0907482,-0.5414842,-0.28504828,-1.5353632,-0.059508003,1.2705207,0.7712021,-0.07777187,-1.1835268,-0.58778524,-0.809017,0.5,0.8660254,-0.8660254,0.5,0.0,0.0,1.0,0.0,0.0
2026-01-23 16:00:00,3.0,0.36232188,0.89624035,-0.023968419,0.21959144,-0.12538594,-0.41871887,0.37384444,-0.04990458,-0.16157839,0.11446683,0.55406404,-0.6875197,-0.5108108,-0.9266372,1.795744,0.4992648,0.24140477,0.38509145,-1.4944744,0.19783114,0.2783806,-1.0082319,0.11842338,-0.7240683,0.7240683,-0.24690075,1.1000531,-1.8212439,-1.0244809,-0.6666529,0.06016198,-1.336172,0.08190165,1.6148623,1.1046913,0.115974225,-0.9741817,-0.95105654,0.309017,0.5,0.8660254,1.2246469e-16,-1.0,0.0,1.0,0.0,0.0,0.0
2026-01-23 20:00:00,3.0,-0.08631458,-0.3549316,-0.6012462,1.4936292,-0.2185739,-0.27927014,-0.23166403,0.22009255,-0.19551837,0.051079765,0.4846676,-0.6820597,-0.560673,-0.94160694,1.8241354,0.48048562,0.36159766,0.3899281,-1.5392773,-0.04097227,0.2097537,-1.0020456,0.08261477,-0.44583735,0.44583735,-0.16814855,0.42801145,-1.8606204,-1.0140085,-0.5400398,-0.09776723,-1.0692149,0.0048707277,0.006794708,0.36307156,-0.07817704,-0.86645323,-0.95105654,0.309017,0.5,0.8660254,-0.8660254,-0.5,0.0,0.0,1.0,0.0,0.0
2026-01-26 12:00:00,3.0,0.12307854,-0.08411945,2.0105147,-0.82439363,-1.1166067,-1.0639223,-0.6469789,0.26966274,-0.4964354,-0.19110705,0.28917795,-1.0071412,-0.5493834,-0.91936713,1.892949,0.6040016,0.5032242,0.50952,-1.4937613,-0.062110867,0.20730087,-1.0242904,-0.96006143,-0.409484,0.409484,-0.28850347,0.014349998,-2.0417318,-0.9550676,-0.78398335,0.11936798,-1.1454936,-0.009941721,-0.3782105,0.2487296,-0.09783638,-1.068821,-0.95105654,0.309017,0.5,0.8660254,-0.8660254,0.5,0.0,0.0,1.0,0.0,0.0
2026-01-26 16:00:00,4.0,0.39091116,-0.6437162,0.014392569,0.15840112,0.66369706,-0.14580847,0.31830472,1.57847,-0.27190408,-0.10204526,0.30867884,-0.658512,-0.38457906,-0.8133932,1.8446633,0.45696822,0.5308328,0.3360164,-1.3851979,0.32073608,0.36840034,-0.86793834,0.6514495,-0.6747358,0.6747358,-0.5328675,0.76790166,-1.7611738,-0.91109955,-0.6608093,0.5518155,-0.8912438,0.1797118,0.8406576,0.301082,0.11260172,-0.7215967,0.0,1.0,0.5,0.8660254,1.2246469e-16,-1.0,0.0,1.0,0.0,0.0,0.0
2026-01-26 20:00:00,4.0,1.2897766,1.1956106,-0.08987529,-0.28341535,2.2495384,1.4518857,0.36379597,0.1805826,0.44215843,0.33077794,0.5531245,0.22955546,0.25958064,-0.420462,1.8445069,0.92174387,1.0567814,0.5939795,-1.2802771,1.8741056,0.86696815,-0.47694904,1.3278865,-1.1117215,1.1117215,0.57164377,1.9215415,-1.0074224,-0.8200298,0.05380534,1.5193594,0.04202482,0.6887575,1.2349854,1.5881274,1.0401404,-0.8712562,0.0,1.0,0.5,0.8660254,-0.8660254,-0.5,0.0,0.0,1.0,0.0,0.0
2026-01-27 12:00:00,4.0,-0.3208263,-1.1980458,-0.5209714,-0.58869886,-0.6851617,-1.1069077,-0.8604377,0.2088003,0.11196914,0.14377214,0.425497,-0.16278318,0.086378716,-0.50330704,1.8867806,0.62102145,0.7701991,0.4121588,-1.3043648,1.4027916,0.7476477,-0.54231256,-0.45775598,-0.5200953,0.5200953,0.9154057,1.5176791,-1.219109,-0.819729,-0.079354174,1.6334484,0.43203387,0.58414793,0.034382775,1.2049387,0.6546081,-1.0119009,0.0,1.0,0.5,0.8660254,-0.8660254,0.5,0.0,0.0,1.0,0.0,0.0
2026-01-27 16:00:00,3.0,-0.9598778,-1.5291437,-1.0145866,-0.8718184,0.46940088,0.3035703,0.5981339,0.2554249,0.22723444,0.23322679,0.4888952,-0.051100355,-0.3060894,-0.7166204,1.5830038,0.22802845,0.49052504,0.43645856,-1.3670145,-0.3052296,0.29020065,-0.675099,0.6466522,0.65995204,-0.65995204,1.6811173,0.6839311,-1.3644466,-0.9300095,0.055802453,0.24448597,0.43879777,0.09318604,-0.37089723,0.19220755,-0.30951598,-1.9003993,0.95105654,0.309017,0.5,0.8660254,1.2246469e-16,-1.0,0.0,1.0,0.0,0.0,0.0
2026-01-27 20:00:00,3.0,0.16887407,0.19891623,2.7032063,-1.2044493,-0.75768495,-0.047197867,-0.38889924,0.23067138,-0.07687011,0.03523625,0.34315908,-0.3898884,-0.28104728,-0.6919818,1.4346056,0.2501265,0.59290826,0.42071164,-1.3266846,-0.22063093,0.3338317,-0.6647812,-0.53735906,0.64211357,-0.64211357,1.6320736,-0.013840804,-1.469674,-0.8837377,0.14093453,0.025141856,0.51335686,0.13517842,-0.756694,-0.94115347,-0.29202172,-1.814664,0.95105654,0.309017,0.5,0.8660254,-0.8660254,-0.5,0.0,0.0,1.0,0.0,0.0
2026-01-28 12:00:00,3.0,0.13830103,-0.102722205,0.09480563,1.1146446,-1.4325807,-1.4627094,-0.7953324,0.22988918,-0.57338595,-0.31756958,0.08843161,-0.9701217,-0.26723242,-0.6745114,1.3625695,0.13949712,0.4152411,0.418308,-1.2875808,-0.18601377,0.35691687,-0.7214182,-1.778169,0.6586765,-0.6586765,1.5292985,-0.19672592,-1.7447534,-0.824497,-0.35742092,-0.38558015,0.5628843,0.15887946,-1.1324207,-0.58288586,-0.30222914,-1.7419953,0.95105654,0.309017,0.5,0.8660254,-0.8660254,0.5,0.0,0.0,1.0,0.0,0.0
2026-01-28 16:00:00,3.0,0.483286,-0.20771898,0.7571546,0.0972144,0.034637745,-0.46881095,0.5025029,1.2349753,-0.46342635,-0.30491403,0.05867559,-0.7591212,-0.02818527,-0.53348064,1.2799871,-0.2206448,0.49292687,0.468295,-1.1784567,0.42809433,0.5960278,-0.56937134,0.19585355,0.5875436,-0.5875436,0.5468949,0.5327785,-1.5496349,-0.7604004,-0.7617058,0.6071088,0.58022255,0.44778877,0.9186135,0.4798301,0.008773053,-1.6358415,0.58778524,-0.809017,0.5,0.8660254,1.2246469e-16,-1.0,0.0,1.0,0.0,0.0,0.0
2026-01-28 20:00:00,3.0,0.2584775,0.53550076,0.47130656,0.75984573,-0.38588473,0.6493085,0.19926484,0.14581198,-0.5012855,-0.37385643,-0.018374164,-0.7514896,0.06767736,-0.4737609,1.2407216,0.04085002,0.46362823,0.531626,-1.1381658,0.68507534,0.7021515,-0.49708515,-0.3330723,0.4490323,-0.4490323,0.53805745,1.8179456,-1.507074,-0.71718544,-0.6447895,0.47208747,0.6346486,0.57696664,1.3128587,0.5682867,0.11786811,-1.5905238,0.58778524,-0.809017,0.5,0.8660254,-0.8660254,-0.5,0.0,0.0,1.0,0.0,0.0
2026-01-29 12:00:00,4.0,0.3726315,1.5857303,-0.77945507,-0.28178692,-1.3076619,-1.2219511,-0.80606675,0.18420994,-0.87390196,-0.67314523,-0.25268525,-1.1776965,0.2575851,-0.3657533,1.3009444,0.64367455,0.6081427,0.7401703,-1.0739831,1.0933495,0.8697114,-0.44211027,-1.7625672,0.16112699,-0.16112699,-0.9066294,2.0900407,-1.668667,-0.6171437,-0.9419139,0.84456706,0.69735473,0.8115353,1.6535108,0.8004735,0.055731334,-2.1660857,0.58778524,-0.809017,0.5,0.8660254,-0.8660254,0.5,0.0,0.0,1.0,0.0,0.0
2026-01-29 16:00:00,4.0,0.5756152,-0.32322475,-0.63137805,1.5384927,2.339712,0.79016125,1.0133339,2.1973898,0.2488574,0.026296401,0.16679081,0.25118655,0.60092646,-0.16978134,1.1452255,0.8245118,0.75062644,0.9630123,-0.96482915,1.7338095,1.0390933,-0.053573146,1.2798,-0.4921318,0.4921318,-0.77759075,2.5951262,-0.86412895,-0.65647316,-0.13069145,1.6428739,0.5535325,1.0404861,1.9471714,0.8864846,0.55377454,-2.8525,-0.58778524,-0.809017,0.5,0.8660254,1.2246469e-16,-1.0,0.0,1.0,0.0,0.0,0.0
2026-01-29 20:00:00,4.0,1.5182773,1.9121535,-0.64993757,-1.3264385,0.62781006,1.8950005,0.1432155,0.22394474,0.4011689,0.14945081,0.21513356,0.4176368,1.4598923,0.3913086,1.3221861,1.4369981,1.110924,1.261176,-0.7687308,2.8888376,1.6618413,0.41407463,0.8007102,-1.8240731,1.8240731,0.19706622,2.8701365,-0.4165319,-0.47003573,0.43172002,3.0,0.5830294,1.7901756,2.2189577,1.8599188,1.8357507,-2.0389895,-0.58778524,-0.809017,0.5,0.8660254,-0.8660254,-0.5,0.0,0.0,1.0,0.0,0.0
2026-01-30 12:00:00,4.0,-0.123916134,-0.55692565,1.4524244,-1.4084208,-0.6257557,-0.65869236,-0.817254,0.1712387,-0.00982016,-0.088462174,0.062091365,-0.06149332,1.3036507,0.3401875,1.4197364,1.1540356,0.6702292,1.3365121,-0.7535014,2.1084993,1.4833745,0.44036227,-0.656499,-1.3280642,1.3280642,0.5386354,2.10736,-0.5671187,-0.44495395,0.15460148,2.5055192,0.6357103,1.6052284,-0.00618094,1.3477517,1.3921732,-1.6431822,-0.58778524,-0.809017,0.5,0.8660254,-0.8660254,0.5,0.0,0.0,1.0,0.0,0.0
2026-01-30 16:00:00,4.0,-2.9076529,-1.7478288,-1.1210123,-1.31522,2.5003946,1.2353119,0.82555586,0.785913,1.6868411,1.1914023,0.9769021,1.3783507,-0.23348019,-0.54376686,0.6874192,-0.36815673,-0.23438713,0.4216038,-1.093791,-1.1793464,-0.028476784,-0.12783124,1.2950729,1.4861529,-1.4861529,1.7823426,1.1896898,-0.5996289,-1.0404896,1.2654411,-0.21856721,0.52906114,-0.26187682,-0.37703735,-1.1005864,-1.4544594,-0.603125,-0.95105654,0.309017,0.5,0.8660254,1.2246469e-16,-1.0,0.0,1.0,0.0,0.0,0.0
2026-01-30 20:00:00,4.0,0.025429085,-0.035699304,2.366062,-1.3542398,0.014849721,0.8084457,-0.3920743,0.15370642,1.3448519,1.1141064,0.9760871,0.9506965,-0.2614735,-0.5516654,0.3578945,-0.51777744,0.07296509,0.43912023,-1.024275,-1.0673773,-0.06984486,-0.07931728,0.35745537,1.5205749,-1.5205749,1.6737223,0.4031416,-0.6292351,-1.055134,1.5906694,-1.1850407,0.5408721,-0.27943823,-0.74789375,-2.1931047,-1.4440746,-0.5764853,-0.95105654,0.309017,0.5,0.8660254,-0.8660254,-0.5,0.0,0.0,1.0,0.0,0.0
2026-02-02 12:00:00,4.0,0.23441842,0.49853507,1.9294523,-1.233557,-0.8049103,-0.53277,-0.6963192,0.14685541,0.52808136,0.62427676,0.68738186,0.15845565,-0.19526336,-0.49397492,0.14406109,-0.6542253,0.101353586,0.53992164,-0.95485884,-0.87721115,-0.08697328,-0.05195098,-1.2786584,1.4386368,-1.4386368,1.5550474,0.7208913,-0.8116507,-1.0391815,0.19045737,-1.2945688,0.56614554,-0.3060921,0.7092579,-1.86045,-1.3402212,-0.4116097,-0.95105654,0.309017,0.5,0.8660254,-0.8660254,0.5,0.0,0.0,1.0,0.0,0.0
2026-02-02 16:00:00,4.0,3.0,2.0776398,-1.1784337,-1.314669,1.2063829,0.45575914,0.22860986,2.0069456,1.7284898,1.5030764,1.2264588,1.2399074,1.3708439,0.72862196,0.5076738,0.32696474,1.2300963,1.2766886,-0.3538774,1.7412417,1.3076538,0.99401593,1.1169817,-1.590772,1.590772,1.6836877,1.294938,0.24008846,-0.55013555,0.7522734,1.3257833,0.56206423,1.4673463,1.0504973,1.9603227,1.6236173,0.20849071,0.0,1.0,0.8660254,0.5,1.2246469e-16,-1.0,0.0,1.0,0.0,0.0,0.0
2026-02-02 20:00:00,4.0,0.64137095,1.171924,-0.57248217,0.10250712,-0.13555238,0.1918995,-0.37825307,0.095665805,1.2135676,1.2408146,1.1021283,0.7608252,1.5176003,0.9126999,0.83238864,0.72127265,1.3028852,1.3837463,-0.19451149,1.8710409,1.485999,1.1880386,0.014645773,-1.7351385,1.7351385,1.6135209,1.6871281,0.3126709,-0.39817563,0.87022007,1.9817156,0.55812484,1.688654,1.3851997,2.16097,1.7604051,0.20502365,0.0,1.0,0.8660254,0.5,-0.8660254,-0.5,0.0,0.0,1.0,0.0,0.0
2026-02-03 12:00:00,4.0,0.08943876,0.2251714,0.93967634,0.54012114,-0.9325562,-1.0733763,-0.75400704,0.10462825,0.34347457,0.6441182,0.7389782,-0.04090546,1.4695355,0.91591233,1.1047531,2.094272,1.2424324,1.3063291,-0.15826648,1.6175988,1.489811,1.2451268,-1.5573282,-1.6679978,1.6679978,0.46727103,1.6839893,0.16690409,-0.27138814,-0.43601313,1.7729434,0.5539187,1.7227211,1.7049735,2.0142932,1.6907176,0.21510474,0.0,1.0,0.8660254,0.5,-0.8660254,0.5,0.0,0.0,1.0,0.0,0.0
2026-02-03 16:00:00,4.0,0.36241215,1.0755624,-0.9149962,0.86193347,0.95258033,0.25995559,0.76997775,-1.3046008,0.8465407,1.011137,1.0138266,0.43985564,1.5628186,1.0319924,1.1238707,2.17518,1.2406799,1.4064854,-0.48398677,1.5470678,1.4495416,1.3490872,1.0245223,-1.6422111,1.6422111,0.4288911,1.8340384,0.36405683,-0.27022505,-0.13051084,1.3068776,0.55292696,1.6595154,1.9924711,0.30082303,1.6630538,0.081085,0.95105654,0.309017,0.8660254,0.5,1.2246469e-16,-1.0,0.0,1.0,0.0,0.0,0.0
2026-02-03 20:00:00,4.0,-1.1962357,-1.4109323,-0.7323816,-0.7645708,0.5811221,0.988039,-0.012886439,0.12621954,1.0976125,1.2659515,1.2799275,0.60876375,0.9459498,0.62949246,0.869226,1.4887271,0.657576,1.0551845,-0.6528011,0.70596606,0.8287731,1.0495524,0.8892969,-0.62111926,0.62111926,0.8201941,1.0683199,0.19225186,-0.520277,0.44912934,0.9731843,0.55292696,0.8701665,-0.20780374,-0.7436808,0.66918874,0.2868427,0.95105654,0.309017,0.8660254,0.5,-0.8660254,-0.5,0.0,0.0,1.0,0.0,0.0
2026-02-04 12:00:00,4.0,-0.39153066,-1.5737783,-0.6929906,-1.2408383,-0.80121684,-1.1124423,-0.85134846,0.09865225,0.44232225,0.80865395,1.0072128,-0.039516263,0.74228823,0.49959046,0.659294,-0.21665683,0.063109174,0.8615339,-0.6437642,0.3764114,0.6053706,0.96910304,-0.9753532,-0.23963314,0.23963314,-0.44416,0.7544592,-0.03557094,-0.5376453,-0.60129,0.4334717,0.55292696,0.5913305,-0.57451624,-1.0260926,0.29813656,0.25812,0.95105654,0.309017,0.8660254,0.5,-0.8660254,0.5,0.0,0.0,1.0,0.0,0.0
2026-02-04 16:00:00,4.0,-0.49115306,0.033643395,0.4057899,1.4414326,0.2922714,-0.112568334,0.40740302,-0.99678,0.5652599,0.89724,1.1138762,0.06989401,0.5135811,0.34285203,0.33960125,-0.7695982,-0.06799013,0.4406032,-0.80034417,0.037909977,0.35359254,0.86186284,0.6658425,0.22361311,-0.22361311,-0.6098831,0.3016854,-0.11259758,-0.6492452,-0.41615415,-0.07879052,0.55292696,0.2770767,-0.9123556,-1.4421204,-0.15240605,0.3047632,0.58778524,-0.809017,0.8660254,0.5,1.2246469e-16,-1.0,0.0,1.0,0.0,0.0,0.0
2026-02-04 20:00:00,4.0,0.9299682,1.1992509,0.17797127,-0.8041371,0.24287727,0.56500125,-0.0075840573,0.13843626,0.603889,0.8963492,1.1089531,0.1405902,0.9081828,0.692009,0.2635556,-0.3820908,1.2027708,0.7617811,-0.71707755,0.52380586,0.7144896,1.1737084,0.66727984,-0.4272736,0.4272736,-0.2913669,0.79652697,0.12524132,-0.47087574,0.048565894,0.3773828,0.55292696,0.73520386,0.5560222,-0.11627907,0.48441172,0.28245693,0.58778524,-0.809017,0.8660254,0.5,-0.8660254,-0.5,0.0,0.0,1.0,0.0,0.0
2026-02-05 12:00:00,4.0,0.28766504,1.0404547,0.5916863,-0.9284768,-1.0814686,-1.1424526,-0.8172193,0.10400411,-0.1493445,0.29849026,0.6730334,-0.6071586,1.0194764,0.81399417,0.26047155,-0.41620576,1.2855078,1.0549762,-0.6792875,0.5926578,0.7910899,1.3055229,-1.5964409,-0.5825917,0.5825917,-0.2960255,0.9203539,-0.033378705,-0.32231504,-0.62562346,0.5277343,0.76015973,0.841703,0.9352072,0.2703359,0.63783395,0.70681155,0.58778524,-0.809017,0.8660254,0.5,-0.8660254,0.5,0.0,0.0,1.0,0.0,0.0
2026-02-05 16:00:00,4.0,0.67133343,-0.36726734,1.6736623,-1.1212215,0.70436615,0.3331034,0.83301735,1.949449,0.67056507,0.8658221,1.0910901,0.2691538,1.2828878,1.0835342,0.29105368,0.49269336,1.4217836,1.1853925,-0.4443141,0.8739747,0.9678904,1.4950632,0.8963951,-0.76398957,0.76398957,-0.5672239,1.2826251,0.39463857,-0.2684726,-0.35483295,1.1705719,0.7338586,1.0668489,1.2623814,0.8947353,0.8157055,0.35175917,-0.58778524,-0.809017,0.8660254,0.5,1.2246469e-16,-1.0,0.0,1.0,0.0,0.0,0.0
2026-02-05 20:00:00,4.0,-0.54814667,-0.92549676,0.05679943,-0.5942605,0.013045181,0.43044382,-0.25058755,0.10942467,0.6319811,0.8711553,1.1520191,0.19112614,0.9665797,0.88303834,0.19857726,0.41702008,0.13355759,1.0060931,-0.64582336,0.42234153,0.64564013,1.3463943,0.2520199,-0.2873788,0.2873788,-0.50826955,0.6908058,0.27213284,-0.40094623,-0.055364013,0.5444607,0.7306266,0.6688149,-0.18247113,0.010660204,0.35248935,0.41250467,-0.58778524,-0.809017,0.8660254,0.5,-0.8660254,-0.5,0.0,0.0,1.0,0.0,0.0
2026-02-06 12:00:00,4.0,-0.0062019266,-0.6949816,0.4830746,-0.510939,-1.146056,-1.6970274,-0.95369583,0.09760802,-0.11935939,0.28943917,0.72543526,-0.5506881,0.9202512,0.88998973,0.118119575,0.6514357,-0.099036485,0.89358675,-0.59567994,0.31354865,0.57348144,1.3424278,-1.4689661,-0.20737532,0.20737532,-0.6405023,0.4975623,0.023448981,-0.31449798,-0.5029784,0.26543105,0.7469475,0.58434254,-0.5401233,-0.16657083,0.2761064,0.4209575,-0.58778524,-0.809017,0.8660254,0.5,-0.8660254,0.5,0.0,0.0,1.0,0.0,0.0
2026-02-06 16:00:00,4.0,-0.051981516,-0.91907257,0.53230715,-1.1784103,0.8537679,-0.29289103,1.5597147,1.668766,0.54073167,0.7604355,1.1103252,0.12529875,0.83480895,0.8628617,0.007959965,0.17248626,-0.15135199,0.8194364,-0.50135225,0.1765246,0.4785604,1.2865336,1.069514,-0.085727885,0.085727885,-0.8187453,-0.062197242,0.2467546,-0.42716178,-0.22759382,0.5167437,0.739203,0.45480937,-0.8942224,-0.5857352,0.15817039,-0.015878728,-0.95105654,0.309017,0.8660254,0.5,1.2246469e-16,-1.0,0.0,1.0,0.0,0.0,0.0
2026-02-06 20:00:00,4.0,0.691849,1.2755017,-1.3352817,0.91418105,-0.4902761,0.290599,-0.038568936,0.05395688,0.24160764,0.512258,0.9028266,-0.13718821,1.1511414,1.1869888,0.04020338,0.37038958,-0.032829944,0.91243833,-0.26445854,0.5206536,0.72209454,1.4754157,-0.18911608,-0.16640152,0.16640152,-0.6907753,0.56051457,0.3749176,-0.17633869,0.061049882,0.17029853,0.7553612,0.77767056,0.5340845,0.19798476,0.6108908,0.08370275,-0.95105654,0.309017,0.8660254,0.5,-0.8660254,-0.5,0.0,0.0,1.0,0.0,0.0
2026-02-09 12:00:00,4.0,0.48590592,1.1757408,0.3541337,-1.0793309,-0.7696899,-1.1415259,-0.77128005,0.032194603,-0.19190755,0.13427824,0.58244234,-0.53571904,1.3318942,1.4035105,0.1259258,0.2803198,0.5564119,0.9056696,-0.08924821,0.72457546,0.88561827,1.6010594,-0.7350786,-0.5381226,0.5381226,-0.7420855,0.7890704,0.3798757,0.11107997,-0.6010128,0.65000486,0.7790568,0.9963736,0.86867857,0.503147,0.90368515,0.4450542,-0.95105654,0.309017,0.8660254,0.5,-0.8660254,0.5,0.0,0.0,1.0,0.0,0.0
2026-02-09 16:00:00,4.0,-1.5091728,-1.2010956,-0.4365905,-0.5113694,1.1880877,-0.29580405,0.233106,-0.367094,0.7049755,0.85006833,1.259922,0.29872435,0.46439254,0.67523175,-0.13841668,-0.20550959,0.1516632,0.15957141,-0.3402161,-0.31420776,0.13654271,1.0362362,1.2031398,1.0301069,-1.0301069,-0.22329356,0.24548525,0.22238836,-0.65908587,-0.1804478,-0.1529995,0.81485087,0.04270916,-0.2634295,-0.43247533,-0.3663104,-0.25477692,0.0,1.0,0.8660254,0.5,1.2246469e-16,-1.0,0.0,1.0,0.0,0.0,0.0
2026-02-09 20:00:00,4.0,-0.1320582,-0.5158426,-1.0240508,1.9139317,-0.60659945,1.4992806,0.50363916,0.062043563,0.29607132,0.5556953,1.0495756,-0.0988439,0.34985015,0.591397,-0.35334688,-0.26911744,0.2755738,0.15293986,-0.3596483,-0.41277248,0.03629086,0.9509406,-0.5014914,1.0391325,-1.0391325,-0.23983838,-0.7889282,0.019004038,-0.74043304,0.04012039,-0.71735734,0.7289052,-0.07227056,-0.67442256,-0.95021856,-0.55098534,-0.1838232,0.0,1.0,0.8660254,0.5,-0.8660254,-0.5,0.0,0.0,1.0,0.0,0.0
2026-02-10 12:00:00,4.0,0.13425474,0.12810515,1.6495123,-0.054793186,-1.1837528,-1.240934,-0.9290356,0.060415052,-0.3772439,-0.008329829,0.5684553,-0.73190904,0.3559044,0.62326074,-0.5155644,-0.17646918,-0.0022066392,0.9017667,-0.32214415,-0.48792526,-0.037083592,0.94161177,-1.3953153,1.0378321,-1.0378321,0.033826455,-0.5615998,-0.30292484,-0.7206531,-0.64045304,-0.60233575,0.75562465,-0.2214656,0.45575574,-1.1644058,-0.5286029,-0.7350668,0.0,1.0,0.8660254,0.5,-0.8660254,0.5,0.0,0.0,1.0,0.0,0.0
2026-02-10 16:00:00,4.0,1.3813181,2.0403843,-1.543135,-1.085498,0.4838791,-0.5401295,0.29068685,-0.4929711,-0.061364297,0.13860807,0.6009641,-0.33046973,1.0619463,1.3020267,-0.31002676,0.1789467,0.39567858,1.2441452,1.0893341,0.32976088,0.5692627,1.3776549,0.6925598,-0.1458809,0.1458809,0.31603342,-0.26334745,0.42267,0.2045051,-0.36390153,-0.1965744,0.5598858,0.5272841,0.82784736,0.72822297,0.4798825,-0.7115281,0.95105654,0.309017,0.8660254,0.5,1.2246469e-16,-1.0,0.0,1.0,0.0,0.0,0.0
2026-02-10 20:00:00,4.0,-0.3652898,-0.97896004,-1.225408,1.162749,-0.56430143,-0.24005158,-0.14330035,0.018349694,-0.27497703,-0.05820316,0.41825992,-0.5353378,0.8024243,1.0706639,-0.28440344,-0.2483626,0.026497599,1.0809207,1.175418,-0.21148264,0.26480344,1.1926849,-0.48792863,0.26239264,-0.26239264,0.26113382,-1.1103922,0.12741445,0.019774955,-0.263292,-0.2514667,0.5567113,0.14937116,-0.4356533,0.55808985,-0.1962152,-0.60586935,0.95105654,0.309017,0.8660254,0.5,-0.8660254,-0.5,0.0,0.0,1.0,0.0,0.0
2026-02-11 12:00:00,1.0,0.048639785,-0.21755727,0.35459724,1.1355335,-1.3324766,-1.231007,-0.8251851,0.024456477,-0.8854489,-0.6154241,-0.14502291,-1.1540018,0.76167667,1.0356518,-0.28732315,0.5441369,0.24039072,0.2680108,1.553203,-0.20580384,0.23600818,1.1568359,-1.9006786,0.29055128,-0.29055128,0.13204437,-1.3890841,-0.32683113,0.5086038,-0.9854408,-0.28238782,0.5499714,0.11011426,-0.9080206,0.5065452,-0.22368844,-1.9004039,0.95105654,0.309017,0.8660254,0.5,-0.8660254,0.5,0.0,0.0,1.0,0.0,0.0
2026-02-11 16:00:00,1.0,0.05462625,0.8212279,0.42435142,-0.47071844,-0.095768884,0.2051924,1.5512859,-1.0102773,-0.7986667,-0.61330456,-0.1834706,-1.0137404,0.7676274,1.0325392,-0.26938105,0.6981251,0.27662268,0.111028165,3.0,-0.14139034,0.28668228,1.1380126,-0.07782159,0.26496625,-0.26496625,0.12028805,-0.5996606,-0.28987163,0.56115943,-0.8484236,-0.27822986,0.3475697,0.19590178,0.3715875,-0.40270707,-0.19757913,-1.8818383,0.58778524,-0.809017,0.8660254,0.5,1.2246469e-16,-1.0,0.0,1.0,0.0,0.0,0.0
2026-02-11 20:00:00,0.0,0.73223466,1.3790287,-1.3039904,0.26731223,-0.50240415,0.6901015,-0.07066217,-0.059359845,-0.94739074,-0.7973464,-0.4058284,-1.1036342,1.0823147,1.2996984,-0.1264687,1.0382053,0.54877526,0.23467621,3.0,0.5994292,0.6630211,1.320703,-0.5263851,-0.24321876,0.24321876,0.13339281,0.40435126,-0.10077908,1.4452405,-0.6533779,0.14960778,0.3411443,0.6725652,0.8152749,0.29518667,0.29921305,-1.7475797,0.58778524,-0.809017,0.8660254,0.5,-0.8660254,-0.5,0.0,0.0,1.0,0.0,0.0
2026-02-12 12:00:00,1.0,-0.32720995,-0.9120733,0.5882271,-0.88079333,-0.890471,-0.26220176,-0.72304314,-0.06303839,-1.2742608,-1.1162844,-0.7206853,-1.4252925,0.89538026,1.1374118,-0.111075416,0.023555862,0.17384434,0.079693444,3.0,0.41333127,0.5394438,1.186281,-1.1223089,-0.34700733,0.34700733,-0.5904198,-0.26065582,-0.55080056,1.3810737,-1.0605317,0.45336702,0.32527277,0.53516746,-0.5435166,0.09242631,0.058423147,-1.5146208,0.58778524,-0.809017,0.8660254,0.5,-0.8660254,0.5,0.0,0.0,1.0,0.0,0.0
2026-02-12 16:00:00,1.0,-0.55545676,-0.36496428,0.9234723,0.14664255,1.1782433,0.9564853,0.31976244,-0.39817962,-0.35865295,-0.5148422,-0.24088971,-0.32277516,0.5939682,0.8922351,-0.27051723,-0.019049697,-0.25199923,0.28498247,2.9625628,-0.25930098,0.24106771,0.9665766,1.0247015,0.1535269,-0.1535269,-0.49883324,-1.3683071,-0.25414345,0.3146692,-0.4452507,0.060883593,0.2965888,0.17180037,-0.9964471,-0.27741912,-0.34560788,-1.5422641,-0.58778524,-0.809017,0.8660254,0.5,1.2246469e-16,-1.0,0.0,1.0,0.0,0.0,0.0
2026-02-12 20:00:00,1.0,-0.5376879,-0.79645354,-0.9021142,1.305427,-0.011543112,1.5437812,-0.03836434,-0.06584219,-0.29568806,-0.46821135,-0.20883301,-0.2502569,0.2946807,0.64747345,-0.52519053,-0.4095972,0.30936652,0.2830357,2.2500968,-0.9115925,-0.07177477,0.77533275,0.0905819,0.6522642,-0.6522642,-0.336955,-2.2085617,-0.4672172,-0.26441717,0.11705921,-0.95784575,0.19830358,-0.20542069,-1.3967,-1.0057378,-0.74334216,-1.3625811,-0.58778524,-0.809017,0.8660254,0.5,-0.8660254,-0.5,0.0,0.0,1.0,0.0,0.0
2026-02-13 12:00:00,4.0,-0.9806185,-1.9078618,-1.5137933,-0.9307791,-0.43674502,-1.0180682,-1.1436396,-0.014581844,-0.5069094,-0.61115825,-0.32217526,-0.48838535,-0.19398576,0.23952365,-0.99947757,-1.0764219,-0.017660428,0.21195091,1.8621172,-1.8458133,-0.70456487,0.44052312,-0.65425646,1.4815613,-1.4815613,-0.10746093,-2.1165936,-1.0752833,-1.2007245,-0.06614352,-1.619448,0.1289467,-1.0164199,-1.7740176,-1.2883495,-1.4400295,-1.2400231,-0.58778524,-0.809017,0.8660254,0.5,-0.8660254,0.5,0.0,0.0,1.0,0.0,0.0
2026-02-13 16:00:00,4.0,-3.0,-1.3275768,-0.587738,-0.69154143,2.9973745,1.4211015,1.9085588,-0.28673175,2.3872433,1.7783697,1.7909771,2.0616767,-1.314815,-0.8859852,-1.8094244,-3.0,-1.7306683,-0.8355634,0.6158129,-2.8612149,-1.9270561,-0.24396606,1.5533085,1.4312222,-1.4312222,0.6998948,-2.2512562,-0.6493995,-3.0,1.876724,-2.8797348,0.2099039,-2.3622777,-2.0851712,-2.0891438,-1.3678222,-1.6411108,-0.95105654,0.309017,0.8660254,0.5,1.2246469e-16,-1.0,0.0,1.0,0.0,0.0,0.0
2026-02-13 20:00:00,4.0,-0.86450857,-0.7122434,0.9720037,-1.0302483,0.8613764,2.0186303,0.019076291,-0.048811384,2.5873175,2.2548409,2.2916896,2.038815,-1.5421337,-1.1616342,-2.413517,-3.0,-3.0,-1.1650878,0.6756775,-2.245908,-2.1251059,-0.39719686,1.0699433,1.6224456,-1.6224456,0.52880293,-2.2716444,-0.6248707,-3.0,2.6026158,-2.5165372,0.21985127,-2.392656,-1.988813,-1.9270239,-1.5144387,-1.3989558,-0.95105654,0.309017,0.8660254,0.5,-0.8660254,-0.5,0.0,0.0,1.0,0.0,0.0
2026-02-17 12:00:00,1.0,0.4902819,1.5700061,-0.58802325,-1.0324812,-0.9383923,-0.63038325,-1.1331053,-0.038482875,1.2148141,1.3306935,1.5707449,0.79188174,-1.2961218,-0.96807986,-2.7884495,-2.642583,-2.5806482,-1.2669053,0.74650997,-1.6111819,-2.0445538,-0.4313097,-1.4316899,1.3898778,-1.3898778,0.90758157,-1.6607254,-1.0621047,-2.579386,1.1756648,-1.9565585,0.1638071,-2.2220466,0.43821302,-1.1345819,-1.3166971,-0.8670849,-0.95105654,0.309017,0.8660254,0.5,-0.8660254,0.5,0.0,0.0,1.0,0.0,0.0
2026-02-17 16:00:00,4.0,2.5017552,1.8590674,-1.2119882,-1.1110646,0.9758237,0.5786933,0.67007285,0.24683204,1.7794191,1.7777418,1.8475499,1.3387574,0.062092453,0.21994808,-2.0490081,-0.95866233,-1.3006774,-0.4318998,1.5329531,-0.51394176,-0.55655104,0.29544744,1.1956234,0.00237356,-0.00237356,1.7309448,-1.0718589,0.34709713,-0.9130973,1.6822013,-0.8883885,0.16869509,-0.47068134,0.84271735,1.3995572,-0.14011964,-0.94496065,0.95105654,0.309017,0.8660254,0.5,1.2246469e-16,-1.0,0.0,1.0,0.0,0.0,0.0
2026-02-17 20:00:00,4.0,-0.107609,-0.28345,-1.4238712,3.0,-0.5158374,0.81556296,-0.1751315,-0.039070826,1.0368999,1.2843131,1.4960033,0.59614766,-0.0181621,0.14438571,-1.7000223,-0.54289746,-1.3707466,-0.47995907,1.3808798,-0.50735366,-0.65342283,0.20481436,-0.545297,0.105704665,-0.105704665,1.6316056,-1.3052617,0.00042832567,-0.8825513,1.4715525,-0.61698025,0.11729201,-0.5607282,-0.3481686,1.5200086,-0.23161086,-0.91520756,0.95105654,0.309017,0.8660254,0.5,-0.8660254,-0.5,0.0,0.0,1.0,0.0,0.0
2026-02-18 12:00:00,4.0,-0.2753217,-0.98131686,-1.0514787,0.8217728,-0.81147605,-1.143769,-1.1435134,-0.061173752,0.18690683,0.6442305,1.0102878,-0.2721427,-0.16927129,0.0049968394,-1.4875702,0.98169243,-1.8335928,-0.56658405,1.2666261,-0.56257725,-0.8932919,0.031046899,-1.3096895,0.30865768,-0.30865768,0.38829517,-1.2402954,-0.60609245,-0.9320386,-0.65633255,-0.5285309,0.045309592,-0.8119386,-0.7481031,1.1150883,-0.27199453,-0.9004701,0.95105654,0.309017,0.8660254,0.5,-0.8660254,0.5,0.0,0.0,1.0,0.0,0.0
2026-02-18 16:00:00,1.0,0.32765344,0.46529564,-0.8370142,2.0465136,0.077020444,-0.292124,0.59402514,-0.20159669,0.24090585,0.6270749,0.97513777,-0.1848883,-0.031778183,0.12414224,-1.132491,1.5816134,-1.4677726,-0.7331985,1.4983184,-0.38258582,-0.62162095,0.11138154,0.2994125,0.150606,-0.150606,0.09058532,-0.87456363,-0.46259966,-0.69823545,-0.9022269,-0.4726049,-0.30647713,-0.4838361,0.45705152,-0.089,-0.12567402,-0.83817023,0.58778524,-0.809017,0.8660254,0.5,1.2246469e-16,-1.0,0.0,1.0,0.0,0.0,0.0
2026-02-18 20:00:00,4.0,0.28858143,0.63921094,0.56958705,-0.044216108,-0.545921,-0.1039985,-0.16205944,-0.16746236,-0.21738395,0.21885385,0.6274274,-0.62279457,0.09469444,0.23142104,-0.8078488,1.4600657,-1.0408732,-0.85719347,1.658306,-0.22021654,-0.39156073,0.14356966,-0.74638927,0.0076707583,-0.0076707583,0.08299103,-0.53403497,-0.66206414,-0.3674434,-0.6931838,-0.19251604,-0.56722736,-0.26462704,0.83731055,0.10137352,0.0027915596,-1.0039364,0.58778524,-0.809017,0.8660254,0.5,-0.8660254,-0.5,0.0,0.0,1.0,0.0,0.0
2026-02-19 12:00:00,4.0,-0.24344963,-0.7541774,0.7291214,-0.78403336,-0.6582517,-1.1970919,-1.0242032,-0.15318309,-0.6967403,-0.22747323,0.25655586,-1.1004492,-0.07491937,0.0883709,-0.61364543,-0.0056733983,-0.9185773,-0.37918213,1.4602095,-0.29505646,-0.6037238,-0.025673272,-1.1421698,0.16881837,-0.16881837,-1.3378012,-0.60409224,-1.195136,-0.4314633,-1.3249319,-0.17498626,-0.45906776,-0.49608496,-0.38444978,0.09391108,-0.1273013,-0.40427434,0.58778524,-0.809017,0.8660254,0.5,-0.8660254,0.5,0.0,0.0,1.0,0.0,0.0
2026-02-19 16:00:00,4.0,-1.3377564,-0.5030378,1.3814676,-0.9611311,0.05564436,-0.32800347,0.6715882,-2.8871465,-0.4279132,-0.083099596,0.39426115,-0.7856168,-0.771155,-0.5170941,-0.80856234,-0.6715931,-1.1800954,-0.86406744,1.1533891,-0.7826969,-1.5722532,-0.55593985,0.23545957,0.984557,-0.984557,-0.67290515,-0.7689722,-1.7099874,-1.6225092,-1.0252188,-0.5179353,-0.9542434,-1.5050938,-0.7862795,-0.6143488,-0.96753204,-0.22671977,-0.58778524,-0.809017,0.8660254,0.5,1.2246469e-16,-1.0,0.0,1.0,0.0,0.0,0.0
2026-02-19 20:00:00,4.0,0.79535073,1.24018,-0.62134945,-0.054830275,-0.13468373,-0.011229387,-0.07102094,-0.053433925,-0.42799592,-0.18037969,0.24159236,-0.70172936,-0.2719114,-0.112409905,-0.6669615,-0.09315416,0.841394,-0.6546405,1.1977723,-0.4110933,-0.8833442,-0.26676396,0.012543411,0.52698314,-0.52698314,-0.45255646,-0.41343105,-1.376946,-0.94560516,-0.6718809,-0.43298572,-1.0200428,-0.80309284,0.44441885,-0.30599093,-0.5263576,-0.28511852,-0.58778524,-0.809017,0.8660254,0.5,-0.8660254,-0.5,0.0,0.0,1.0,0.0,0.0
2026-02-20 12:00:00,1.0,0.2069234,1.2993737,-1.3781059,0.6149974,-1.0514587,-1.5204194,-1.2158132,-0.11877562,-1.182928,-0.85550946,-0.35485834,-1.4920874,-0.1831808,-0.043381304,-0.4879075,-0.15587033,1.3611996,-1.250743,1.2549496,-0.2813144,-0.70100516,-0.33445463,-1.7800536,0.11910327,-0.11910327,-0.40102538,-0.26676315,-1.960085,-0.57063055,-1.1289663,-0.27763477,-0.7863862,-0.65288126,0.830183,-0.08120293,-0.43851352,-0.35850558,-0.58778524,-0.809017,0.8660254,0.5,-0.8660254,0.5,0.0,0.0,1.0,0.0,0.0
2026-02-20 16:00:00,1.0,0.3014713,0.87306696,0.55155563,-0.7014459,0.03805786,-0.43185678,1.5318775,-0.9570247,-0.90028125,-0.76130426,-0.36266562,-1.062654,-0.012775564,0.09135334,-0.23040023,-0.14617926,1.2632209,-0.99393964,1.3710146,-0.11632908,-0.31562173,-0.2037116,0.27998617,-0.31189185,0.31189185,-0.4245589,0.011165369,-1.6512624,-0.35261565,-0.8186192,-0.12406698,-0.6644468,-0.26077485,1.1961663,0.6319454,-0.28989658,-0.29794696,-0.95105654,0.309017,0.8660254,0.5,1.2246469e-16,-1.0,0.0,1.0,0.0,0.0,0.0
2026-02-20 20:00:00,3.0,0.6354263,1.2422749,-0.13650495,-0.80212516,-0.35129356,-0.23699503,-0.14398332,-0.12552658,-0.96375406,-0.90850735,-0.57307285,-1.0489504,0.4220856,0.44583285,0.15991245,0.32902986,0.31041896,-0.762793,1.3497677,0.20078301,0.33018756,0.06098216,-0.35298708,-0.84277976,0.84277976,-0.37498063,0.3377533,-1.4558337,0.29003978,-0.6036747,0.1054451,-0.77755123,0.35736066,1.5502561,0.53954244,0.08013812,-0.13479902,-0.95105654,0.309017,0.8660254,0.5,-0.8660254,-0.5,0.0,0.0,1.0,0.0,0.0
2026-02-23 12:00:00,4.0,-0.106529534,-0.6306552,0.23839481,0.27174026,-0.8974007,-1.1581656,-0.95644355,-0.08086002,-1.4309719,-1.3548423,-1.001462,-1.559176,0.3018489,0.34691346,0.44123414,0.9879589,0.30990377,-0.83032817,1.2402745,0.1898096,0.31857488,-0.10107175,-1.4964623,-1.7294636,1.7294636,-1.3608345,0.2429934,-2.010947,0.41502064,-1.0083919,0.1747117,-0.90718377,0.34741506,-0.41880915,0.369635,-0.0029591843,-0.12714821,-0.95105654,0.309017,0.8660254,0.5,-0.8660254,0.5,0.0,0.0,1.0,0.0,0.0
2026-02-23 16:00:00,4.0,-3.0,-1.3097241,-0.8385972,-0.24397516,2.084996,1.1265388,2.3655818,-2.0280685,1.2004306,0.7479706,0.80492705,1.2019082,-1.5009133,-1.2692088,-0.5211693,-1.243913,-1.287709,-2.5478904,0.1367451,-1.3148193,-1.8435344,-1.270706,1.4713373,1.1287704,-1.1287704,0.6841445,-0.23030828,-1.4054074,-2.083958,0.5245682,-1.0544704,-1.0647697,-1.8724148,-0.7896884,-1.1095109,-1.4374446,1.0014368,0.0,1.0,0.8660254,0.5,1.2246469e-16,-1.0,0.0,1.0,0.0,0.0,0.0
2026-02-23 20:00:00,4.0,-1.8027644,-1.4017152,-0.7590225,-0.6563337,0.9332835,2.2666147,0.40153652,-0.10142909,2.025084,1.6412671,1.6564913,1.70956,-2.1197262,-1.9990242,-1.3283803,-2.3201456,-2.371421,-3.0,-0.44959366,-1.8174053,-2.4850721,-1.8116797,1.26187,1.4913335,-1.4913335,0.6580871,-1.2655009,-1.4475737,-2.264463,1.7885146,-1.9290687,-1.0092572,-2.4087675,-1.1654845,-1.8792051,-1.6127001,1.0221211,0.0,1.0,0.8660254,0.5,-0.8660254,-0.5,0.0,0.0,1.0,0.0,0.0
2026-02-24 12:00:00,4.0,0.44884992,0.9218923,-0.56638443,0.6664308,-0.614612,-0.34370816,-1.1362053,-0.06139613,1.0711168,1.0443469,1.2066617,0.7844602,-1.8090978,-1.7483717,-1.7386714,-2.1308675,-2.1711047,-2.504011,-0.33367696,-1.3808194,-2.0859053,-1.8126892,-0.76886564,1.1741353,-1.1741353,0.63913935,-0.79134864,-1.7183177,-1.8578297,1.1892518,-1.6961166,-1.2610649,-1.9836856,0.40544075,-1.5458702,-1.3364024,1.363001,0.0,1.0,0.8660254,0.5,-0.8660254,0.5,0.0,0.0,1.0,0.0,0.0
2026-02-24 16:00:00,4.0,-0.6111653,-0.3280987,1.121958,-0.036204908,0.5115343,0.5227664,0.331893,-1.0677975,1.4919355,1.5040236,1.6431049,1.0506799,-1.973837,-1.9710777,-1.8879175,-2.6116154,-2.2765954,-2.4566662,-0.6540003,-1.3793391,-2.0596066,-1.893467,0.8066903,1.2843542,-1.2843542,0.27863994,-1.3763276,-1.5883029,-1.9156927,1.6327455,-1.320917,-1.2865158,-1.9043778,-0.37892255,-0.43317556,-1.3860202,1.1481777,0.95105654,0.309017,0.8660254,0.5,1.2246469e-16,-1.0,0.0,1.0,0.0,0.0,0.0
2026-02-24 20:00:00,4.0,0.8258342,1.0496769,0.4302075,-0.95029,-0.13179673,0.6291037,-0.25879726,-0.0055659586,1.111421,1.268037,1.4531354,0.6933354,-1.3845738,-1.4518074,-1.7504952,-2.0665305,-1.2605622,-1.7717899,-0.7334805,-0.92077094,-1.4378822,-1.529677,0.2665115,0.8271986,-0.8271986,0.545316,-0.46101698,-1.3937616,-1.3901877,2.0161874,-0.9348238,-1.2797763,-1.2603467,0.42725605,0.47836903,-0.9868138,1.0907474,0.95105654,0.309017,0.8660254,0.5,-0.8660254,-0.5,0.0,0.0,1.0,0.0,0.0
2026-02-25 12:00:00,4.0,0.3587406,1.0341439,-0.11238979,-0.32906616,-0.9198646,-1.1039839,-1.1936885,-0.006196484,0.12772335,0.5023451,0.8506852,-0.23785083,-1.1662865,-1.2633309,-1.5952597,-0.3906517,-1.4164293,-0.58084774,-0.5229164,-0.68965477,-1.320018,-1.5767576,-1.302693,0.6497682,-0.6497682,-0.13088103,-0.12545457,-1.8028218,-1.0968275,-0.30337724,-0.65187484,-1.4005908,-1.1492178,0.8042349,0.4322373,-0.67675614,1.7395738,0.95105654,0.309017,0.8660254,0.5,-0.8660254,0.5,0.0,0.0,1.0,0.0,0.0
2026-02-25 16:00:00,4.0,1.5918274,1.1592407,-0.13852125,-0.745553,0.6323679,0.33902535,1.6466568,1.3030044,0.7447747,0.925957,1.1080328,0.42482686,-0.13629133,-0.32277206,-0.7834815,1.3012072,-0.70223457,0.34408504,0.3127099,-0.084667124,-0.20815976,-0.7215737,0.72967744,-0.31063184,0.31063184,-0.6348695,0.56177014,-0.8131407,-0.11161015,-0.42099068,-0.121051215,-1.2193741,0.021011095,1.1623784,1.3879371,0.32928368,1.8154644,0.58778524,-0.809017,0.8660254,0.5,1.2246469e-16,-1.0,0.0,1.0,0.0,0.0,0.0
2026-02-25 20:00:00,4.0,0.42124033,0.71254534,-0.18995976,0.49877742,-0.44991827,0.20200627,-0.39138064,0.0037478334,0.19464457,0.48759222,0.7570251,-0.09638167,0.072945505,-0.12584458,-0.15932883,1.2732834,-0.6216655,0.35343006,0.4190909,0.05820099,0.010132106,-0.6317125,-0.5111493,-0.5253528,0.5253528,-0.6110685,1.1246058,-0.94288194,0.25585565,-0.3340957,0.043706063,-1.332854,0.26907063,1.5019561,1.1159858,0.5580271,1.7422838,0.58778524,-0.809017,0.8660254,0.5,-0.8660254,-0.5,0.0,0.0,1.0,0.0,0.0
2026-02-26 12:00:00,4.0,0.031139396,-0.33694178,-0.32770315,1.9815633,-1.0889872,-1.2033875,-1.1572536,-0.008977994,-0.7466698,-0.3290571,0.098308966,-1.0249567,0.04137927,-0.16149116,0.35720646,1.5535184,-0.8795466,-0.49921063,0.3955557,0.08331694,0.027140155,-0.7902254,-1.6961504,-0.48783162,0.48783162,-0.8460216,0.82949,-1.5565754,0.5056098,-1.0063069,0.08966827,-1.0608821,0.33962834,-0.49604234,0.9315381,0.5246987,2.041329,0.58778524,-0.809017,0.8660254,0.5,-0.8660254,0.5,0.0,0.0,1.0,0.0,0.0
2026-02-26 16:00:00,4.0,1.1974254,0.7152372,0.65818465,-0.53094584,0.6805356,0.28746918,1.9829526,1.3659492,0.046930812,0.19682418,0.4330713,-0.11519432,0.75124454,0.5357174,1.0195482,1.7049134,-0.22738646,0.025903119,0.7008587,0.5811986,0.9001535,-0.029624203,0.720003,-1.2043694,1.2043694,-0.7375455,1.27152,-0.6276775,1.1443914,-0.5957452,0.51055706,-0.7468698,1.2640694,0.30835065,0.67419225,1.272418,1.2652866,-0.58778524,-0.809017,0.8660254,0.5,1.2246469e-16,-1.0,0.0,1.0,0.0,0.0,0.0
2026-02-26 20:00:00,4.0,-0.061967466,-0.43331328,0.1496714,1.2154143,-0.63059497,0.05277399,-0.44190103,0.012827838,-0.52699137,-0.31552395,0.012873616,-0.6658983,0.6605166,0.45474795,1.4984257,1.4801171,1.1995585,0.09588085,0.60689926,0.5549302,0.8722178,-0.11258121,-0.78457814,-1.0953732,1.0953732,-0.5650753,0.6545001,-1.0020297,1.2482305,-0.47216865,0.5053713,-0.77469295,1.203698,-0.4770784,0.44635585,1.1679667,1.2196083,-0.58778524,-0.809017,0.8660254,0.5,-0.8660254,-0.5,0.0,0.0,1.0,0.0,0.0
2026-02-27 12:00:00,4.0,0.14614451,0.53224814,1.4758334,-0.9513218,-0.9990081,-1.1866206,-1.0835365,-0.031538967,-1.3315729,-1.1355094,-0.7334579,-1.4368287,0.70446676,0.49539733,1.9234451,0.80761534,2.0720625,0.042353936,0.55507094,0.63034225,1.0325872,-0.1059308,-1.5710696,-1.1229075,1.1229075,-1.0279402,0.80668515,-1.524364,1.6627779,-1.1802994,0.56530994,0.04035518,1.4137874,0.34620515,0.50617987,1.1985008,1.2488018,-0.58778524,-0.809017,0.8660254,0.5,-0.8660254,0.5,0.0,0.0,1.0,0.0,0.0
2026-02-27 16:00:00,4.0,0.34570205,0.9397481,-1.277586,1.132481,0.8981561,-0.040104546,1.4202408,-2.2298703,-0.43930975,-0.49646053,-0.28697884,-0.41339615,0.88473135,0.66668123,1.9211953,0.77219254,1.966963,0.084167495,0.5141318,0.81490767,1.2248216,0.18076584,0.91149575,-1.3349786,1.3349786,-1.0419604,1.2203938,-0.8693834,1.529517,-0.6078411,0.5064593,0.36891514,1.5592546,0.7797552,0.10988877,1.3622463,1.2186908,-0.95105654,0.309017,0.8660254,0.5,1.2246469e-16,-1.0,0.0,1.0,0.0,0.0,0.0
2026-02-27 20:00:00,4.0,0.24349973,0.40750515,-1.2364677,2.433264,-0.5976337,0.091751106,-0.23627919,0.08648135,-0.8894664,-0.9658393,-0.78984696,-0.8301953,1.0247363,0.78062284,2.1299403,0.87235254,2.273412,0.27108306,0.12763329,1.0042679,1.4510462,0.2923378,-0.70389473,-1.708581,1.708581,-1.0666044,1.5523213,-1.0670153,1.8681285,-0.36105493,0.8400047,0.82317346,1.7377274,1.2359191,0.28041342,1.5036179,1.2543406,-0.95105654,0.309017,0.8660254,0.5,-0.8660254,-0.5,0.0,0.0,1.0,0.0,0.0
2026-03-02 12:00:00,1.0,0.5949564,1.4526433,-0.9550048,-0.6521157,-0.5649557,-0.94574815,-0.9249304,0.056658555,-1.2385492,-1.4093165,-1.3661219,-1.1245089,1.3828361,1.1128697,2.3919342,0.5900228,2.0980473,1.0016897,0.39551863,1.2730237,1.8882096,0.63684076,-0.752469,-2.0880213,2.0880213,-1.5327325,1.5587559,-1.0853866,2.4594507,-0.9245975,1.1460097,1.4939378,2.2003062,1.591395,0.52729297,1.8362924,1.1157,-0.95105654,0.309017,0.8660254,0.5,-0.8660254,0.5,0.0,0.0,1.0,0.0,0.0
2026-03-02 16:00:00,1.0,-0.85652953,0.57002264,0.50537324,-0.14616776,0.5953208,-0.17702258,0.4938685,-3.0,-0.4710633,-0.74909073,-0.7521233,-0.2846717,0.6920978,0.5824621,1.8932133,0.24545905,1.569299,0.37945452,1.1044436,0.8465686,1.1161547,0.17305,0.68790966,-1.4605601,1.4605601,-0.8862578,1.0581568,-0.9984439,1.4212538,-0.31348372,0.8071253,2.0218155,1.3761736,-0.49367818,-0.16434039,1.2560283,1.3092946,0.0,1.0,1.0,6.123234e-17,1.2246469e-16,-1.0,0.0,1.0,0.0,0.0,0.0
2026-03-02 20:00:00,1.0,0.95067835,0.8327141,0.5114914,-0.8173285,0.74347454,-0.17155148,-0.28455937,0.18884504,0.06513529,-0.29421696,-0.42314664,0.3264297,1.2414548,1.1213585,1.7462537,0.5959485,1.2627484,0.6760933,1.4569432,1.2362046,1.6235226,0.72843677,0.8263137,-1.5848322,1.5848322,-0.60738057,1.2351966,-0.31437856,1.7812873,0.6024683,1.1508998,2.3743744,1.8117386,0.31748584,0.17573676,1.7359053,1.341478,0.0,1.0,1.0,6.123234e-17,-0.8660254,-0.5,0.0,0.0,1.0,0.0,0.0
2026-03-03 12:00:00,4.0,0.091237135,0.19304003,1.0147778,0.31224924,-1.0467781,-1.3418937,-1.0988787,0.16151106,-0.79440963,-1.0277557,-1.1502994,-0.59112,1.2483503,1.1369723,1.8179485,0.4755241,1.1119952,0.60179394,1.4185917,1.2219439,1.727209,0.7933492,-1.4193921,-1.5561925,1.5561925,-0.5817411,1.1888049,-0.72959685,2.1176188,-0.38409826,1.1761353,2.4002259,1.9650314,0.7309935,-0.11621428,1.7239765,1.290856,0.0,1.0,1.0,6.123234e-17,-0.8660254,0.5,0.0,0.0,1.0,0.0,0.0
2026-03-03 16:00:00,4.0,-1.0080409,0.3906566,0.7285425,0.13569847,0.8761757,-0.4151662,1.1987573,-3.0,0.12041175,-0.2086325,-0.34222117,0.38177237,0.520743,0.55027777,1.2588086,-0.046175092,0.7404183,0.013153099,-0.1475471,0.8374067,0.99675363,0.29083112,0.9827943,-0.8307109,0.8307109,-0.1424297,0.87201136,-0.6248984,1.0568941,0.44421184,0.7910399,2.1276953,1.1914579,-0.51430416,-0.15438528,1.1373777,1.2104216,0.95105654,0.309017,1.0,6.123234e-17,1.2246469e-16,-1.0,0.0,1.0,0.0,0.0,0.0
2026-03-03 20:00:00,4.0,1.3074722,1.0730473,-0.6204778,-0.18310261,0.76642627,-0.14444476,-0.094872825,0.16223302,0.61927885,0.25083476,0.0075219083,0.9238101,1.2491786,1.2588944,1.175962,0.21194696,0.71992064,0.5399524,0.056532025,1.4517386,1.6448199,0.9401269,0.9091243,-1.5993742,1.5993742,0.17766254,1.0785,0.1165694,1.5390228,1.2098753,1.2247857,1.9429828,1.762888,0.34904447,-0.013691704,1.8526261,1.3632897,0.95105654,0.309017,1.0,6.123234e-17,-0.8660254,-0.5,0.0,0.0,1.0,0.0,0.0
2026-03-04 12:00:00,4.0,0.14229804,0.34517598,0.28889874,0.713339,-1.421384,-1.5960475,-1.3768142,0.23194432,-0.5374682,-0.68772227,-0.85851467,-0.33597526,1.3051254,1.307346,1.2915498,0.66165566,0.80261403,1.8190155,0.07111986,1.4022104,1.73394,1.0400652,-1.6833658,-1.5677168,1.5677168,0.60275906,1.0198761,-0.36984047,1.9548557,0.037950315,1.3579198,2.022522,1.9270734,0.80494124,0.018208042,1.8986453,0.82353145,0.95105654,0.309017,1.0,6.123234e-17,-0.8660254,0.5,0.0,0.0,1.0,0.0,0.0
2026-03-04 16:00:00,4.0,0.9520462,0.59582376,0.10368437,0.27336252,1.3600645,-0.1296721,3.0,0.45095697,0.18521409,-0.0993663,-0.38839743,0.5101504,1.7902722,1.7938962,1.3067464,0.6531147,1.0955368,2.7766132,0.27194095,1.7083031,1.931805,1.4871563,1.1360844,-1.5149233,1.5149233,1.1862608,1.1835134,0.38107315,2.0874104,0.12000534,1.5850701,2.1725605,1.9508308,1.2868874,1.1995041,1.8478763,1.0887232,0.58778524,-0.809017,1.0,6.123234e-17,1.2246469e-16,-1.0,0.0,1.0,0.0,0.0,0.0
2026-03-04 20:00:00,4.0,-0.75325865,-1.613544,-1.0722659,-0.29589775,-0.1839403,-0.075878896,-0.3056721,0.18566746,-0.07598905,-0.25580102,-0.47087952,0.17054908,1.172063,1.2947999,1.152095,0.2906195,0.6710312,2.2533052,0.46154067,1.2308902,1.3214568,1.1194432,-0.029484075,-0.86700183,0.86700183,1.470596,0.86085945,-0.027808953,1.6728163,0.52543205,1.4020336,2.1111243,1.3542048,-0.49838993,-0.07794054,1.4145077,0.8787076,0.58778524,-0.809017,1.0,6.123234e-17,-0.8660254,-0.5,0.0,0.0,1.0,0.0,0.0
2026-03-05 12:00:00,4.0,-0.31086272,-1.5669062,-0.18635197,-1.0826914,-0.9818321,-1.264904,-0.8642957,0.19772099,-0.8098629,-0.8870267,-1.031349,-0.6731965,0.90546286,1.0694695,0.96125376,0.59230727,0.45460564,2.281432,0.5066506,0.9899445,0.9908571,0.96771574,-0.9891709,-0.5752364,0.5752364,0.91243434,0.7205718,-0.6143063,1.7030635,-0.46284318,1.155238,2.1490386,0.98976266,-0.94470924,-0.3771293,1.1593969,1.3581084,0.58778524,-0.809017,1.0,6.123234e-17,-0.8660254,0.5,0.0,0.0,1.0,0.0,0.0
2026-03-05 16:00:00,4.0,-1.1877139,-0.77327746,0.53293586,0.18476564,2.1683278,1.2299732,2.034122,-0.68918097,0.7458751,0.49274862,0.28283793,0.9763855,0.11249987,0.39226833,0.31557453,-0.50754994,-0.23309155,1.5615133,0.2762957,0.14619383,0.10941343,0.36904773,1.5359877,0.40635994,-0.40635994,0.5265574,0.20528778,-0.22289029,0.53613913,0.0094551025,0.53171545,1.8075212,0.022661256,-1.3910285,-1.6313572,0.3423355,1.5796251,-0.58778524,-0.809017,1.0,6.123234e-17,1.2246469e-16,-1.0,0.0,1.0,0.0,0.0,0.0
2026-03-05 20:00:00,4.0,0.9144204,1.2736925,-1.1459898,-0.14493921,-0.11839966,0.39497992,-0.5171067,0.2110251,0.34011072,0.19797398,-0.007969015,0.5473479,0.6378983,0.86583406,0.17952468,-0.16581246,0.4464407,1.6865243,0.2531083,0.6535501,0.4654775,0.7988744,0.03764674,-0.26957992,0.26957992,0.9766721,0.5529574,-0.013278927,1.0220519,0.5110634,0.4674953,1.7745023,0.40443,0.39424875,-0.51810706,0.6740921,1.5080878,-0.58778524,-0.809017,1.0,6.123234e-17,-0.8660254,-0.5,0.0,0.0,1.0,0.0,0.0
2026-03-06 12:00:00,4.0,0.2044163,0.5144684,-1.2545661,1.9313724,-0.99513704,-0.91841507,-0.76816154,0.16857927,-0.5788405,-0.59099764,-0.7208546,-0.4619809,0.72329056,0.9380033,0.12129671,-0.49949706,0.143268,1.1818081,0.2200044,0.70849884,0.49581814,0.9253289,-1.2070626,-0.039743125,0.039743125,0.69911087,0.73302186,-0.46675602,1.3559046,-0.44806117,0.65941423,1.8538458,0.41319573,0.84056807,-0.17757022,0.4922149,1.2843792,-0.58778524,-0.809017,1.0,6.123234e-17,-0.8660254,0.5,0.0,0.0,1.0,0.0,0.0
2026-03-06 16:00:00,4.0,-1.598753,-0.6400097,-0.0842392,1.159773,0.8478804,0.34654418,0.42898825,-2.7709181,0.7457407,0.6171537,0.4709429,0.87957287,-0.2576205,0.07528898,-0.34442446,-0.8857144,-0.5177184,0.5327551,-0.70085114,-1.039972,-0.45808324,0.15251042,0.7280239,1.0109917,-1.0109917,1.0267845,0.2339878,-0.39989114,0.12578145,0.3809289,-0.78609896,1.3663914,-0.5455879,-0.47454688,-0.36537877,-0.93097097,1.5342895,-0.95105654,0.309017,1.0,6.123234e-17,1.2246469e-16,-1.0,0.0,1.0,0.0,0.0,0.0
2026-03-06 20:00:00,4.0,0.6926212,0.6749436,-0.9621409,1.1021632,0.23816556,0.7890553,-0.14588466,0.2789247,0.615651,0.5637054,0.417852,0.7242869,0.14927056,0.43586677,-0.4686716,-0.4372677,0.13535917,0.7425567,-0.1986334,-0.5457492,-0.14294645,0.503897,0.50142515,0.49329746,-0.49329746,1.3207737,0.7742184,-0.11929708,0.4289667,0.8830135,-0.6676333,1.3362694,-0.21430022,0.41447833,-0.485188,-0.42278826,1.4224918,-0.95105654,0.309017,1.0,6.123234e-17,-0.8660254,-0.5,0.0,0.0,1.0,0.0,0.0
2026-03-09 12:00:00,4.0,0.32697144,0.48354688,-0.5120182,1.0618244,-0.71971834,-1.0910187,-0.8470058,0.31264308,-0.13340567,-0.06612204,-0.13981043,-0.07212566,0.31861448,0.5841064,-0.4972516,0.23396114,-0.23691413,0.4195691,-0.062482458,-0.24116051,-0.019165836,0.6708048,-0.81949675,0.27365026,-0.27365026,1.0523525,0.94567144,-0.42044443,0.7215133,-0.39285403,-0.16017057,1.2386487,-0.10579827,0.8378486,-0.40413538,-0.2075067,1.8375324,-0.95105654,0.309017,1.0,6.123234e-17,-0.8660254,0.5,0.0,0.0,1.0,0.0,0.0
2026-03-09 16:00:00,4.0,-1.3302524,-0.34978804,0.37692428,1.5433208,0.80696875,1.8109634,1.6201,-2.8389378,1.0090572,1.008606,0.9354911,1.0060868,-0.4532501,-0.12393935,-0.74119925,-0.7747486,-0.8180105,0.010635733,-0.63512784,-1.564006,-0.7015226,0.070435286,0.74672174,0.9321148,-0.9321148,0.9441946,-0.04265005,-0.3236136,-0.23033507,0.32292578,-1.3060712,0.43085256,-0.7464525,-0.54418176,-0.1922553,-0.933727,1.6371573,0.0,1.0,1.0,6.123234e-17,1.2246469e-16,-1.0,0.0,1.0,0.0,0.0,0.0
2026-03-10 12:00:00,4.0,1.0190041,0.7993802,-1.1464705,0.8473645,0.73580736,1.7160065,-0.27333447,0.4189745,1.1445879,1.1897422,1.0910836,1.110062,0.16989619,0.4328069,-0.6590708,-0.39785662,-0.7739956,0.29218665,-0.50633883,-0.52433467,-0.16363858,0.59276533,0.7889056,0.26107338,-0.26107338,1.3050325,1.0992354,0.3352885,0.1640305,1.0683116,-0.7029882,0.06331859,-0.21156317,0.37556204,0.019621605,-0.24992093,1.6329399,0.0,1.0,1.0,6.123234e-17,-0.8660254,-0.5,0.0,0.0,1.0,0.0,0.0
2026-03-10 16:00:00,4.0,0.11409375,0.012699168,-0.92756754,2.426218,0.61224955,0.47645816,-0.58899933,-0.03171168,1.1814489,1.3156954,1.2694925,1.0674081,0.20462367,0.46430668,-0.56938636,0.368948,-0.4436621,0.20580454,-0.690786,-0.4236415,-0.11211044,0.67058,0.54141235,0.23060565,-0.23060565,0.29437265,1.8211707,0.5183951,0.14712377,0.38622048,-0.5456843,-0.13835518,-0.16232684,0.83543396,-0.11511247,-0.21459009,1.6708659,0.95105654,0.309017,1.0,6.123234e-17,1.2246469e-16,-1.0,0.0,1.0,0.0,0.0,0.0
2026-03-11 12:00:00,4.0,-0.4753746,-1.2585509,0.27569827,-0.57103103,-0.40296653,0.43545127,-0.3301224,0.4059652,0.6838565,0.9747891,1.0609761,0.50418544,-0.10901259,0.18335621,-0.62485075,-0.15301032,-0.509463,-0.034367092,-0.17737015,-0.80887985,-0.37733862,0.44524175,-0.009781621,0.62033826,-0.62033826,0.18914025,0.8013744,0.013844294,-0.03420468,0.15517908,-0.29855284,-0.49731973,-0.40848228,-0.54418176,0.34199837,-0.5953618,1.616019,0.95105654,0.309017,1.0,6.123234e-17,-0.8660254,-0.5,0.0,0.0,1.0,0.0,0.0
2026-03-11 16:00:00,4.0,-1.5407922,-1.2790266,-0.077347994,-0.3202616,1.3385543,0.3555763,-0.31531215,-0.61538833,1.4469663,1.7408884,1.8996255,1.0956997,-0.9133835,-0.5906106,-0.89094245,-0.9942668,-0.6639267,-0.75109893,-0.86737174,-1.6671275,-1.0270838,-0.21500103,1.4059196,1.3673903,-1.3673903,0.5513141,-0.13369471,-0.2108616,-0.8849232,0.97009504,-1.1284,-0.4342068,-1.0390753,-1.0040537,-1.0638745,-1.3318077,1.4827616,0.58778524,-0.809017,1.0,6.123234e-17,1.2246469e-16,-1.0,0.0,1.0,0.0,0.0,0.0
2026-03-12 12:00:00,4.0,-0.14619282,-0.7935031,0.9062536,-0.09180777,-0.915114,0.61589634,-0.21962608,0.37987435,0.6000455,1.0666069,1.3637184,0.23851371,-0.99942636,-0.68551767,-1.1446698,-0.4593559,-1.0578287,-0.51228356,-1.0365506,-1.3920515,-1.1494082,-0.37160698,-0.6253839,1.4851768,-1.4851768,0.19082133,-1.1637421,-0.8837154,-0.9153063,-0.06929389,-1.1697038,-0.70149195,-1.1368759,-1.4102039,-1.1923532,-1.4480094,1.3885314,0.58778524,-0.809017,1.0,6.123234e-17,-0.8660254,-0.5,0.0,0.0,1.0,0.0,0.0
2026-03-12 16:00:00,4.0,-0.63938123,-0.7584302,1.6914966,-0.85409176,0.27226725,0.85466385,-0.2210284,-0.34837896,0.6801936,1.1467575,1.4970443,0.27153018,-1.2760442,-0.9845165,-1.3238829,-1.1908242,-1.3586645,-1.047232,-2.0193944,-1.3802803,-1.359476,-0.68251926,0.48873734,1.4893106,-1.4893106,-0.69613904,-1.7392403,-1.2201535,-1.2352453,-0.20450467,-1.1073403,-0.6792514,-1.310632,-1.7783637,-1.1664226,-1.4492916,1.3213325,-0.58778524,-0.809017,1.0,6.123234e-17,1.2246469e-16,-1.0,0.0,1.0,0.0,0.0,0.0
2026-03-13 12:00:00,4.0,-0.041752458,-0.62020373,1.6090779,-0.46159917,-1.1011902,1.420858,-0.105443016,0.35258386,-0.06677386,0.48229516,0.93220985,-0.47440156,-1.2969867,-1.0216514,-1.4763486,-1.2439915,-0.7687151,-1.0932206,-1.8079083,-1.1286829,-1.400262,-0.83425695,-0.8956291,1.4574747,-1.4574747,-0.8170773,-1.9517457,-2.0102134,-1.232715,-0.65933883,-1.0487105,-0.73366696,-1.3250521,-2.1095498,-0.4164713,-1.4169307,1.2535928,-0.58778524,-0.809017,1.0,6.123234e-17,-0.8660254,-0.5,0.0,0.0,1.0,0.0,0.0
2026-03-13 16:00:00,4.0,0.6448302,-0.036963116,1.7820474,0.06515146,-0.110265225,-0.2519099,-0.6568577,1.4149565,-0.03883004,0.40803483,0.8153867,-0.39153838,-0.8516545,-0.659719,-1.2979304,-0.7561684,-0.7813475,-0.56553507,-1.5046027,-0.6978665,-1.0076807,-0.49379203,0.18026203,1.0280156,-1.0280156,-0.096278675,-1.253003,-1.6592755,-0.9488337,-0.4847191,-0.61413825,-0.78450626,-0.9562434,0.42805353,0.12426738,-1.1191336,1.1331947,-0.95105654,0.309017,1.0,6.123234e-17,1.2246469e-16,-1.0,0.0,1.0,0.0,0.0,0.0
2026-03-16 12:00:00,4.0,-0.11092699,-0.78168607,0.2000657,0.43245536,-0.884012,0.19529425,-0.13367884,0.35651174,-0.5676673,-0.11324187,0.3576865,-0.92051226,-0.9301971,-0.73986286,-1.2159436,-0.12778755,-0.938345,-1.0057209,-1.592405,-0.6414267,-1.0616549,-0.6395979,-0.6944606,1.170921,-1.170921,-1.1238587,-1.4089221,-2.3351207,-0.98618555,-1.1062665,-0.5930986,-0.83684427,-0.9907712,-0.4138279,0.326313,-1.206081,0.9637518,-0.95105654,0.309017,1.0,6.123234e-17,-0.8660254,-0.5,0.0,0.0,1.0,0.0,0.0
2026-03-16 16:00:00,4.0,0.23696171,-0.32496855,2.641246,-1.0677478,-0.10885247,-0.42848483,-0.4197949,0.8884314,-0.42663306,-0.10335691,0.3202109,-0.7034041,-0.8114283,-0.6432006,-0.9908635,0.03967447,-0.3504337,-0.9664941,-1.7773129,-0.4625759,-0.8361424,-0.499466,0.12637365,0.99751586,-0.99751586,-1.0476583,-0.8730331,-2.1275856,-0.9057396,-0.76861763,-0.2782715,-0.8141114,-0.839932,0.45167089,0.48940873,-1.1171889,0.9062597,0.0,1.0,1.0,6.123234e-17,1.2246469e-16,-1.0,0.0,1.0,0.0,0.0,0.0
2026-03-17 12:00:00,4.0,1.0706823,1.7433076,-1.2913325,-1.0627853,-0.5478627,0.45724648,-0.01419196,0.35712343,-0.7078284,-0.47314003,-0.102659814,-0.9128197,-0.016857352,0.011802515,-0.5901203,0.7876167,-0.33482924,-0.91345495,-1.1763129,0.039190147,-0.18250825,0.08293608,-0.30121824,0.16046734,-0.16046734,-0.9566841,-0.3379175,-1.7999529,-0.3565468,-0.9521749,-0.071186475,-0.83346146,-0.21420664,0.85610706,0.85063994,-0.54752064,0.7704999,0.0,1.0,1.0,6.123234e-17,-0.8660254,-0.5,0.0,0.0,1.0,0.0,0.0
2026-03-17 16:00:00,4.0,-0.026617302,-1.0700678,0.5636965,-0.59746367,-0.34609565,0.31614956,-0.3093596,1.1845243,-0.76715904,-0.62462515,-0.28177133,-0.9149151,-0.085586056,-0.042900924,-0.29682213,0.7901744,-0.38744625,-0.6882166,-1.0049729,0.044386268,-0.14459871,0.052309263,-0.101645224,0.26868922,-0.26868922,-0.958706,-0.7189765,-1.9792053,-0.39123622,-0.68172085,0.21262701,-1.1065749,-0.18478607,-0.43724072,0.86048144,-0.5588024,0.82652223,0.95105654,0.309017,1.0,6.123234e-17,1.2246469e-16,-1.0,0.0,1.0,0.0,0.0,0.0
2026-03-18 12:00:00,4.0,-0.4063057,-1.1389226,-0.7002739,0.48775208,-0.5682317,1.510249,0.0057810247,0.28654855,-0.8749057,-0.80190325,-0.4671058,-0.98768157,-0.38383082,-0.2966183,-0.18550512,0.33256269,-0.36405146,-0.71976024,-1.0059272,-0.15156595,-0.33290723,-0.227812,-0.21440135,0.66728806,-0.66728806,-0.727913,-1.1407038,-2.4072113,-0.62687373,-0.78048056,-0.06103296,-1.4301314,-0.40308848,-0.8814869,0.43861124,-0.85302687,0.7873443,0.95105654,0.309017,1.0,6.123234e-17,-0.8660254,-0.5,0.0,0.0,1.0,0.0,0.0
2026-03-18 16:00:00,4.0,-1.9376605,-1.514699,-1.160347,0.119704455,2.4416676,0.24715221,-0.49921402,-0.51865435,0.83787954,0.74567246,1.0038897,0.7024776,-1.3545566,-1.2431892,-0.46271053,-0.48841015,-0.5284537,-0.9790263,-1.6032084,-1.0221564,-1.1285759,-1.0751733,1.5339408,0.991419,-0.991419,0.907032,-1.3193012,-1.8460691,-1.2726957,0.37973368,-0.83692205,-1.142301,-1.1663092,-1.3374045,-1.3716097,-0.9788524,0.66054994,0.58778524,-0.809017,1.0,6.123234e-17,1.2246469e-16,-1.0,0.0,1.0,0.0,0.0,0.0
2026-03-19 12:00:00,4.0,-1.1618611,-1.824976,-1.1408455,-0.6432919,0.2496844,2.08554,0.20074299,0.30027652,0.852444,0.8840731,1.2187927,0.6102271,-1.7764049,-1.7159818,-0.84975696,-1.1060317,-0.89505446,-1.588178,-0.73643374,-1.3490202,-1.5450118,-1.6030813,0.44020313,1.3344642,-1.3344642,1.0394932,-1.5246302,-2.2893808,-1.5294018,0.38778213,-1.3154486,-1.1130357,-1.5190468,-1.8103013,-1.7694135,-1.2715181,0.7838375,0.58778524,-0.809017,1.0,6.123234e-17,-0.8660254,-0.5,0.0,0.0,1.0,0.0,0.0
2026-03-19 16:00:00,4.0,0.00066008896,0.0973862,1.751352,-0.3410043,1.0429091,0.52180636,-0.5088943,-0.49166542,1.2937498,1.3401892,1.6239836,0.96039414,-1.8183979,-1.7604682,-1.0008441,-1.6153865,-0.67138636,-1.6299685,-0.34845573,-1.1947843,-1.3415158,-1.4473524,0.93847734,1.1364545,-1.1364545,0.09007312,-1.5394244,-1.8475708,-1.3535961,0.9203756,-1.2972199,-1.0300338,-1.3590934,-2.2554574,-1.5312016,-1.0722274,0.65388906,-0.58778524,-0.809017,1.0,6.123234e-17,1.2246469e-16,-1.0,0.0,1.0,0.0,0.0,0.0
2026-03-20 12:00:00,4.0,0.42601216,0.41335818,-0.28931722,1.0313736,-0.3904328,0.7238027,-0.22380339,0.28415424,0.84001625,1.0266349,1.3526515,0.50463265,-1.5456934,-1.5408101,-1.0217019,-1.4359393,-0.50590384,-1.0239685,-0.36046144,-0.8645826,-1.1186907,-1.2744539,-0.030481199,0.9338318,-0.9338318,0.6333236,-1.0463408,-1.8620679,-1.2112765,0.8738438,-1.1568282,-0.8568854,-1.1371354,0.41547897,-0.19099022,-0.92747635,0.45359927,-0.58778524,-0.809017,1.0,6.123234e-17,-0.8660254,-0.5,0.0,0.0,1.0,0.0,0.0
2026-03-20 16:00:00,4.0,1.168005,1.3860768,-1.3145007,-0.13164616,-0.32770652,1.6583343,-0.05841562,0.47447616,0.4978702,0.73051864,1.0378743,0.2010315,-0.7329159,-0.8589016,-0.7485648,-0.7501005,-0.33627632,-0.8968011,-1.0030849,-0.33836073,-0.53374493,-0.74065346,0.08736927,0.23376238,-0.23376238,1.5301015,-0.57905257,-1.6085012,-0.7481919,0.93068033,-0.6141108,-0.7343127,-0.55733454,0.86063504,1.1622903,-0.46077782,0.030001817,-0.95105654,0.309017,1.0,6.123234e-17,1.2246469e-16,-1.0,0.0,1.0,0.0,0.0,0.0
2026-03-23 12:00:00,4.0,-0.17958286,-0.7341777,-0.6441311,1.4929188,-0.8578962,0.8128448,-0.39558363,0.3425302,0.0506098,0.36102685,0.7469283,-0.25872812,-0.8422295,-0.95783573,-0.5648214,0.0908892,-0.35866898,-1.0371177,-1.032733,-0.3786441,-0.5682976,-0.8718356,-0.47852516,0.40177053,-0.40177053,0.07710814,-0.84321046,-2.0585227,-0.83350444,-0.32227036,-0.42761627,-0.7678733,-0.6320384,-0.4748331,1.1006277,-0.5612228,-0.08480269,-0.95105654,0.309017,1.0,6.123234e-17,-0.8660254,-0.5,0.0,0.0,1.0,0.0,0.0
2026-03-23 16:00:00,4.0,1.549221,-0.038868688,0.6764163,1.0894521,0.7811584,0.77918375,-0.2795316,3.0,0.8298238,0.9434208,1.1163774,0.597725,0.15802087,-0.07418942,-0.05922168,1.2754719,0.11967095,-0.19014058,-0.16861603,0.3336015,0.23740143,-0.022734614,0.6942755,-0.4667756,0.4667756,-0.37391075,-0.44782075,-0.72497416,-0.2761218,0.10266517,0.29342368,-0.34852922,0.14749989,0.3955866,1.906652,0.10799707,0.30315256,0.0,1.0,1.0,6.123234e-17,1.2246469e-16,-1.0,0.0,1.0,0.0,0.0,0.0
2026-03-24 12:00:00,4.0,-0.24119112,-0.79284465,1.6805906,-1.2335569,-0.4621655,0.23826636,-0.35319978,0.31286597,0.4239723,0.65269506,0.91312766,0.15853372,-0.014599739,-0.22214906,0.20961334,1.1757498,-0.39019856,-0.5695912,-0.44379136,0.24105754,0.16327643,-0.21662761,-0.18478334,-0.25761375,0.25761375,-0.04997521,-0.7060503,-1.1088297,-0.3820787,-0.3463687,0.40075606,-0.6346695,0.096749954,-0.4848239,0.80224305,-0.047970936,-0.0657643,0.0,1.0,1.0,6.123234e-17,-0.8660254,-0.5,0.0,0.0,1.0,0.0,0.0
2026-03-24 16:00:00,4.0,0.16097884,1.2197365,-1.4190179,0.37572694,0.32237998,-1.408323,-0.53712004,-1.68693,0.43881643,0.6631847,0.916998,0.17215498,0.028650478,-0.18052495,0.41428968,1.061874,-0.3205205,-0.55784535,-0.51472485,0.34954908,0.28855613,-0.17078255,0.49765113,-0.2904754,0.2904754,0.019377027,-0.41704255,-1.0175364,-0.35669655,-0.17158967,0.05465757,-0.6767674,0.20195502,0.41972974,0.9711116,-0.017877819,-0.108802065,0.95105654,0.309017,1.0,6.123234e-17,1.2246469e-16,-1.0,0.0,1.0,0.0,0.0,1.0
2026-03-25 12:00:00,4.0,-0.23780207,-0.8865874,0.7742837,-0.41337293,-0.97293204,-0.6290989,-0.07955792,0.26772326,-0.1369974,0.181112,0.54088444,-0.4267899,-0.1552982,-0.33187622,0.51138836,0.45920777,-0.24930136,-0.48301667,-0.5201922,0.22209513,0.20295349,-0.404675,-0.85001326,-0.08434487,0.08434487,-0.1510393,-0.6916625,-1.5814918,-0.4419963,-0.36448812,0.33753595,-0.7412664,0.108606145,-0.47969115,-0.3490594,-0.038563102,-0.18520205,0.95105654,0.309017,1.0,6.123234e-17,-0.8660254,-0.5,0.0,0.0,1.0,0.0,1.0
2026-03-25 16:00:00,4.0,0.48333654,-0.35306853,0.77401704,0.9577924,2.0181928,-0.69375825,-0.26783764,1.4365904,0.77771467,0.8989827,1.0830845,0.5258563,0.1327322,-0.086619146,0.5959379,0.7406354,0.7131982,0.1200361,0.3941692,0.5324979,0.43232915,-0.10158377,1.4747121,-0.3115545,0.3115545,-0.024102839,-0.28989208,-0.667764,-0.37107486,0.39520192,0.553881,-0.60021394,0.31715882,0.39968348,0.16419275,0.38691077,-0.06483302,0.58778524,-0.809017,1.0,6.123234e-17,1.2246469e-16,-1.0,0.0,1.0,0.0,0.0,1.0
