Datetime,Open,High,Low,Close,Volume
2024-04-04 23:00:00+00:00,117.06999969482422,117.58000183105469,116.62999725341797,117.20999908447266,0
2024-04-05 00:00:00+00:00,117.20500183105469,117.70999908447266,117.19999694824219,117.62999725341797,85281
2024-04-05 01:00:00+00:00,117.66000366210938,117.66000366210938,116.81999969482422,116.86000061035156,96761
2024-04-05 02:00:00+00:00,116.86499786376953,117.22000122070312,116.86000061035156,117.18000030517578,120086
2024-04-05 03:00:00+00:00,117.16999816894531,117.76000213623047,117.05999755859375,117.76000213623047,94306
2024-04-05 04:00:00+00:00,117.75,118.16999816894531,117.6500015258789,118.11000061035156,104510
2024-04-05 05:00:00+00:00,118.04000091552734,118.04000091552734,118.04000091552734,118.04000091552734,335012
2024-04-08 00:00:00+00:00,118.77999877929688,119.0199966430664,118.52999877929688,118.97000122070312,0
2024-04-08 01:00:00+00:00,118.95999908447266,118.95999908447266,118.05999755859375,118.18000030517578,166230
2024-04-08 02:00:00+00:00,118.19000244140625,118.31999969482422,118.05999755859375,118.30000305175781,65495
2024-04-08 03:00:00+00:00,118.30000305175781,118.30000305175781,117.70999908447266,117.8499984741211,43560
2024-04-08 04:00:00+00:00,117.86000061035156,118.05999755859375,117.70999908447266,117.70999908447266,48079
2024-04-08 05:00:00+00:00,117.71499633789062,118.12999725341797,117.69999694824219,117.94000244140625,106207
2024-04-08 06:00:00+00:00,118.19000244140625,118.19000244140625,118.19000244140625,118.19000244140625,384758
2024-04-09 00:00:00+00:00,118.72000122070312,118.87999725341797,118.4800033569336,118.69000244140625,0
2024-04-09 01:00:00+00:00,118.69499969482422,119.08999633789062,118.58999633789062,118.95999908447266,138800
2024-04-09 02:00:00+00:00,118.95999908447266,118.98999786376953,118.7699966430664,118.87999725341797,68474
2024-04-09 03:00:00+00:00,118.87999725341797,119.06500244140625,118.81999969482422,119.04000091552734,68232
2024-04-09 04:00:00+00:00,119.04499816894531,119.13999938964844,119.0,119.08000183105469,81056
2024-04-09 05:00:00+00:00,119.06999969482422,119.11000061035156,118.88999938964844,119.05000305175781,104462
2024-04-09 06:00:00+00:00,119.1500015258789,119.1500015258789,119.1500015258789,119.1500015258789,331999
2024-04-10 00:00:00+00:00,119.1500015258789,119.20999908447266,118.56999969482422,118.73999786376953,0
2024-04-10 01:00:00+00:00,118.76000213623047,118.79000091552734,117.9800033569336,118.30500030517578,167847
2024-04-10 02:00:00+00:00,118.30500030517578,118.45999908447266,118.20999908447266,118.44000244140625,137610
2024-04-10 03:00:00+00:00,118.44999694824219,118.45500183105469,118.02999877929688,118.05500030517578,102503
2024-04-10 04:00:00+00:00,118.05500030517578,118.26000213623047,118.05500030517578,118.12999725341797,124835
2024-04-10 05:00:00+00:00,118.13500213623047,118.29000091552734,118.0199966430664,118.08999633789062,226123
2024-04-10 06:00:00+00:00,118.20999908447266,118.20999908447266,118.20999908447266,118.20999908447266,0
2024-04-11 00:00:00+00:00,116.33999633789062,116.98999786376953,116.0999984741211,116.55000305175781,424431
2024-04-11 01:00:00+00:00,116.54499816894531,116.73999786376953,116.3499984741211,116.56999969482422,205235
2024-04-11 02:00:00+00:00,116.58999633789062,116.69999694824219,116.3499984741211,116.43000030517578,153833
2024-04-11 03:00:00+00:00,116.43000030517578,116.6500015258789,116.36000061035156,116.56999969482422,103568
2024-04-11 04:00:00+00:00,116.57499694824219,116.8499984741211,116.55999755859375,116.8499984741211,112244
2024-04-11 05:00:00+00:00,116.81999969482422,116.8499984741211,116.5199966430664,116.66999816894531,152247
2024-04-11 06:00:00+00:00,116.80999755859375,116.80999755859375,116.80999755859375,116.80999755859375,0
2024-04-12 00:00:00+00:00,116.37000274658203,116.69000244140625,116.0999984741211,116.5199966430664,141029
2024-04-12 01:00:00+00:00,116.5250015258789,116.58000183105469,116.37999725341797,116.44999694824219,87203
2024-04-12 02:00:00+00:00,116.44999694824219,116.4800033569336,116.05000305175781,116.25,89477
2024-04-12 03:00:00+00:00,116.23999786376953,116.37999725341797,116.11000061035156,116.16000366210938,76436
2024-04-12 04:00:00+00:00,116.16500091552734,116.26000213623047,116.01000213623047,116.05999755859375,104878
2024-04-12 05:00:00+00:00,116.05500030517578,116.2300033569336,116.01000213623047,116.13999938964844,119244
2024-04-12 06:00:00+00:00,116.23999786376953,116.23999786376953,116.23999786376953,116.23999786376953,574139
2024-04-15 00:00:00+00:00,115.19999694824219,115.30000305175781,114.72000122070312,115.0999984741211,0
2024-04-15 01:00:00+00:00,115.0999984741211,115.28500366210938,114.91500091552734,114.93000030517578,262856
2024-04-15 02:00:00+00:00,114.93000030517578,115.0199966430664,114.3499984741211,114.41000366210938,286896
2024-04-15 03:00:00+00:00,114.44000244140625,114.77999877929688,114.29499816894531,114.63999938964844,205787
2024-04-15 04:00:00+00:00,114.63999938964844,114.77999877929688,114.5,114.56999969482422,153993
2024-04-15 05:00:00+00:00,114.58999633789062,114.73999786376953,114.45999908447266,114.55999755859375,267157
2024-04-15 06:00:00+00:00,114.63999938964844,114.63999938964844,114.63999938964844,114.63999938964844,0
2024-04-16 00:00:00+00:00,113.58000183105469,113.73999786376953,112.7699966430664,112.80999755859375,483289
2024-04-16 01:00:00+00:00,112.81999969482422,113.11000061035156,112.58000183105469,112.81999969482422,405011
2024-04-16 02:00:00+00:00,112.81999969482422,112.8499984741211,112.33000183105469,112.5199966430664,261320
2024-04-16 03:00:00+00:00,112.51499938964844,112.56999969482422,112.02999877929688,112.20999908447266,292599
2024-04-16 04:00:00+00:00,112.19999694824219,112.30500030517578,111.62999725341797,112.29000091552734,351426
2024-04-16 05:00:00+00:00,112.29000091552734,112.55000305175781,112.20999908447266,112.4800033569336,211112
2024-04-16 06:00:00+00:00,112.19999694824219,112.19999694824219,112.19999694824219,112.19999694824219,878763
2024-04-17 00:00:00+00:00,112.16000366210938,112.80000305175781,112.1500015258789,112.4000015258789,0
2024-04-17 01:00:00+00:00,112.38999938964844,112.44000244140625,112.18000030517578,112.38999938964844,96181
2024-04-17 02:00:00+00:00,112.37999725341797,112.45999908447266,112.30000305175781,112.31999969482422,117252
2024-04-17 03:00:00+00:00,112.31999969482422,112.53500366210938,112.30000305175781,112.36000061035156,74835
2024-04-17 04:00:00+00:00,112.34500122070312,112.37999725341797,112.19999694824219,112.31999969482422,102841
2024-04-17 05:00:00+00:00,112.32499694824219,112.33000183105469,112.06999969482422,112.16000366210938,144466
2024-04-17 06:00:00+00:00,111.94000244140625,111.94000244140625,111.94000244140625,111.94000244140625,0
2024-04-18 00:00:00+00:00,111.7300033569336,112.9000015258789,111.7300033569336,112.58999633789062,384248
2024-04-18 01:00:00+00:00,112.58999633789062,112.70999908447266,112.47000122070312,112.62000274658203,145992
2024-04-18 02:00:00+00:00,112.61000061035156,112.84500122070312,112.41999816894531,112.80000305175781,123194
2024-04-18 03:00:00+00:00,112.80000305175781,113.16000366210938,112.7699966430664,112.80999755859375,128679
2024-04-18 04:00:00+00:00,112.83000183105469,112.94999694824219,112.62999725341797,112.62999725341797,79420
2024-04-18 05:00:00+00:00,112.6500015258789,113.0999984741211,112.55999755859375,112.95999908447266,135650
2024-04-18 06:00:00+00:00,112.7300033569336,112.7300033569336,112.7300033569336,112.7300033569336,77017
2024-04-19 00:00:00+00:00,111.6500015258789,112.51000213623047,111.16999816894531,111.4000015258789,311446
2024-04-19 01:00:00+00:00,111.38999938964844,111.56999969482422,110.05000305175781,110.7699966430664,279853
2024-04-19 02:00:00+00:00,110.79000091552734,110.9000015258789,109.94000244140625,110.5250015258789,296602
2024-04-19 03:00:00+00:00,110.5250015258789,111.4800033569336,110.4749984741211,111.44999694824219,105303
2024-04-19 04:00:00+00:00,111.44000244140625,111.69000244140625,111.11000061035156,111.22000122070312,109625
2024-04-19 05:00:00+00:00,111.20999908447266,111.66999816894531,111.18499755859375,111.4800033569336,187292
2024-04-22 00:00:00+00:00,113.08999633789062,113.68000030517578,112.55000305175781,113.33499908447266,0
2024-04-22 01:00:00+00:00,113.33499908447266,113.5,112.83000183105469,112.8499984741211,113000
2024-04-22 02:00:00+00:00,112.8499984741211,112.94000244140625,112.55999755859375,112.66999816894531,96349
2024-04-22 03:00:00+00:00,112.67500305175781,112.88999938964844,112.47000122070312,112.52999877929688,86422
2024-04-22 04:00:00+00:00,112.52999877929688,112.63999938964844,112.38999938964844,112.52999877929688,71067
2024-04-22 05:00:00+00:00,112.53500366210938,112.69000244140625,112.38999938964844,112.61000061035156,112200
2024-04-22 06:00:00+00:00,112.87999725341797,112.87999725341797,112.87999725341797,112.87999725341797,564217
2024-04-23 00:00:00+00:00,114.0,114.30000305175781,113.69999694824219,114.08000183105469,0
2024-04-23 01:00:00+00:00,114.08499908447266,114.16000366210938,113.80000305175781,113.88999938964844,98365
2024-04-23 02:00:00+00:00,113.91000366210938,114.30000305175781,113.80999755859375,114.26000213623047,81937
2024-04-23 03:00:00+00:00,114.2699966430664,114.3550033569336,114.0999984741211,114.33000183105469,56123
2024-04-23 04:00:00+00:00,114.33999633789062,114.41500091552734,114.1500015258789,114.20999908447266,62331
2024-04-23 05:00:00+00:00,114.22000122070312,114.45999908447266,114.1500015258789,114.30000305175781,132808
2024-04-23 06:00:00+00:00,114.58000183105469,114.58000183105469,114.58000183105469,114.58000183105469,0
2024-04-24 00:00:00+00:00,115.5,115.8499984741211,115.05000305175781,115.66000366210938,440530
2024-04-24 01:00:00+00:00,115.6500015258789,115.80000305175781,115.1500015258789,115.4800033569336,372162
2024-04-24 02:00:00+00:00,115.4800033569336,115.55000305175781,115.23999786376953,115.30000305175781,113461
2024-04-24 03:00:00+00:00,115.2699966430664,115.43000030517578,115.18000030517578,115.18000030517578,81558
2024-04-24 04:00:00+00:00,115.19000244140625,115.37999725341797,115.11000061035156,115.31999969482422,67009
2024-04-24 05:00:00+00:00,115.31999969482422,115.36000061035156,115.05999755859375,115.15499877929688,118225
2024-04-24 06:00:00+00:00,115.0,115.0,115.0,115.0,0
2024-04-26 00:00:00+00:00,114.44999694824219,114.55999755859375,113.31999969482422,113.4800033569336,406020
2024-04-26 01:00:00+00:00,113.47000122070312,113.48500061035156,113.05999755859375,113.20999908447266,129561
2024-04-26 02:00:00+00:00,113.21499633789062,113.55999755859375,113.19000244140625,113.22000122070312,110153
2024-04-26 03:00:00+00:00,113.2249984741211,113.34500122070312,113.16999816894531,113.31999969482422,84006
2024-04-26 04:00:00+00:00,113.33000183105469,113.44000244140625,113.08000183105469,113.0999984741211,110777
2024-04-26 05:00:00+00:00,113.1050033569336,113.1500015258789,112.7699966430664,113.11000061035156,291367
2024-04-29 00:00:00+00:00,114.0,114.18000030517578,113.66000366210938,113.96499633789062,0
2024-04-29 01:00:00+00:00,113.96499633789062,114.18000030517578,113.82499694824219,113.97000122070312,88740
2024-04-29 02:00:00+00:00,113.9800033569336,114.13999938964844,113.87999725341797,113.88999938964844,91791
2024-04-29 03:00:00+00:00,113.88999938964844,114.0,113.79000091552734,113.79000091552734,82825
2024-04-29 04:00:00+00:00,113.81999969482422,114.12000274658203,113.81999969482422,114.06999969482422,102475
2024-04-29 05:00:00+00:00,114.05999755859375,114.19999694824219,113.94999694824219,114.06999969482422,176556
2024-04-29 06:00:00+00:00,113.83999633789062,113.83999633789062,113.83999633789062,113.83999633789062,652688
2024-04-30 00:00:00+00:00,113.6500015258789,113.97000122070312,113.41999816894531,113.69999694824219,0
2024-04-30 01:00:00+00:00,113.70500183105469,114.16000366210938,113.52999877929688,113.98999786376953,67586
2024-04-30 02:00:00+00:00,113.98999786376953,114.19000244140625,113.9800033569336,114.04000091552734,49515
2024-04-30 03:00:00+00:00,114.02999877929688,114.23999786376953,113.97000122070312,114.0,60970
2024-04-30 04:00:00+00:00,113.98999786376953,114.01000213623047,113.79000091552734,113.93000030517578,58694
2024-04-30 05:00:00+00:00,113.94000244140625,114.38999938964844,113.91500091552734,114.2300033569336,173048
2024-04-30 06:00:00+00:00,114.54000091552734,114.54000091552734,114.54000091552734,114.54000091552734,702078
2024-05-01 00:00:00+00:00,113.5999984741211,113.98999786376953,113.0,113.94000244140625,0
2024-05-01 01:00:00+00:00,113.94999694824219,114.08000183105469,113.70999908447266,113.77999877929688,102773
2024-05-01 02:00:00+00:00,113.77999877929688,113.86000061035156,113.47000122070312,113.68000030517578,66207
2024-05-01 03:00:00+00:00,113.68000030517578,113.91999816894531,113.68000030517578,113.88999938964844,97153
2024-05-01 04:00:00+00:00,113.9000015258789,114.11000061035156,113.87000274658203,113.9800033569336,65716
2024-05-01 05:00:00+00:00,113.9800033569336,113.98999786376953,113.83000183105469,113.91999816894531,83556
2024-05-01 06:00:00+00:00,113.91999816894531,113.91999816894531,113.91999816894531,113.91999816894531,0
2024-05-02 00:00:00+00:00,114.69000244140625,115.0,114.04000091552734,114.05999755859375,174692
2024-05-02 01:00:00+00:00,114.05999755859375,115.77999877929688,114.0199966430664,115.75,175306
2024-05-02 02:00:00+00:00,115.7300033569336,115.80999755859375,115.33000183105469,115.4000015258789,169475
2024-05-02 03:00:00+00:00,115.40499877929688,115.54000091552734,115.02999877929688,115.1500015258789,92716
2024-05-02 04:00:00+00:00,115.12999725341797,115.23999786376953,114.9000015258789,115.13999938964844,101018
2024-05-02 05:00:00+00:00,115.12999725341797,115.29000091552734,114.97000122070312,115.19999694824219,107488
2024-05-02 06:00:00+00:00,115.0,115.0,115.0,115.0,0
2024-05-03 00:00:00+00:00,115.76000213623047,115.76000213623047,115.0,115.05000305175781,129155
2024-05-03 01:00:00+00:00,115.05000305175781,115.37999725341797,114.79000091552734,115.29000091552734,104331
2024-05-03 02:00:00+00:00,115.27999877929688,115.55000305175781,115.2300033569336,115.2699966430664,106152
2024-05-03 03:00:00+00:00,115.2699966430664,115.37000274658203,114.79000091552734,114.87000274658203,97743
2024-05-03 04:00:00+00:00,114.86000061035156,115.22000122070312,114.73999786376953,115.18000030517578,107362
2024-05-03 05:00:00+00:00,115.19000244140625,115.22000122070312,114.9800033569336,115.11000061035156,150394
2024-05-03 06:00:00+00:00,115.2300033569336,115.2300033569336,115.2300033569336,115.2300033569336,409644
2024-05-06 00:00:00+00:00,116.01000213623047,116.37999725341797,115.77999877929688,116.19999694824219,0
2024-05-06 01:00:00+00:00,116.19999694824219,116.4000015258789,116.05000305175781,116.12000274658203,128430
2024-05-06 02:00:00+00:00,116.0999984741211,116.18000030517578,115.95999908447266,116.01000213623047,66286
2024-05-06 03:00:00+00:00,116.00499725341797,116.37000274658203,115.98999786376953,116.31999969482422,61219
2024-05-06 04:00:00+00:00,116.30999755859375,116.45999908447266,116.26000213623047,116.42500305175781,235492
2024-05-06 05:00:00+00:00,116.42500305175781,116.47000122070312,116.20999908447266,116.2699966430664,98377
2024-05-06 06:00:00+00:00,116.58999633789062,116.58999633789062,116.58999633789062,116.58999633789062,0
2024-05-07 00:00:00+00:00,117.56999969482422,117.88999938964844,117.01000213623047,117.0999984741211,327773
2024-05-07 01:00:00+00:00,117.11000061035156,117.56999969482422,116.88999938964844,117.05000305175781,119056
2024-05-07 02:00:00+00:00,117.04499816894531,117.3499984741211,116.97000122070312,117.29000091552734,255673
2024-05-07 03:00:00+00:00,117.28500366210938,117.88999938964844,117.28500366210938,117.8499984741211,359666
2024-05-07 04:00:00+00:00,117.8499984741211,118.7300033569336,117.77999877929688,118.5199966430664,345314
2024-05-07 05:00:00+00:00,118.5199966430664,118.87999725341797,118.41999816894531,118.83000183105469,221042
2024-05-07 06:00:00+00:00,119.0,119.0,119.0,119.0,995261
2024-05-08 00:00:00+00:00,119.5,119.9000015258789,118.88999938964844,119.12000274658203,0
2024-05-08 01:00:00+00:00,119.11000061035156,119.18000030517578,118.45999908447266,119.12000274658203,156074
2024-05-08 02:00:00+00:00,119.11000061035156,119.29000091552734,118.87000274658203,119.04000091552734,145377
2024-05-08 03:00:00+00:00,119.04000091552734,119.18000030517578,118.94000244140625,119.05999755859375,122880
2024-05-08 04:00:00+00:00,119.05999755859375,119.4000015258789,119.04000091552734,119.30000305175781,130513
2024-05-08 05:00:00+00:00,119.30000305175781,119.44000244140625,119.05999755859375,119.30000305175781,204219
2024-05-08 06:00:00+00:00,119.73999786376953,119.73999786376953,119.73999786376953,119.73999786376953,809143
2024-05-09 00:00:00+00:00,119.69999694824219,119.69999694824219,117.73999786376953,117.88999938964844,0
2024-05-09 01:00:00+00:00,117.88999938964844,118.12999725341797,117.58999633789062,117.94999694824219,113722
2024-05-09 02:00:00+00:00,117.94999694824219,117.94999694824219,117.16999816894531,117.48999786376953,142722
2024-05-09 03:00:00+00:00,117.48999786376953,117.72000122070312,117.44000244140625,117.5,96929
2024-05-09 04:00:00+00:00,117.50499725341797,117.63500213623047,117.33000183105469,117.33000183105469,124670
2024-05-09 05:00:00+00:00,117.33000183105469,117.44999694824219,117.20999908447266,117.37999725341797,185310
2024-05-09 06:00:00+00:00,117.08999633789062,117.08999633789062,117.08999633789062,117.08999633789062,0
2024-05-10 00:00:00+00:00,117.70999908447266,118.18000030517578,117.25,117.83999633789062,207086
2024-05-10 01:00:00+00:00,117.83000183105469,118.08999633789062,117.55999755859375,117.94000244140625,140117
2024-05-10 02:00:00+00:00,117.94000244140625,118.3499984741211,117.91000366210938,118.12999725341797,104527
2024-05-10 03:00:00+00:00,118.13999938964844,118.26000213623047,117.97000122070312,118.20999908447266,95997
2024-05-10 04:00:00+00:00,118.19000244140625,118.33999633789062,117.91999816894531,117.96499633789062,127434
2024-05-10 05:00:00+00:00,117.96499633789062,118.08999633789062,117.63999938964844,117.69999694824219,142552
2024-05-10 06:00:00+00:00,117.54000091552734,117.54000091552734,117.54000091552734,117.54000091552734,437750
2024-05-13 00:00:00+00:00,117.54000091552734,117.9800033569336,117.05999755859375,117.66000366210938,0
2024-05-13 01:00:00+00:00,117.65499877929688,118.06999969482422,117.62999725341797,118.05500030517578,105696
2024-05-13 02:00:00+00:00,118.05999755859375,118.25,117.80999755859375,117.93499755859375,109386
2024-05-13 03:00:00+00:00,117.94000244140625,118.18000030517578,117.87999725341797,118.1500015258789,295711
2024-05-13 04:00:00+00:00,118.1500015258789,118.3499984741211,118.04000091552734,118.33000183105469,107947
2024-05-13 05:00:00+00:00,118.33000183105469,118.9000015258789,118.30999755859375,118.83000183105469,243470
2024-05-13 06:00:00+00:00,119.12000274658203,119.12000274658203,119.12000274658203,119.12000274658203,675726
2024-05-14 00:00:00+00:00,118.69999694824219,119.21499633789062,118.53500366210938,119.0199966430664,0
2024-05-14 01:00:00+00:00,119.0199966430664,119.07499694824219,118.58999633789062,118.83000183105469,103783
2024-05-14 02:00:00+00:00,118.81999969482422,119.08000183105469,118.7300033569336,119.01000213623047,79243
2024-05-14 03:00:00+00:00,119.0199966430664,119.11000061035156,118.62000274658203,118.6500015258789,69837
2024-05-14 04:00:00+00:00,118.63999938964844,118.87999725341797,118.62000274658203,118.84500122070312,83587
2024-05-14 05:00:00+00:00,118.83999633789062,119.18000030517578,118.80999755859375,119.1500015258789,155745
2024-05-14 06:00:00+00:00,119.33000183105469,119.33000183105469,119.33000183105469,119.33000183105469,752100
2024-05-15 00:00:00+00:00,119.5,120.06999969482422,119.27999877929688,119.88999938964844,0
2024-05-15 01:00:00+00:00,119.88999938964844,119.94000244140625,119.77999877929688,119.93000030517578,137582
2024-05-15 02:00:00+00:00,119.94000244140625,119.94999694824219,119.69000244140625,119.80500030517578,141823
2024-05-15 03:00:00+00:00,119.80000305175781,119.86000061035156,119.7249984741211,119.77999877929688,113773
2024-05-15 04:00:00+00:00,119.77999877929688,119.9000015258789,119.73999786376953,119.80000305175781,104555
2024-05-15 05:00:00+00:00,119.79000091552734,119.87999725341797,119.62000274658203,119.63999938964844,247375
2024-05-15 06:00:00+00:00,119.93000030517578,119.93000030517578,119.93000030517578,119.93000030517578,0
2024-05-16 00:00:00+00:00,121.0,121.38999938964844,120.19999694824219,121.26000213623047,583971
2024-05-16 01:00:00+00:00,121.2699966430664,122.37000274658203,121.26000213623047,122.29000091552734,431382
2024-05-16 02:00:00+00:00,122.29000091552734,122.5250015258789,122.0,122.23999786376953,302622
2024-05-16 03:00:00+00:00,122.23999786376953,122.30999755859375,121.58000183105469,121.75,228351
2024-05-16 04:00:00+00:00,121.75,122.55000305175781,121.55999755859375,122.33000183105469,357208
2024-05-16 05:00:00+00:00,122.33499908447266,122.54000091552734,122.12000274658203,122.25,434533
2024-05-16 06:00:00+00:00,122.26000213623047,122.26000213623047,122.26000213623047,122.26000213623047,0
2024-05-17 00:00:00+00:00,121.5,121.79000091552734,121.06999969482422,121.33000183105469,236084
2024-05-17 01:00:00+00:00,121.3499984741211,121.61000061035156,120.99500274658203,121.02999877929688,138823
2024-05-17 02:00:00+00:00,121.05000305175781,121.51000213623047,121.0,121.19999694824219,151033
2024-05-17 03:00:00+00:00,121.22000122070312,121.30999755859375,121.0,121.0199966430664,75906
2024-05-17 04:00:00+00:00,121.05000305175781,121.26000213623047,121.02999877929688,121.05999755859375,120782
2024-05-17 05:00:00+00:00,121.05999755859375,121.13999938964844,120.33999633789062,120.73999786376953,203970
2024-05-17 06:00:00+00:00,121.04000091552734,121.04000091552734,121.04000091552734,121.04000091552734,474532
2024-05-20 00:00:00+00:00,121.0,121.86000061035156,120.94999694824219,121.61000061035156,0
2024-05-20 01:00:00+00:00,121.61000061035156,121.72000122070312,121.25,121.37000274658203,112759
2024-05-20 02:00:00+00:00,121.36000061035156,121.48999786376953,121.19999694824219,121.30000305175781,77837
2024-05-20 03:00:00+00:00,121.30000305175781,121.54000091552734,121.19000244140625,121.41000366210938,85704
2024-05-20 04:00:00+00:00,121.40499877929688,121.58999633789062,121.38999938964844,121.48999786376953,97137
2024-05-20 05:00:00+00:00,121.48999786376953,121.55000305175781,121.36000061035156,121.54000091552734,156861
2024-05-20 06:00:00+00:00,121.7699966430664,121.7699966430664,121.7699966430664,121.7699966430664,509400
2024-05-21 00:00:00+00:00,121.69000244140625,121.7300033569336,121.19499969482422,121.25,0
2024-05-21 01:00:00+00:00,121.26000213623047,121.44999694824219,120.91999816894531,121.36000061035156,134401
2024-05-21 02:00:00+00:00,121.36000061035156,121.5999984741211,121.30999755859375,121.37000274658203,178755
2024-05-21 03:00:00+00:00,121.36000061035156,121.37999725341797,121.0999984741211,121.23999786376953,133222
2024-05-21 04:00:00+00:00,121.25,121.79000091552734,121.16000366210938,121.76000213623047,150577
2024-05-21 05:00:00+00:00,121.76000213623047,121.7699966430664,121.47000122070312,121.69000244140625,146650
2024-05-21 06:00:00+00:00,121.79000091552734,121.79000091552734,121.79000091552734,121.79000091552734,620642
2024-05-22 00:00:00+00:00,122.06999969482422,122.3499984741211,121.5999984741211,121.95500183105469,0
2024-05-22 01:00:00+00:00,121.95999908447266,122.01000213623047,121.55000305175781,121.79000091552734,123088
2024-05-22 02:00:00+00:00,121.79000091552734,121.80999755859375,121.30000305175781,121.41999816894531,95380
2024-05-22 03:00:00+00:00,121.41000366210938,121.70999908447266,121.38500213623047,121.66000366210938,71868
2024-05-22 04:00:00+00:00,121.66000366210938,121.77999877929688,121.51000213623047,121.51000213623047,92586
2024-05-22 05:00:00+00:00,121.51000213623047,121.5999984741211,121.36000061035156,121.51000213623047,129412
2024-05-22 06:00:00+00:00,121.5,121.5,121.5,121.5,0
2024-05-23 00:00:00+00:00,120.72000122070312,121.0,120.2300033569336,120.3499984741211,446556
2024-05-23 01:00:00+00:00,120.3499984741211,120.69999694824219,120.25,120.67500305175781,105258
2024-05-23 02:00:00+00:00,120.68000030517578,120.94000244140625,120.63999938964844,120.83999633789062,78911
2024-05-23 03:00:00+00:00,120.83499908447266,120.86000061035156,120.58999633789062,120.80500030517578,105550
2024-05-23 04:00:00+00:00,120.80999755859375,120.83000183105469,120.36000061035156,120.48999786376953,89437
2024-05-23 05:00:00+00:00,120.5,120.61000061035156,120.38999938964844,120.5,161856
2024-05-23 06:00:00+00:00,120.7300033569336,120.7300033569336,120.7300033569336,120.7300033569336,0
2024-05-24 00:00:00+00:00,119.0199966430664,119.5,118.80000305175781,119.1449966430664,270322
2024-05-24 01:00:00+00:00,119.1500015258789,119.37999725341797,118.2699966430664,118.47000122070312,259177
2024-05-24 02:00:00+00:00,118.4800033569336,118.5,118.08000183105469,118.23999786376953,124962
2024-05-24 03:00:00+00:00,118.24500274658203,118.56999969482422,118.16999816894531,118.18000030517578,116845
2024-05-24 04:00:00+00:00,118.19000244140625,118.83000183105469,118.18499755859375,118.76000213623047,116446
2024-05-24 05:00:00+00:00,118.76000213623047,118.86000061035156,118.37999725341797,118.79499816894531,177447
2024-05-24 06:00:00+00:00,118.87000274658203,118.87000274658203,118.87000274658203,118.87000274658203,473327
2024-05-27 00:00:00+00:00,119.7300033569336,120.33000183105469,119.7300033569336,120.1500015258789,0
2024-05-27 01:00:00+00:00,120.16500091552734,120.29000091552734,119.7699966430664,120.06999969482422,86460
2024-05-27 02:00:00+00:00,120.06999969482422,120.19000244140625,119.9800033569336,120.06999969482422,91336
2024-05-27 03:00:00+00:00,120.06999969482422,120.27999877929688,120.04000091552734,120.13999938964844,100712
2024-05-27 04:00:00+00:00,120.13999938964844,120.30000305175781,120.01000213623047,120.1500015258789,140342
2024-05-27 05:00:00+00:00,120.16000366210938,120.29000091552734,120.12000274658203,120.16000366210938,162509
2024-05-27 06:00:00+00:00,120.0999984741211,120.0999984741211,120.0999984741211,120.0999984741211,0
2024-05-28 00:00:00+00:00,120.08999633789062,120.33000183105469,119.74500274658203,119.93000030517578,119886
2024-05-28 01:00:00+00:00,119.91999816894531,120.08999633789062,119.51000213623047,119.55999755859375,86790
2024-05-28 02:00:00+00:00,119.56999969482422,119.93000030517578,119.54000091552734,119.86000061035156,149266
2024-05-28 03:00:00+00:00,119.86499786376953,119.9000015258789,119.68000030517578,119.75,60730
2024-05-28 04:00:00+00:00,119.74500274658203,119.97000122070312,119.74500274658203,119.86000061035156,94920
2024-05-28 05:00:00+00:00,119.87000274658203,120.2300033569336,119.86000061035156,120.08000183105469,190640
2024-05-28 06:00:00+00:00,120.30999755859375,120.30999755859375,120.30999755859375,120.30999755859375,806044
2024-05-29 00:00:00+00:00,119.37999725341797,119.48999786376953,118.72000122070312,118.76000213623047,0
2024-05-29 01:00:00+00:00,118.7699966430664,119.4000015258789,118.31999969482422,118.37000274658203,182818
2024-05-29 02:00:00+00:00,118.37000274658203,118.76000213623047,118.11000061035156,118.13500213623047,106363
2024-05-29 03:00:00+00:00,118.13999938964844,118.19999694824219,117.9000015258789,117.91000366210938,105843
2024-05-29 04:00:00+00:00,117.90499877929688,118.32499694824219,117.88999938964844,118.27999877929688,108750
2024-05-29 05:00:00+00:00,118.27999877929688,118.37999725341797,118.05999755859375,118.12999725341797,122527
2024-05-29 06:00:00+00:00,118.33999633789062,118.33999633789062,118.33999633789062,118.33999633789062,0
2024-05-30 00:00:00+00:00,117.0999984741211,117.83999633789062,116.63999938964844,117.80999755859375,337331
2024-05-30 01:00:00+00:00,117.83999633789062,118.4000015258789,117.81999969482422,118.08999633789062,128073
2024-05-30 02:00:00+00:00,118.08999633789062,118.29000091552734,118.08999633789062,118.20999908447266,103250
2024-05-30 03:00:00+00:00,118.2300033569336,118.41999816894531,118.12000274658203,118.41999816894531,93148
2024-05-30 04:00:00+00:00,118.41999816894531,118.41999816894531,118.05999755859375,118.12000274658203,81283
2024-05-30 05:00:00+00:00,118.11000061035156,118.19000244140625,117.8499984741211,117.87999725341797,135445
2024-05-30 06:00:00+00:00,117.98999786376953,117.98999786376953,117.98999786376953,117.98999786376953,0
2024-05-31 00:00:00+00:00,118.80000305175781,119.19000244140625,118.52999877929688,118.88999938964844,183857
2024-05-31 01:00:00+00:00,118.88999938964844,118.94999694824219,118.52999877929688,118.86000061035156,98983
2024-05-31 02:00:00+00:00,118.86000061035156,119.02999877929688,118.62000274658203,118.66999816894531,72362
2024-05-31 03:00:00+00:00,118.66999816894531,118.91999816894531,118.62000274658203,118.70999908447266,64605
2024-05-31 04:00:00+00:00,118.70500183105469,118.91999816894531,118.69999694824219,118.91000366210938,66351
2024-05-31 05:00:00+00:00,118.91000366210938,119.26000213623047,118.7300033569336,119.19000244140625,197907
2024-05-31 06:00:00+00:00,119.54000091552734,119.54000091552734,119.54000091552734,119.54000091552734,2048529
2024-06-03 00:00:00+00:00,120.33999633789062,120.8499984741211,120.22000122070312,120.51000213623047,0
2024-06-03 01:00:00+00:00,120.5199966430664,120.8499984741211,120.25,120.2699966430664,177132
2024-06-03 02:00:00+00:00,120.27999877929688,120.66000366210938,120.2300033569336,120.55999755859375,104612
2024-06-03 03:00:00+00:00,120.56500244140625,120.79499816894531,120.4800033569336,120.75,141242
2024-06-03 04:00:00+00:00,120.75,120.80000305175781,120.6500015258789,120.74500274658203,138560
2024-06-03 05:00:00+00:00,120.73999786376953,121.23999786376953,120.68000030517578,121.05000305175781,259874
2024-06-03 06:00:00+00:00,121.29000091552734,121.29000091552734,121.29000091552734,121.29000091552734,548556
2024-06-04 00:00:00+00:00,121.1500015258789,122.29000091552734,121.05000305175781,122.02999877929688,0
2024-06-04 01:00:00+00:00,122.0199966430664,122.41999816894531,121.87999725341797,122.30000305175781,175489
2024-06-04 02:00:00+00:00,122.30000305175781,122.4000015258789,122.13999938964844,122.36000061035156,132598
2024-06-04 03:00:00+00:00,122.3550033569336,122.36000061035156,121.83000183105469,122.21499633789062,152096
2024-06-04 04:00:00+00:00,122.21499633789062,122.48999786376953,122.0999984741211,122.44000244140625,155306
2024-06-04 05:00:00+00:00,122.44000244140625,122.4800033569336,122.13999938964844,122.21499633789062,271109
2024-06-04 06:00:00+00:00,122.45999908447266,122.45999908447266,122.45999908447266,122.45999908447266,0
2024-06-05 00:00:00+00:00,123.16999816894531,123.45999908447266,122.81999969482422,123.37000274658203,310843
2024-06-05 01:00:00+00:00,123.36000061035156,123.5999984741211,123.19999694824219,123.58000183105469,147487
2024-06-05 02:00:00+00:00,123.59500122070312,123.87999725341797,123.41000366210938,123.70999908447266,125963
2024-06-05 03:00:00+00:00,123.72000122070312,123.87999725341797,123.22000122070312,123.87999725341797,101154
2024-06-05 04:00:00+00:00,123.87000274658203,123.94999694824219,123.63999938964844,123.66999816894531,164044
2024-06-05 05:00:00+00:00,123.68000030517578,123.7300033569336,123.1500015258789,123.26000213623047,184493
2024-06-05 06:00:00+00:00,123.47000122070312,123.47000122070312,123.47000122070312,123.47000122070312,618832
2024-06-06 00:00:00+00:00,124.5,125.2300033569336,124.20999908447266,124.5999984741211,0
2024-06-06 01:00:00+00:00,124.58999633789062,125.97000122070312,124.55999755859375,125.61499786376953,391584
2024-06-06 02:00:00+00:00,125.62000274658203,125.73999786376953,124.76000213623047,125.26000213623047,269070
2024-06-06 03:00:00+00:00,125.26000213623047,125.68000030517578,124.86000061035156,125.26000213623047,213494
2024-06-06 04:00:00+00:00,125.2699966430664,125.41000366210938,124.77999877929688,124.80000305175781,192201
2024-06-06 05:00:00+00:00,124.79000091552734,125.1500015258789,124.66000366210938,124.80000305175781,266333
2024-06-06 06:00:00+00:00,124.8499984741211,124.8499984741211,124.8499984741211,124.8499984741211,620881
2024-06-07 00:00:00+00:00,125.0,125.0,124.26000213623047,124.37999725341797,0
2024-06-07 01:00:00+00:00,124.38999938964844,124.52999877929688,124.08000183105469,124.19999694824219,141492
2024-06-07 02:00:00+00:00,124.2300033569336,124.9800033569336,124.19999694824219,124.95999908447266,89892
2024-06-07 03:00:00+00:00,124.97000122070312,125.13999938964844,124.7699966430664,124.80999755859375,120797
2024-06-07 04:00:00+00:00,124.80000305175781,125.05000305175781,124.7300033569336,124.93000030517578,114089
2024-06-07 05:00:00+00:00,124.94000244140625,125.30000305175781,124.8499984741211,125.23999786376953,149923
2024-06-07 06:00:00+00:00,125.55000305175781,125.55000305175781,125.55000305175781,125.55000305175781,462323
2024-06-11 00:00:00+00:00,124.05000305175781,124.5999984741211,123.72000122070312,124.18000030517578,0
2024-06-11 01:00:00+00:00,124.16999816894531,124.26000213623047,123.87999725341797,123.97000122070312,178807
2024-06-11 02:00:00+00:00,123.97000122070312,124.0199966430664,123.76000213623047,123.86000061035156,114424
2024-06-11 03:00:00+00:00,123.8499984741211,124.36000061035156,123.83000183105469,124.2699966430664,112101
2024-06-11 04:00:00+00:00,124.2699966430664,124.72000122070312,124.12999725341797,124.55999755859375,163856
2024-06-11 05:00:00+00:00,124.55999755859375,125.02999877929688,124.44000244140625,124.61000061035156,224912
2024-06-11 06:00:00+00:00,124.93000030517578,124.93000030517578,124.93000030517578,124.93000030517578,617340
2024-06-12 00:00:00+00:00,124.3499984741211,124.59500122070312,123.81999969482422,123.86000061035156,0
2024-06-12 01:00:00+00:00,123.875,123.93000030517578,123.5,123.54000091552734,139994
2024-06-12 02:00:00+00:00,123.54000091552734,123.83999633789062,123.4000015258789,123.61000061035156,142774
2024-06-12 03:00:00+00:00,123.62999725341797,123.93000030517578,123.55999755859375,123.86000061035156,99958
2024-06-12 04:00:00+00:00,123.86000061035156,124.06999969482422,123.7699966430664,124.0,141281
2024-06-12 05:00:00+00:00,124.0,124.23999786376953,123.95999908447266,124.12999725341797,152683
2024-06-12 06:00:00+00:00,124.12000274658203,124.12999725341797,124.0999984741211,124.0999984741211,0
2024-06-13 00:00:00+00:00,125.33000183105469,125.69000244140625,125.05000305175781,125.37999725341797,396550
2024-06-13 01:00:00+00:00,125.4000015258789,125.5199966430664,125.27999877929688,125.41999816894531,266586
2024-06-13 02:00:00+00:00,125.41999816894531,125.44999694824219,124.9000015258789,125.19000244140625,134508
2024-06-13 03:00:00+00:00,125.19000244140625,125.43000030517578,125.12999725341797,125.37000274658203,91485
2024-06-13 04:00:00+00:00,125.36499786376953,125.43000030517578,125.22000122070312,125.30999755859375,90121
2024-06-13 05:00:00+00:00,125.33000183105469,125.4000015258789,125.1500015258789,125.25,158986
2024-06-13 06:00:00+00:00,125.4800033569336,125.4800033569336,125.4800033569336,125.4800033569336,400726
2024-06-14 00:00:00+00:00,125.36000061035156,125.5999984741211,125.0,125.0999984741211,0
2024-06-14 01:00:00+00:00,125.0999984741211,125.30000305175781,124.8499984741211,125.05000305175781,98146
2024-06-14 02:00:00+00:00,125.06999969482422,125.1500015258789,124.94999694824219,125.08999633789062,119435
2024-06-14 03:00:00+00:00,125.08999633789062,125.19000244140625,124.94000244140625,125.01000213623047,90717
2024-06-14 04:00:00+00:00,125.00499725341797,125.1500015258789,124.91000366210938,125.13999938964844,80836
2024-06-14 05:00:00+00:00,125.1449966430664,125.19999694824219,125.06999969482422,125.19999694824219,143362
2024-06-14 06:00:00+00:00,125.30999755859375,125.30999755859375,125.30999755859375,125.30999755859375,440407
2024-06-17 00:00:00+00:00,124.98999786376953,125.5999984741211,124.76000213623047,125.56999969482422,0
2024-06-17 01:00:00+00:00,125.58000183105469,125.58999633789062,125.20999908447266,125.41000366210938,120811
2024-06-17 02:00:00+00:00,125.40499877929688,125.54000091552734,125.16999816894531,125.20999908447266,143479
2024-06-17 03:00:00+00:00,125.19999694824219,125.47000122070312,125.0,125.30000305175781,122550
2024-06-17 04:00:00+00:00,125.30000305175781,125.43000030517578,125.13999938964844,125.26000213623047,418864
2024-06-17 05:00:00+00:00,125.26000213623047,125.48500061035156,125.19999694824219,125.45999908447266,174516
2024-06-17 06:00:00+00:00,125.48999786376953,125.48999786376953,125.48999786376953,125.48999786376953,325071
2024-06-18 00:00:00+00:00,126.5199966430664,127.69999694824219,126.38999938964844,127.6500015258789,0
2024-06-18 01:00:00+00:00,127.66999816894531,127.75,126.87000274658203,127.1500015258789,370437
2024-06-18 02:00:00+00:00,127.15499877929688,127.6500015258789,127.15499877929688,127.6500015258789,135660
2024-06-18 03:00:00+00:00,127.63999938964844,127.75,127.1500015258789,127.56500244140625,129424
2024-06-18 04:00:00+00:00,127.56999969482422,127.98999786376953,127.30999755859375,127.3949966430664,171935
2024-06-18 05:00:00+00:00,127.4000015258789,127.5999984741211,127.16000366210938,127.55999755859375,234143
2024-06-18 06:00:00+00:00,127.9800033569336,127.9800033569336,127.9800033569336,127.9800033569336,617456
2024-06-19 00:00:00+00:00,127.79000091552734,127.87999725341797,127.36000061035156,127.55999755859375,0
2024-06-19 01:00:00+00:00,127.54000091552734,127.77999877929688,127.47000122070312,127.70999908447266,95459
2024-06-19 02:00:00+00:00,127.70999908447266,127.77999877929688,127.63999938964844,127.70999908447266,270395
2024-06-19 03:00:00+00:00,127.70999908447266,127.76000213623047,127.4000015258789,127.48500061035156,332737
2024-06-19 04:00:00+00:00,127.48500061035156,127.56999969482422,127.23500061035156,127.36499786376953,140678
2024-06-19 05:00:00+00:00,127.36000061035156,127.38500213623047,126.7699966430664,127.1500015258789,392735
2024-06-19 06:00:00+00:00,126.94000244140625,126.94000244140625,126.94000244140625,126.94000244140625,501865
2024-06-20 00:00:00+00:00,126.6500015258789,127.2300033569336,126.52999877929688,127.06999969482422,0
2024-06-20 01:00:00+00:00,127.06999969482422,127.58000183105469,127.02999877929688,127.31500244140625,162600
2024-06-20 02:00:00+00:00,127.31500244140625,127.62000274658203,127.23999786376953,127.58000183105469,83868
2024-06-20 03:00:00+00:00,127.57499694824219,127.7699966430664,127.56500244140625,127.66000366210938,93618
2024-06-20 04:00:00+00:00,127.66500091552734,127.76000213623047,127.33999633789062,127.66000366210938,146710
2024-06-20 05:00:00+00:00,127.68000030517578,127.83999633789062,127.61000061035156,127.69999694824219,787931
2024-06-20 06:00:00+00:00,127.75,127.75,127.75,127.75,681691
2024-06-21 00:00:00+00:00,128.0,128.25,126.69000244140625,126.69999694824219,392401
2024-06-21 01:00:00+00:00,126.69000244140625,126.75,125.9000015258789,126.69999694824219,170022
2024-06-21 02:00:00+00:00,126.69499969482422,127.4000015258789,126.66000366210938,127.4000015258789,126452
2024-06-21 03:00:00+00:00,127.4000015258789,127.47000122070312,127.18000030517578,127.31999969482422,107019
2024-06-21 04:00:00+00:00,127.31500244140625,127.73999786376953,127.2699966430664,127.5,136836
2024-06-21 05:00:00+00:00,127.5,127.58999633789062,127.27999877929688,127.51000213623047,170709
2024-06-24 00:00:00+00:00,127.5999984741211,127.98999786376953,127.51000213623047,127.77999877929688,0
2024-06-24 01:00:00+00:00,127.79000091552734,127.9000015258789,127.41000366210938,127.80999755859375,152252
2024-06-24 02:00:00+00:00,127.80999755859375,127.81999969482422,127.37999725341797,127.41999816894531,144683
2024-06-24 03:00:00+00:00,127.43000030517578,127.66999816894531,127.37000274658203,127.51000213623047,90841
2024-06-24 04:00:00+00:00,127.48999786376953,127.58000183105469,127.18000030517578,127.33000183105469,108562
2024-06-24 05:00:00+00:00,127.33499908447266,127.33999633789062,126.88999938964844,126.98999786376953,179956
2024-06-24 06:00:00+00:00,126.80000305175781,126.80000305175781,126.80000305175781,126.80000305175781,467893
2024-06-25 00:00:00+00:00,128.11000061035156,128.67999267578125,127.68000030517578,127.70999908447266,0
2024-06-25 01:00:00+00:00,127.70999908447266,128.13999938964844,127.69999694824219,128.0749969482422,184593
2024-06-25 02:00:00+00:00,128.0749969482422,128.30999755859375,127.56999969482422,127.65499877929688,121645
2024-06-25 03:00:00+00:00,127.6500015258789,127.94999694824219,127.51000213623047,127.91000366210938,112562
2024-06-25 04:00:00+00:00,127.91000366210938,128.07000732421875,127.80000305175781,128.00999450683594,134847
2024-06-25 05:00:00+00:00,128.0,128.42999267578125,127.87000274658203,128.22999572753906,166597
2024-06-25 06:00:00+00:00,128.6300048828125,128.6300048828125,128.6300048828125,128.6300048828125,768150
2024-06-26 00:00:00+00:00,127.63999938964844,128.08999633789062,127.62000274658203,127.91000366210938,0
2024-06-26 01:00:00+00:00,127.93000030517578,128.0800018310547,126.98999786376953,127.22000122070312,180179
2024-06-26 02:00:00+00:00,127.19999694824219,127.4000015258789,126.8499984741211,126.97000122070312,157717
2024-06-26 03:00:00+00:00,126.97000122070312,127.48999786376953,126.87999725341797,127.13999938964844,96005
2024-06-26 04:00:00+00:00,127.1449966430664,127.37000274658203,126.91000366210938,127.20500183105469,140112
2024-06-26 05:00:00+00:00,127.19999694824219,127.23999786376953,126.63500213623047,126.7699966430664,229598
2024-06-26 06:00:00+00:00,126.9000015258789,126.9000015258789,126.9000015258789,126.9000015258789,854076
2024-06-27 00:00:00+00:00,125.0,125.51000213623047,124.3499984741211,124.93000030517578,0
2024-06-27 01:00:00+00:00,124.94000244140625,125.43000030517578,124.87000274658203,124.91000366210938,198756
2024-06-27 02:00:00+00:00,124.91999816894531,125.25,124.91000366210938,125.18000030517578,131617
2024-06-27 03:00:00+00:00,125.19999694824219,125.3499984741211,125.08000183105469,125.18000030517578,101571
2024-06-27 04:00:00+00:00,125.19499969482422,125.43499755859375,125.18000030517578,125.31999969482422,111196
2024-06-27 05:00:00+00:00,125.31500244140625,125.79000091552734,125.30000305175781,125.76000213623047,185993
2024-06-27 06:00:00+00:00,126.19999694824219,126.19999694824219,126.19999694824219,126.19999694824219,0
2024-06-28 00:00:00+00:00,127.0,127.61000061035156,126.5999984741211,126.62999725341797,338273
2024-06-28 01:00:00+00:00,126.62000274658203,126.87000274658203,126.31999969482422,126.63999938964844,130456
2024-06-28 02:00:00+00:00,126.6500015258789,126.91000366210938,126.41999816894531,126.58000183105469,81212
2024-06-28 03:00:00+00:00,126.58999633789062,126.73999786376953,126.2699966430664,126.62999725341797,61309
2024-06-28 04:00:00+00:00,126.63999938964844,126.81999969482422,126.37000274658203,126.62999725341797,77140
2024-06-28 05:00:00+00:00,126.62999725341797,127.16999816894531,126.4000015258789,127.16999816894531,178040
2024-07-01 00:00:00+00:00,126.44000244140625,126.52999877929688,125.43000030517578,125.98999786376953,0
2024-07-01 01:00:00+00:00,125.99500274658203,126.43000030517578,125.9000015258789,126.1500015258789,129012
2024-07-01 02:00:00+00:00,126.16500091552734,126.19000244140625,125.87999725341797,126.15499877929688,106814
2024-07-01 03:00:00+00:00,126.15499877929688,126.30000305175781,126.02999877929688,126.12999725341797,88236
2024-07-01 04:00:00+00:00,126.1500015258789,126.2699966430664,126.05000305175781,126.18000030517578,180560
2024-07-01 05:00:00+00:00,126.17500305175781,126.20999908447266,125.80999755859375,126.19999694824219,177949
2024-07-01 06:00:00+00:00,126.19999694824219,126.19999694824219,126.19999694824219,126.19999694824219,433707
2024-07-02 00:00:00+00:00,125.80000305175781,126.19999694824219,125.44999694824219,125.83000183105469,0
2024-07-02 01:00:00+00:00,125.8499984741211,125.87999725341797,125.44999694824219,125.5,108987
2024-07-02 02:00:00+00:00,125.48999786376953,125.88999938964844,125.4000015258789,125.4800033569336,116713
2024-07-02 03:00:00+00:00,125.4800033569336,125.80999755859375,125.4000015258789,125.7699966430664,99315
2024-07-02 04:00:00+00:00,125.7699966430664,125.8499984741211,125.62999725341797,125.80000305175781,164692
2024-07-02 05:00:00+00:00,125.80000305175781,125.95999908447266,125.72000122070312,125.79000091552734,249051
2024-07-02 06:00:00+00:00,125.66000366210938,125.66000366210938,125.66000366210938,125.66000366210938,504882
2024-07-03 00:00:00+00:00,126.2300033569336,126.44000244140625,125.29000091552734,125.63500213623047,0
2024-07-03 01:00:00+00:00,125.6500015258789,125.66999816894531,125.0,125.45999908447266,156377
2024-07-03 02:00:00+00:00,125.44000244140625,125.80999755859375,125.43499755859375,125.56999969482422,86658
2024-07-03 03:00:00+00:00,125.56999969482422,125.58999633789062,124.9000015258789,125.04000091552734,118334
2024-07-03 04:00:00+00:00,125.03500366210938,125.3949966430664,124.80000305175781,125.25,115584
2024-07-03 05:00:00+00:00,125.25,125.38999938964844,125.0999984741211,125.16999816894531,155765
2024-07-03 06:00:00+00:00,125.37999725341797,125.37999725341797,125.37999725341797,125.37999725341797,0
2024-07-04 00:00:00+00:00,126.51000213623047,126.75,126.19000244140625,126.5,279915
2024-07-04 01:00:00+00:00,126.5,127.05999755859375,126.45999908447266,126.87000274658203,181022
2024-07-04 02:00:00+00:00,126.87000274658203,126.90499877929688,126.5999984741211,126.87999725341797,123144
2024-07-04 03:00:00+00:00,126.87999725341797,127.06999969482422,126.79000091552734,126.9000015258789,110266
2024-07-04 04:00:00+00:00,126.91000366210938,127.23999786376953,126.80999755859375,127.16000366210938,98585
2024-07-04 05:00:00+00:00,127.16000366210938,127.5999984741211,127.1500015258789,127.5199966430664,191556
2024-07-04 06:00:00+00:00,127.86000061035156,127.86000061035156,127.86000061035156,127.86000061035156,0
2024-07-05 00:00:00+00:00,127.58000183105469,127.8499984741211,127.25,127.6050033569336,113936
2024-07-05 01:00:00+00:00,127.61000061035156,127.8499984741211,127.43000030517578,127.73999786376953,107563
2024-07-05 02:00:00+00:00,127.73999786376953,127.73999786376953,127.0,127.31999969482422,77817
2024-07-05 03:00:00+00:00,127.30999755859375,127.37999725341797,127.04000091552734,127.06999969482422,50327
2024-07-05 04:00:00+00:00,127.08000183105469,127.31500244140625,126.94000244140625,127.02999877929688,84705
2024-07-05 05:00:00+00:00,127.02999877929688,127.05000305175781,126.6500015258789,126.86000061035156,95708
2024-07-05 06:00:00+00:00,127.0999984741211,127.0999984741211,127.0999984741211,127.0999984741211,0
2024-07-08 00:00:00+00:00,126.9000015258789,127.16999816894531,126.08999633789062,126.19000244140625,163244
2024-07-08 01:00:00+00:00,126.19000244140625,126.6500015258789,126.12000274658203,126.5199966430664,262383
2024-07-08 02:00:00+00:00,126.51000213623047,126.63999938964844,126.2300033569336,126.30000305175781,66443
2024-07-08 03:00:00+00:00,126.30999755859375,126.52999877929688,126.30000305175781,126.45999908447266,59941
2024-07-08 04:00:00+00:00,126.44999694824219,126.54000091552734,126.33999633789062,126.52999877929688,61878
2024-07-08 05:00:00+00:00,126.5250015258789,126.5250015258789,126.22000122070312,126.47000122070312,94348
2024-07-08 06:00:00+00:00,126.47000122070312,126.47000122070312,126.47000122070312,126.47000122070312,0
2024-07-09 00:00:00+00:00,127.5,127.68000030517578,126.98999786376953,127.05000305175781,276914
2024-07-09 01:00:00+00:00,127.04499816894531,127.66999816894531,127.01000213623047,127.48999786376953,153523
2024-07-09 02:00:00+00:00,127.48999786376953,127.75,127.44000244140625,127.63999938964844,89486
2024-07-09 03:00:00+00:00,127.63999938964844,128.22999572753906,127.62000274658203,128.1999969482422,153070
2024-07-09 04:00:00+00:00,128.2100067138672,128.77000427246094,128.10000610351562,128.72999572753906,156835
2024-07-09 05:00:00+00:00,128.72000122070312,128.97000122070312,128.60000610351562,128.72000122070312,300057
2024-07-09 06:00:00+00:00,128.69000244140625,128.69000244140625,128.69000244140625,128.69000244140625,543156
2024-07-10 00:00:00+00:00,128.0,128.1300048828125,127.26000213623047,127.62999725341797,0
2024-07-10 01:00:00+00:00,127.62999725341797,127.76000213623047,127.5,127.56999969482422,86352
2024-07-10 02:00:00+00:00,127.56999969482422,127.9000015258789,127.52999877929688,127.83999633789062,83379
2024-07-10 03:00:00+00:00,127.83999633789062,127.92500305175781,127.70999908447266,127.81999969482422,52102
2024-07-10 04:00:00+00:00,127.83000183105469,128.3300018310547,127.69999694824219,128.27499389648438,89556
2024-07-10 05:00:00+00:00,128.27999877929688,128.38999938964844,128.08999633789062,128.25,119446
2024-07-10 06:00:00+00:00,128.5399932861328,128.5399932861328,128.5399932861328,128.5399932861328,425723
2024-07-11 00:00:00+00:00,130.17999267578125,130.3000030517578,129.75,130.1300048828125,0
2024-07-11 01:00:00+00:00,130.13999938964844,130.19000244140625,129.49000549316406,130.1199951171875,166742
2024-07-11 02:00:00+00:00,130.1300048828125,130.14999389648438,129.69000244140625,129.74000549316406,111526
2024-07-11 03:00:00+00:00,129.74000549316406,129.74000549316406,129.4600067138672,129.61000061035156,90061
2024-07-11 04:00:00+00:00,129.60000610351562,129.67999267578125,129.35000610351562,129.4600067138672,104000
2024-07-11 05:00:00+00:00,129.4600067138672,129.6199951171875,129.3000030517578,129.5399932861328,172337
2024-07-11 06:00:00+00:00,129.9199981689453,129.9199981689453,129.9199981689453,129.9199981689453,0
2024-07-12 00:00:00+00:00,130.8000030517578,130.92999267578125,129.88999938964844,130.1999969482422,411471
2024-07-12 01:00:00+00:00,130.22000122070312,131.47999572753906,130.22000122070312,131.27999877929688,267175
2024-07-12 02:00:00+00:00,131.2899932861328,131.6999969482422,131.02000427246094,131.3800048828125,148584
2024-07-12 03:00:00+00:00,131.39999389648438,131.6699981689453,131.38999938964844,131.50999450683594,103293
2024-07-12 04:00:00+00:00,131.55999755859375,131.83999633789062,131.25999450683594,131.6699981689453,184706
2024-07-12 05:00:00+00:00,131.6699981689453,131.7899932861328,131.3699951171875,131.42999267578125,166975
2024-07-12 06:00:00+00:00,131.66000366210938,131.66000366210938,131.66000366210938,131.66000366210938,465865
2024-07-15 00:00:00+00:00,132.75,133.3000030517578,132.3800048828125,132.5500030517578,0
2024-07-15 01:00:00+00:00,132.55999755859375,132.72000122070312,132.1999969482422,132.49000549316406,147623
2024-07-15 02:00:00+00:00,132.5,132.63999938964844,132.25,132.3800048828125,96763
2024-07-15 03:00:00+00:00,132.3800048828125,132.42999267578125,131.9199981689453,131.97000122070312,97537
2024-07-15 04:00:00+00:00,131.97000122070312,132.13999938964844,131.89999389648438,132.02000427246094,90891
2024-07-15 05:00:00+00:00,132.00999450683594,132.4600067138672,131.89999389648438,132.36000061035156,154371
2024-07-15 06:00:00+00:00,132.69000244140625,132.69000244140625,132.69000244140625,132.69000244140625,0
2024-07-16 00:00:00+00:00,132.42999267578125,133.0800018310547,132.19000244140625,132.89999389648438,564538
2024-07-16 01:00:00+00:00,132.88999938964844,132.99000549316406,132.36000061035156,132.38999938964844,179977
2024-07-16 02:00:00+00:00,132.3699951171875,132.47999572753906,132.08999633789062,132.2100067138672,108162
2024-07-16 03:00:00+00:00,132.19500732421875,132.47999572753906,132.1300048828125,132.44000244140625,94832
2024-07-16 04:00:00+00:00,132.44000244140625,132.4499969482422,132.19000244140625,132.3000030517578,99059
2024-07-16 05:00:00+00:00,132.2899932861328,132.4499969482422,132.02000427246094,132.1300048828125,156778
2024-07-16 06:00:00+00:00,132.44000244140625,132.44000244140625,132.44000244140625,132.44000244140625,0
2024-07-17 00:00:00+00:00,132.5,132.85000610351562,132.0,132.72000122070312,369550
2024-07-17 01:00:00+00:00,132.72999572753906,133.38999938964844,132.6199951171875,133.3800048828125,192644
2024-07-17 02:00:00+00:00,133.36000061035156,133.66000366210938,133.22999572753906,133.50999450683594,169914
2024-07-17 03:00:00+00:00,133.52999877929688,133.66000366210938,133.3000030517578,133.50999450683594,147999
2024-07-17 04:00:00+00:00,133.50999450683594,134.25,133.5,133.63999938964844,245435
2024-07-17 05:00:00+00:00,133.63999938964844,133.86000061035156,133.4199981689453,133.49000549316406,217197
2024-07-17 06:00:00+00:00,133.5,133.5,133.5,133.5,0
2024-07-18 00:00:00+00:00,133.24000549316406,134.0,132.8000030517578,133.92999267578125,609704
2024-07-18 01:00:00+00:00,133.9550018310547,133.9600067138672,133.32000732421875,133.47999572753906,126965
2024-07-18 02:00:00+00:00,133.47999572753906,133.55999755859375,132.63999938964844,132.91000366210938,127939
2024-07-18 03:00:00+00:00,132.92999267578125,132.99000549316406,132.60000610351562,132.8699951171875,151102
2024-07-18 04:00:00+00:00,132.86000061035156,132.97999572753906,132.21499633789062,132.22000122070312,167482
2024-07-18 05:00:00+00:00,132.21499633789062,132.41000366210938,131.91000366210938,132.22000122070312,264323
2024-07-18 06:00:00+00:00,132.66000366210938,132.66000366210938,132.66000366210938,132.66000366210938,1116985
2024-07-19 00:00:00+00:00,130.86000061035156,131.58999633789062,130.39999389648438,131.47000122070312,267357
2024-07-19 01:00:00+00:00,131.4600067138672,131.50999450683594,130.9499969482422,131.13999938964844,155533
2024-07-19 02:00:00+00:00,131.13999938964844,131.27000427246094,130.97000122070312,131.25999450683594,68846
2024-07-19 03:00:00+00:00,131.27000427246094,131.3000030517578,130.83999633789062,131.11000061035156,78073
2024-07-19 04:00:00+00:00,131.11000061035156,131.17999267578125,130.83999633789062,131.0500030517578,79769
2024-07-19 05:00:00+00:00,131.0500030517578,131.39999389648438,130.9499969482422,131.3000030517578,125504
2024-07-19 06:00:00+00:00,131.6300048828125,131.6300048828125,131.6300048828125,131.6300048828125,668180
2024-07-22 00:00:00+00:00,130.50999450683594,130.82000732421875,130.17999267578125,130.6999969482422,0
2024-07-22 01:00:00+00:00,130.6999969482422,130.83999633789062,130.52000427246094,130.5500030517578,103985
2024-07-22 02:00:00+00:00,130.5500030517578,130.75999450683594,130.38999938964844,130.75,59713
2024-07-22 03:00:00+00:00,130.7550048828125,130.92999267578125,130.6199951171875,130.75,50306
2024-07-22 04:00:00+00:00,130.7449951171875,130.86000061035156,130.6300048828125,130.64500427246094,83179
2024-07-22 05:00:00+00:00,130.63999938964844,131.2899932861328,130.5399932861328,131.2899932861328,109158
2024-07-22 06:00:00+00:00,131.67999267578125,131.67999267578125,131.67999267578125,131.67999267578125,564751
2024-07-23 00:00:00+00:00,132.58999633789062,132.74000549316406,132.10000610351562,132.4499969482422,0
2024-07-23 01:00:00+00:00,132.4600067138672,132.7899932861328,132.42999267578125,132.77999877929688,90348
2024-07-23 02:00:00+00:00,132.77999877929688,133.0800018310547,132.6999969482422,132.75,113221
2024-07-23 03:00:00+00:00,132.75999450683594,133.07000732421875,132.67999267578125,133.0500030517578,104074
2024-07-23 04:00:00+00:00,133.05999755859375,133.30999755859375,132.9499969482422,133.13499450683594,102842
2024-07-23 05:00:00+00:00,133.14999389648438,133.24000549316406,132.88999938964844,133.11000061035156,131485
2024-07-23 06:00:00+00:00,133.13999938964844,133.13999938964844,133.13999938964844,133.13999938964844,607968
2024-07-24 00:00:00+00:00,132.60000610351562,133.10000610351562,132.27000427246094,133.02999877929688,0
2024-07-24 01:00:00+00:00,133.02999877929688,133.0399932861328,132.64999389648438,132.9199981689453,87018
2024-07-24 02:00:00+00:00,132.91000366210938,132.94000244140625,132.63999938964844,132.7100067138672,71822
2024-07-24 03:00:00+00:00,132.71499633789062,132.85000610351562,132.6199951171875,132.64999389648438,70529
2024-07-24 04:00:00+00:00,132.63999938964844,132.72999572753906,132.3000030517578,132.55999755859375,119061
2024-07-24 05:00:00+00:00,132.57000732421875,132.7899932861328,132.52999877929688,132.6999969482422,163234
2024-07-24 06:00:00+00:00,132.77999877929688,132.77999877929688,132.77999877929688,132.77999877929688,0
2024-07-25 00:00:00+00:00,131.35000610351562,131.66000366210938,131.1999969482422,131.27000427246094,227611
2024-07-25 01:00:00+00:00,131.25999450683594,131.4499969482422,131.22999572753906,131.25,105661
2024-07-25 02:00:00+00:00,131.27000427246094,131.72999572753906,131.25999450683594,131.6999969482422,96724
2024-07-25 03:00:00+00:00,131.6999969482422,131.86000061035156,131.50999450683594,131.75,72432
2024-07-25 04:00:00+00:00,131.75,132.24000549316406,131.61000061035156,132.1999969482422,92402
2024-07-25 05:00:00+00:00,132.1999969482422,132.47999572753906,132.0,132.35000610351562,146631
2024-07-25 06:00:00+00:00,132.60000610351562,132.60000610351562,132.60000610351562,132.60000610351562,0
2024-07-26 00:00:00+00:00,133.36000061035156,133.4600067138672,132.52999877929688,132.94000244140625,169260
2024-07-26 01:00:00+00:00,132.9600067138672,133.22000122070312,132.7899932861328,133.0500030517578,70258
2024-07-26 02:00:00+00:00,133.02999877929688,133.1999969482422,132.91000366210938,133.0050048828125,73488
2024-07-26 03:00:00+00:00,133.0050048828125,133.14999389648438,132.8800048828125,133.10000610351562,57424
2024-07-26 04:00:00+00:00,133.0800018310547,133.17999267578125,132.98500061035156,133.02000427246094,85669
2024-07-26 05:00:00+00:00,133.02000427246094,133.02000427246094,132.6699981689453,132.72999572753906,107288
2024-07-26 06:00:00+00:00,133.13999938964844,133.13999938964844,133.13999938964844,133.13999938964844,531340
2024-07-29 00:00:00+00:00,133.8300018310547,134.47999572753906,133.8000030517578,134.3300018310547,0
2024-07-29 01:00:00+00:00,134.33999633789062,134.47999572753906,133.97000122070312,134.39999389648438,122239
2024-07-29 02:00:00+00:00,134.41000366210938,134.5800018310547,134.14999389648438,134.33999633789062,126558
2024-07-29 03:00:00+00:00,134.33999633789062,134.4600067138672,134.16000366210938,134.27999877929688,72684
2024-07-29 04:00:00+00:00,134.27999877929688,134.39999389648438,134.14999389648438,134.36000061035156,94551
2024-07-29 05:00:00+00:00,134.35000610351562,134.52999877929688,134.13999938964844,134.49000549316406,151000
2024-07-29 06:00:00+00:00,134.89999389648438,134.89999389648438,134.89999389648438,134.89999389648438,555278
2024-07-30 00:00:00+00:00,133.50999450683594,134.47999572753906,133.2899932861328,134.27999877929688,0
2024-07-30 01:00:00+00:00,134.27999877929688,134.6300048828125,134.2100067138672,134.53500366210938,189579
2024-07-30 02:00:00+00:00,134.5500030517578,135.22999572753906,134.47000122070312,135.1300048828125,210419
2024-07-30 03:00:00+00:00,135.1300048828125,135.47999572753906,135.07000732421875,135.34500122070312,171332
2024-07-30 04:00:00+00:00,135.34500122070312,135.89999389648438,135.24000549316406,135.6199951171875,162444
2024-07-30 05:00:00+00:00,135.6199951171875,135.83999633789062,135.39999389648438,135.77000427246094,179092
2024-07-30 06:00:00+00:00,135.9499969482422,135.9499969482422,135.9499969482422,135.9499969482422,0
2024-07-31 00:00:00+00:00,136.33999633789062,136.72000122070312,135.60000610351562,136.3699951171875,285406
2024-07-31 01:00:00+00:00,136.3699951171875,137.52999877929688,135.88999938964844,137.0,295780
2024-07-31 02:00:00+00:00,137.02000427246094,137.5,136.8000030517578,137.3000030517578,150017
2024-07-31 03:00:00+00:00,137.3000030517578,137.41000366210938,137.1300048828125,137.3000030517578,128433
2024-07-31 04:00:00+00:00,137.32000732421875,137.36500549316406,137.0399932861328,137.11000061035156,133562
2024-07-31 05:00:00+00:00,137.1199951171875,137.33999633789062,136.7899932861328,137.31500244140625,247529
2024-07-31 06:00:00+00:00,137.49000549316406,137.49000549316406,137.49000549316406,137.49000549316406,0
2024-08-01 00:00:00+00:00,138.2100067138672,138.24000549316406,136.83999633789062,136.97000122070312,368314
2024-08-01 01:00:00+00:00,136.97000122070312,137.2899932861328,136.66000366210938,137.19000244140625,192878
2024-08-01 02:00:00+00:00,137.1999969482422,137.41000366210938,137.1199951171875,137.19000244140625,126987
2024-08-01 03:00:00+00:00,137.18499755859375,137.2100067138672,136.7100067138672,136.99000549316406,112914
2024-08-01 04:00:00+00:00,136.99000549316406,137.0,136.3699951171875,136.88499450683594,181237
2024-08-01 05:00:00+00:00,136.88999938964844,136.9199981689453,136.32000732421875,136.52000427246094,177230
2024-08-01 06:00:00+00:00,136.27000427246094,136.27000427246094,136.27000427246094,136.27000427246094,0
2024-08-02 00:00:00+00:00,133.5,134.25,132.88999938964844,133.02999877929688,652302
2024-08-02 01:00:00+00:00,133.0399932861328,133.0399932861328,131.97000122070312,132.32000732421875,293672
2024-08-02 02:00:00+00:00,132.32000732421875,132.41000366210938,131.66000366210938,131.89999389648438,276268
2024-08-02 03:00:00+00:00,131.9199981689453,132.27000427246094,131.76499938964844,131.9600067138672,201446
2024-08-02 04:00:00+00:00,131.9550018310547,132.5,131.8300018310547,132.1199951171875,255749
2024-08-02 05:00:00+00:00,132.1300048828125,132.4199981689453,131.89999389648438,131.92999267578125,304668
2024-08-02 06:00:00+00:00,132.4600067138672,132.4600067138672,132.4600067138672,132.4600067138672,1261918
2024-08-05 00:00:00+00:00,130.60000610351562,130.77999877929688,128.30999755859375,128.3699951171875,0
2024-08-05 01:00:00+00:00,128.3800048828125,128.4600067138672,127.5,127.62000274658203,338262
2024-08-05 02:00:00+00:00,127.6050033569336,127.87000274658203,126.91000366210938,127.66999816894531,304554
2024-08-05 03:00:00+00:00,127.69000244140625,127.94000244140625,127.05000305175781,127.06999969482422,245895
2024-08-05 04:00:00+00:00,127.06999969482422,127.16999816894531,126.05500030517578,126.48999786376953,461425
2024-08-05 05:00:00+00:00,126.48999786376953,126.8499984741211,125.01499938964844,125.5999984741211,597900
2024-08-05 06:00:00+00:00,124.88999938964844,124.88999938964844,124.88999938964844,124.88999938964844,926827
2024-08-06 00:00:00+00:00,125.5,127.86000061035156,125.5,127.83000183105469,0
2024-08-06 01:00:00+00:00,127.79000091552734,128.02000427246094,126.83999633789062,126.9000015258789,289275
2024-08-06 02:00:00+00:00,126.91999816894531,127.26000213623047,126.80999755859375,126.87000274658203,144360
2024-08-06 03:00:00+00:00,126.86000061035156,127.4800033569336,126.7699966430664,127.44000244140625,102328
2024-08-06 04:00:00+00:00,127.44999694824219,127.5,127.0199966430664,127.41000366210938,241099
2024-08-06 05:00:00+00:00,127.43000030517578,128.4199981689453,127.30999755859375,127.8499984741211,380676
2024-08-06 06:00:00+00:00,127.69000244140625,127.69000244140625,127.69000244140625,127.69000244140625,790438
2024-08-07 00:00:00+00:00,126.87999725341797,127.45999908447266,126.7300033569336,127.0199966430664,0
2024-08-07 01:00:00+00:00,127.0199966430664,127.80000305175781,126.83999633789062,127.79000091552734,227955
2024-08-07 02:00:00+00:00,127.77999877929688,127.80000305175781,126.9800033569336,127.1500015258789,126457
2024-08-07 03:00:00+00:00,127.12999725341797,127.44999694824219,127.0,127.26499938964844,87712
2024-08-07 04:00:00+00:00,127.27999877929688,128.2100067138672,127.2699966430664,128.1300048828125,143866
2024-08-07 05:00:00+00:00,128.13499450683594,128.14999389648438,127.61000061035156,127.81999969482422,182983
2024-08-07 06:00:00+00:00,127.33999633789062,127.33999633789062,127.33999633789062,127.33999633789062,0
2024-08-08 00:00:00+00:00,127.3499984741211,128.1999969482422,127.0,127.05500030517578,274228
2024-08-08 01:00:00+00:00,127.06999969482422,127.5,126.95999908447266,127.30000305175781,101027
2024-08-08 02:00:00+00:00,127.30000305175781,128.25999450683594,127.30000305175781,128.08999633789062,192805
2024-08-08 03:00:00+00:00,128.07000732421875,128.7100067138672,128.07000732421875,128.41000366210938,74631
2024-08-08 04:00:00+00:00,128.4199981689453,128.5,127.94000244140625,128.0800018310547,62365
2024-08-08 05:00:00+00:00,128.0800018310547,128.6999969482422,128.05999755859375,128.60000610351562,148349
2024-08-08 06:00:00+00:00,129.11000061035156,129.11000061035156,129.11000061035156,129.11000061035156,0
2024-08-09 00:00:00+00:00,130.0,130.22999572753906,129.0,129.22999572753906,323719
2024-08-09 01:00:00+00:00,129.22999572753906,129.6300048828125,129.02000427246094,129.44000244140625,126421
2024-08-09 02:00:00+00:00,129.42999267578125,130.0,129.27999877929688,129.6300048828125,254716
2024-08-09 03:00:00+00:00,129.6300048828125,129.67999267578125,129.35000610351562,129.3800048828125,75253
2024-08-09 04:00:00+00:00,129.3800048828125,129.49000549316406,128.8800048828125,128.89999389648438,106785
2024-08-09 05:00:00+00:00,128.92999267578125,129.63999938964844,128.92999267578125,129.57000732421875,143054
2024-08-12 00:00:00+00:00,130.6999969482422,131.0399932861328,130.3300018310547,130.63999938964844,0
2024-08-12 01:00:00+00:00,130.6300048828125,130.7449951171875,130.22000122070312,130.44000244140625,98136
2024-08-12 02:00:00+00:00,130.44500732421875,130.72000122070312,130.14999389648438,130.6999969482422,112552
2024-08-12 03:00:00+00:00,130.6999969482422,130.6999969482422,130.5500030517578,130.5800018310547,43883
2024-08-12 04:00:00+00:00,130.5800018310547,130.6999969482422,130.4499969482422,130.4949951171875,85329
2024-08-12 05:00:00+00:00,130.4949951171875,130.61000061035156,130.3000030517578,130.42999267578125,106745
2024-08-12 06:00:00+00:00,130.52999877929688,130.52999877929688,130.52999877929688,130.52999877929688,228000
2024-08-13 00:00:00+00:00,130.42999267578125,131.3000030517578,130.22999572753906,131.3000030517578,0
2024-08-13 01:00:00+00:00,131.3000030517578,131.66000366210938,131.0399932861328,131.4600067138672,144855
2024-08-13 02:00:00+00:00,131.47000122070312,131.9199981689453,131.39999389648438,131.6649932861328,109138
2024-08-13 03:00:00+00:00,131.6649932861328,132.1300048828125,131.5500030517578,132.11000061035156,124865
2024-08-13 04:00:00+00:00,132.1199951171875,132.3800048828125,132.0449981689453,132.2100067138672,112886
2024-08-13 05:00:00+00:00,132.22000122070312,132.4199981689453,131.97999572753906,132.3699951171875,223169
2024-08-13 06:00:00+00:00,132.52000427246094,132.52000427246094,132.52000427246094,132.52000427246094,554239
2024-08-14 00:00:00+00:00,134.5,134.58999633789062,132.7100067138672,133.32000732421875,0
2024-08-14 01:00:00+00:00,133.32000732421875,134.11000061035156,132.97999572753906,133.99000549316406,160173
2024-08-14 02:00:00+00:00,134.00999450683594,134.35000610351562,133.11000061035156,133.41000366210938,132230
2024-08-14 03:00:00+00:00,133.42999267578125,133.64999389648438,133.10000610351562,133.14999389648438,105608
2024-08-14 04:00:00+00:00,133.17999267578125,133.75,133.13999938964844,133.7100067138672,176685
2024-08-14 05:00:00+00:00,133.7050018310547,134.25,133.63999938964844,133.92999267578125,250016
2024-08-14 06:00:00+00:00,134.2100067138672,134.2100067138672,134.2100067138672,134.2100067138672,0
2024-08-15 00:00:00+00:00,134.0,135.60000610351562,133.94000244140625,135.3300018310547,627361
2024-08-15 01:00:00+00:00,135.3300018310547,136.08999633789062,134.72500610351562,135.25,284175
2024-08-15 02:00:00+00:00,135.27999877929688,135.47999572753906,134.85000610351562,134.89999389648438,149976
2024-08-15 03:00:00+00:00,134.89999389648438,135.49000549316406,134.89500427246094,135.14999389648438,118316
2024-08-15 04:00:00+00:00,135.14999389648438,135.16000366210938,134.38999938964844,134.47999572753906,206942
2024-08-15 05:00:00+00:00,134.47999572753906,134.60000610351562,134.17999267578125,134.5,247949
2024-08-15 06:00:00+00:00,134.89999389648438,134.89999389648438,134.89999389648438,134.89999389648438,495181
2024-08-16 00:00:00+00:00,137.0399932861328,137.9600067138672,136.5399932861328,137.60000610351562,454382
2024-08-16 01:00:00+00:00,137.61000061035156,137.85000610351562,137.25999450683594,137.42999267578125,167943
2024-08-16 02:00:00+00:00,137.4199981689453,137.6300048828125,137.1300048828125,137.50999450683594,146415
2024-08-16 03:00:00+00:00,137.50999450683594,137.58999633789062,137.33999633789062,137.35000610351562,99823
2024-08-16 04:00:00+00:00,137.36000061035156,137.52000427246094,137.24000549316406,137.3800048828125,101138
2024-08-16 05:00:00+00:00,137.3800048828125,137.5500030517578,137.3000030517578,137.5399932861328,140311
2024-08-19 00:00:00+00:00,137.72000122070312,138.5,137.3699951171875,137.3800048828125,0
2024-08-19 01:00:00+00:00,137.3800048828125,137.9499969482422,137.3699951171875,137.49000549316406,91265
2024-08-19 02:00:00+00:00,137.47999572753906,137.7899932861328,137.47000122070312,137.74000549316406,266945
2024-08-19 03:00:00+00:00,137.75,138.38999938964844,137.7449951171875,138.35000610351562,92111
2024-08-19 04:00:00+00:00,138.35499572753906,138.60000610351562,137.88999938964844,138.11000061035156,161609
2024-08-19 05:00:00+00:00,138.1199951171875,138.8300018310547,138.11000061035156,138.74000549316406,219630
2024-08-19 06:00:00+00:00,139.25,139.25,139.25,139.25,901962
2024-08-20 00:00:00+00:00,140.25,141.33999633789062,139.02499389648438,139.19000244140625,0
2024-08-20 01:00:00+00:00,139.22999572753906,139.60000610351562,139.1199951171875,139.5500030517578,129568
2024-08-20 02:00:00+00:00,139.5399932861328,140.14999389648438,139.5399932861328,140.05999755859375,152922
2024-08-20 03:00:00+00:00,140.0500030517578,140.05999755859375,139.38999938964844,139.42999267578125,103883
2024-08-20 04:00:00+00:00,139.4250030517578,139.74000549316406,139.3300018310547,139.72999572753906,149799
2024-08-20 05:00:00+00:00,139.72000122070312,139.97000122070312,139.5399932861328,139.625,209909
2024-08-20 06:00:00+00:00,139.60000610351562,139.60000610351562,139.60000610351562,139.60000610351562,0
2024-08-21 00:00:00+00:00,138.22000122070312,138.3699951171875,136.50999450683594,136.57000732421875,810290
2024-08-21 01:00:00+00:00,136.5500030517578,136.7100067138672,136.10000610351562,136.1999969482422,162992
2024-08-21 02:00:00+00:00,136.1699981689453,136.33999633789062,135.91000366210938,136.05999755859375,143598
2024-08-21 03:00:00+00:00,136.07000732421875,136.25999450683594,135.67999267578125,135.80999755859375,165711
2024-08-21 04:00:00+00:00,135.82000732421875,136.36000061035156,135.72999572753906,136.02000427246094,201960
2024-08-21 05:00:00+00:00,136.00999450683594,136.05999755859375,135.64999389648438,135.7899932861328,249591
2024-08-21 06:00:00+00:00,136.02999877929688,136.02999877929688,136.02999877929688,136.02999877929688,772402
2024-08-22 00:00:00+00:00,136.9499969482422,136.99000549316406,135.97999572753906,136.25999450683594,0
2024-08-22 01:00:00+00:00,136.27000427246094,136.5399932861328,136.19000244140625,136.39500427246094,181668
2024-08-22 02:00:00+00:00,136.39500427246094,136.8000030517578,136.2100067138672,136.24000549316406,154538
2024-08-22 03:00:00+00:00,136.25,136.4199981689453,136.10000610351562,136.3300018310547,85048
2024-08-22 04:00:00+00:00,136.3300018310547,136.42999267578125,136.14999389648438,136.36000061035156,111096
2024-08-22 05:00:00+00:00,136.3699951171875,136.55999755859375,136.27000427246094,136.52999877929688,192446
2024-08-22 06:00:00+00:00,136.4600067138672,136.4600067138672,136.4600067138672,136.4600067138672,0
2024-08-23 00:00:00+00:00,136.39999389648438,136.8000030517578,136.2100067138672,136.66000366210938,179716
2024-08-23 01:00:00+00:00,136.6649932861328,136.6699981689453,135.85000610351562,135.9600067138672,106822
2024-08-23 02:00:00+00:00,135.97000122070312,136.6199951171875,135.85499572753906,136.44000244140625,99335
2024-08-23 03:00:00+00:00,136.43499755859375,136.61000061035156,136.3300018310547,136.35000610351562,76858
2024-08-23 04:00:00+00:00,136.35000610351562,136.42999267578125,135.9199981689453,136.08999633789062,143638
2024-08-23 05:00:00+00:00,136.0800018310547,136.47000122070312,136.02000427246094,136.36000061035156,139757
2024-08-23 06:00:00+00:00,136.8000030517578,136.8000030517578,136.8000030517578,136.8000030517578,439361
2024-08-26 00:00:00+00:00,137.50999450683594,138.125,137.17999267578125,138.05999755859375,0
2024-08-26 01:00:00+00:00,138.05999755859375,138.67999267578125,138.0399932861328,138.4199981689453,229964
2024-08-26 02:00:00+00:00,138.4250030517578,138.4499969482422,137.8800048828125,137.89999389648438,144646
2024-08-26 03:00:00+00:00,137.90499877929688,139.2899932861328,137.80999755859375,139.02999877929688,218366
2024-08-26 04:00:00+00:00,139.02999877929688,139.17999267578125,138.72000122070312,138.89999389648438,140557
2024-08-26 05:00:00+00:00,138.9199981689453,138.9499969482422,138.34500122070312,138.61000061035156,206879
2024-08-26 06:00:00+00:00,138.63499450683594,138.80999755859375,138.63499450683594,138.80999755859375,467314
2024-08-27 00:00:00+00:00,138.33999633789062,138.49000549316406,137.8000030517578,138.02999877929688,0
2024-08-27 01:00:00+00:00,138.02499389648438,138.02999877929688,137.66000366210938,137.74000549316406,98304
2024-08-27 02:00:00+00:00,137.74000549316406,137.90499877929688,137.6300048828125,137.72500610351562,66824
2024-08-27 03:00:00+00:00,137.72999572753906,137.77999877929688,137.05999755859375,137.25,70599
2024-08-27 04:00:00+00:00,137.26499938964844,137.47000122070312,136.83999633789062,136.92999267578125,99002
2024-08-27 05:00:00+00:00,136.94000244140625,137.2100067138672,136.8000030517578,137.08999633789062,128503
2024-08-27 06:00:00+00:00,137.42999267578125,137.42999267578125,137.42999267578125,137.42999267578125,493041
2024-08-28 00:00:00+00:00,136.9499969482422,137.27999877929688,136.6999969482422,136.72999572753906,0
2024-08-28 01:00:00+00:00,136.72500610351562,136.7899932861328,136.1999969482422,136.75999450683594,161798
2024-08-28 02:00:00+00:00,136.75999450683594,137.27999877929688,136.5500030517578,137.2100067138672,121676
2024-08-28 03:00:00+00:00,137.2100067138672,137.47999572753906,137.0800018310547,137.16000366210938,449315
2024-08-28 04:00:00+00:00,137.16000366210938,137.6999969482422,137.14999389648438,137.6300048828125,109296
2024-08-28 05:00:00+00:00,137.6300048828125,138.10000610351562,137.6199951171875,138.05999755859375,170954
2024-08-28 06:00:00+00:00,138.57000732421875,138.57000732421875,138.57000732421875,138.57000732421875,549994
2024-08-29 00:00:00+00:00,138.35000610351562,139.3300018310547,138.02999877929688,139.1699981689453,0
2024-08-29 01:00:00+00:00,139.1649932861328,139.27000427246094,138.6199951171875,138.9499969482422,112913
2024-08-29 02:00:00+00:00,138.9600067138672,139.0500030517578,138.61000061035156,138.86000061035156,248510
2024-08-29 03:00:00+00:00,138.8699951171875,139.1999969482422,138.82000732421875,139.1199951171875,101917
2024-08-29 04:00:00+00:00,139.1199951171875,139.1999969482422,139.0,139.1199951171875,159945
2024-08-29 05:00:00+00:00,139.1199951171875,139.1199951171875,138.82000732421875,138.8800048828125,164669
2024-08-29 06:00:00+00:00,138.8000030517578,138.8000030517578,138.8000030517578,138.8000030517578,0
2024-08-30 00:00:00+00:00,139.4499969482422,139.8000030517578,139.0,139.77000427246094,306403
2024-08-30 01:00:00+00:00,139.77000427246094,139.8800048828125,139.02999877929688,139.3000030517578,137061
2024-08-30 02:00:00+00:00,139.3000030517578,139.60499572753906,139.24000549316406,139.49000549316406,72277
2024-08-30 03:00:00+00:00,139.49000549316406,139.85000610351562,139.3300018310547,139.8300018310547,75055
2024-08-30 04:00:00+00:00,139.8300018310547,139.85000610351562,139.36000061035156,139.5800018310547,81720
2024-08-30 05:00:00+00:00,139.58999633789062,139.64999389648438,139.32000732421875,139.39999389648438,160293
2024-08-30 06:00:00+00:00,139.5,139.5,139.5,139.5,3046991
2024-09-02 00:00:00+00:00,139.35000610351562,139.89999389648438,138.6699981689453,139.8699951171875,0
2024-09-02 01:00:00+00:00,139.88999938964844,140.49000549316406,139.8000030517578,140.4499969482422,231495
2024-09-02 02:00:00+00:00,140.44000244140625,140.7899932861328,140.1199951171875,140.69000244140625,152418
2024-09-02 03:00:00+00:00,140.69000244140625,140.99000549316406,140.4499969482422,140.92999267578125,139732
2024-09-02 04:00:00+00:00,140.92999267578125,141.42999267578125,140.80999755859375,141.35000610351562,184196
2024-09-02 05:00:00+00:00,141.35000610351562,141.8699951171875,141.25999450683594,141.69000244140625,241979
2024-09-02 06:00:00+00:00,141.77000427246094,141.77000427246094,141.77000427246094,141.77000427246094,471435
2024-09-03 00:00:00+00:00,141.63999938964844,142.19000244140625,141.4499969482422,141.73500061035156,0
2024-09-03 01:00:00+00:00,141.72999572753906,142.67999267578125,141.72000122070312,142.38999938964844,253768
2024-09-03 02:00:00+00:00,142.3699951171875,142.60000610351562,142.22000122070312,142.2550048828125,94809
2024-09-03 03:00:00+00:00,142.25,142.75,142.07000732421875,142.61000061035156,128058
2024-09-03 04:00:00+00:00,142.6300048828125,142.8699951171875,142.5,142.8699951171875,164982
2024-09-03 05:00:00+00:00,142.86500549316406,143.30499267578125,142.8300018310547,143.1999969482422,232397
2024-09-03 06:00:00+00:00,143.3800048828125,143.3800048828125,143.3800048828125,143.3800048828125,615940
2024-09-04 00:00:00+00:00,141.5,141.57000732421875,139.5,139.7050018310547,0
2024-09-04 01:00:00+00:00,139.7050018310547,140.39999389648438,139.47000122070312,140.3249969482422,228736
2024-09-04 02:00:00+00:00,140.30999755859375,140.39999389648438,139.3300018310547,139.36000061035156,135472
2024-09-04 03:00:00+00:00,139.3699951171875,139.67999267578125,139.0449981689453,139.22000122070312,166514
2024-09-04 04:00:00+00:00,139.25,139.94000244140625,139.25,139.5800018310547,172479
2024-09-04 05:00:00+00:00,139.5800018310547,140.1199951171875,139.27999877929688,139.9499969482422,327429
2024-09-04 06:00:00+00:00,139.94000244140625,139.94000244140625,139.94000244140625,139.94000244140625,751522
2024-09-05 00:00:00+00:00,140.6300048828125,141.74000549316406,140.33999633789062,141.64999389648438,0
2024-09-05 01:00:00+00:00,141.64999389648438,141.85000610351562,141.0800018310547,141.2100067138672,131379
2024-09-05 02:00:00+00:00,141.2100067138672,141.25999450683594,140.8000030517578,140.80999755859375,98509
2024-09-05 03:00:00+00:00,140.80999755859375,141.05999755859375,140.5,140.5500030517578,104714
2024-09-05 04:00:00+00:00,140.57000732421875,141.25,140.4199981689453,141.2100067138672,136930
2024-09-05 05:00:00+00:00,141.28500366210938,141.3699951171875,140.8699951171875,141.05499267578125,239467
2024-09-05 06:00:00+00:00,141.35000610351562,141.35000610351562,141.35000610351562,141.35000610351562,0
2024-09-06 00:00:00+00:00,141.77999877929688,142.6999969482422,141.39999389648438,142.60000610351562,539391
2024-09-06 01:00:00+00:00,142.57000732421875,143.10000610351562,142.27000427246094,142.9600067138672,257670
2024-09-06 02:00:00+00:00,142.9600067138672,143.63999938964844,142.91000366210938,143.4600067138672,263142
2024-09-06 03:00:00+00:00,143.46499633789062,144.14999389648438,143.4199981689453,144.10000610351562,214992
2024-09-06 04:00:00+00:00,144.10000610351562,144.25,143.3300018310547,143.52999877929688,189609
2024-09-06 05:00:00+00:00,143.52000427246094,143.80999755859375,143.02999877929688,143.4199981689453,226707
2024-09-06 06:00:00+00:00,143.47000122070312,143.47000122070312,143.47000122070312,143.47000122070312,494431
2024-09-09 00:00:00+00:00,140.8699951171875,142.05999755859375,140.5,141.1300048828125,0
2024-09-09 01:00:00+00:00,141.14999389648438,142.3800048828125,141.14999389648438,142.11000061035156,300237
2024-09-09 02:00:00+00:00,142.1199951171875,142.3699951171875,141.74000549316406,141.92999267578125,116829
2024-09-09 03:00:00+00:00,141.92999267578125,142.4600067138672,141.92999267578125,142.375,115549
2024-09-09 04:00:00+00:00,142.375,142.72999572753906,142.30999755859375,142.63999938964844,116749
2024-09-09 05:00:00+00:00,142.63999938964844,143.0,142.39999389648438,142.61000061035156,201616
2024-09-09 06:00:00+00:00,142.9499969482422,142.9499969482422,142.9499969482422,142.9499969482422,812288
2024-09-10 00:00:00+00:00,144.05999755859375,144.49000549316406,143.77000427246094,144.27999877929688,0
2024-09-10 01:00:00+00:00,144.27999877929688,145.2100067138672,144.10000610351562,145.17999267578125,241023
2024-09-10 02:00:00+00:00,145.19000244140625,145.24000549316406,144.82000732421875,145.0050048828125,290675
2024-09-10 03:00:00+00:00,144.88999938964844,144.89999389648438,144.3699951171875,144.47999572753906,90847
2024-09-10 04:00:00+00:00,144.47500610351562,144.58999633789062,143.3000030517578,143.4499969482422,202056
2024-09-10 05:00:00+00:00,143.4499969482422,143.91000366210938,143.19000244140625,143.7899932861328,219149
2024-09-10 06:00:00+00:00,143.77000427246094,143.77000427246094,143.77000427246094,143.77000427246094,709185
2024-09-11 00:00:00+00:00,143.39999389648438,143.49000549316406,141.3000030517578,141.5500030517578,0
2024-09-11 01:00:00+00:00,141.5500030517578,141.94000244140625,141.08999633789062,141.33999633789062,202858
2024-09-11 02:00:00+00:00,141.35000610351562,141.50999450683594,141.0,141.42999267578125,155346
2024-09-11 03:00:00+00:00,141.44000244140625,141.5800018310547,141.10000610351562,141.1999969482422,159898
2024-09-11 04:00:00+00:00,141.19000244140625,141.2899932861328,140.92999267578125,141.13999938964844,170411
2024-09-11 05:00:00+00:00,141.14999389648438,141.39999389648438,140.7899932861328,141.0500030517578,291473
2024-09-11 06:00:00+00:00,141.0500030517578,141.0500030517578,141.0500030517578,141.0500030517578,0
2024-09-12 00:00:00+00:00,141.9600067138672,142.44000244140625,141.9600067138672,142.00999450683594,290232
2024-09-12 01:00:00+00:00,142.02999877929688,142.38999938964844,141.66000366210938,142.22999572753906,139812
2024-09-12 02:00:00+00:00,142.22999572753906,142.4499969482422,142.1699981689453,142.24000549316406,119148
2024-09-12 03:00:00+00:00,142.24000549316406,142.60000610351562,141.9199981689453,142.5,104761
2024-09-12 04:00:00+00:00,142.47000122070312,142.57000732421875,142.08999633789062,142.52999877929688,136168
2024-09-12 05:00:00+00:00,142.5399932861328,143.07000732421875,142.4199981689453,142.8699951171875,230087
2024-09-12 06:00:00+00:00,142.9600067138672,142.9600067138672,142.9600067138672,142.9600067138672,0
2024-09-13 00:00:00+00:00,143.39999389648438,143.5800018310547,142.50999450683594,142.83999633789062,326171
2024-09-13 01:00:00+00:00,142.85000610351562,142.86000061035156,141.69000244140625,141.72000122070312,215435
2024-09-13 02:00:00+00:00,141.72999572753906,142.1199951171875,141.5800018310547,141.72999572753906,114599
2024-09-13 03:00:00+00:00,141.72999572753906,141.8000030517578,140.94000244140625,140.9600067138672,141032
2024-09-13 04:00:00+00:00,140.97000122070312,141.74000549316406,140.97000122070312,141.64999389648438,134471
2024-09-13 05:00:00+00:00,141.64999389648438,141.74000549316406,141.3000030517578,141.5399932861328,201726
2024-09-13 06:00:00+00:00,141.64999389648438,141.64999389648438,141.64999389648438,141.64999389648438,587759
2024-09-16 00:00:00+00:00,142.0500030517578,143.05999755859375,141.85000610351562,142.99000549316406,0
2024-09-16 01:00:00+00:00,142.98500061035156,143.0399932861328,142.25,142.8000030517578,155661
2024-09-16 02:00:00+00:00,142.80999755859375,143.0,142.55999755859375,142.7100067138672,109804
2024-09-16 03:00:00+00:00,142.6999969482422,143.1199951171875,142.5,143.02000427246094,153717
2024-09-16 04:00:00+00:00,143.02000427246094,143.02999877929688,142.5800018310547,142.7949981689453,119615
2024-09-16 05:00:00+00:00,142.8000030517578,142.99000549316406,142.66000366210938,142.72000122070312,239306
2024-09-16 06:00:00+00:00,142.99000549316406,142.99000549316406,142.99000549316406,142.99000549316406,665920
2024-09-17 00:00:00+00:00,144.0,144.0,143.02999877929688,143.4199981689453,0
2024-09-17 01:00:00+00:00,143.38999938964844,143.69000244140625,143.1999969482422,143.3699951171875,139469
2024-09-17 02:00:00+00:00,143.3800048828125,143.39999389648438,143.0449981689453,143.22999572753906,133473
2024-09-17 03:00:00+00:00,143.22999572753906,143.6199951171875,143.22000122070312,143.5,118302
2024-09-17 04:00:00+00:00,143.49000549316406,143.52000427246094,143.35000610351562,143.42999267578125,93470
2024-09-17 05:00:00+00:00,143.42999267578125,143.5800018310547,143.33999633789062,143.38999938964844,212612
2024-09-17 06:00:00+00:00,143.0399932861328,143.0399932861328,143.0399932861328,143.0399932861328,0
2024-09-18 00:00:00+00:00,142.64999389648438,143.75,142.36000061035156,143.22000122070312,288061
2024-09-18 01:00:00+00:00,143.19000244140625,143.19000244140625,142.8800048828125,143.02000427246094,130695
2024-09-18 02:00:00+00:00,143.02499389648438,143.24000549316406,142.52999877929688,142.75,86564
2024-09-18 03:00:00+00:00,142.72000122070312,143.08999633789062,142.60000610351562,142.75999450683594,100065
2024-09-18 04:00:00+00:00,142.77000427246094,143.1199951171875,142.77000427246094,143.10000610351562,114209
2024-09-18 05:00:00+00:00,143.10000610351562,143.44000244140625,142.9499969482422,143.0800018310547,137470
2024-09-18 06:00:00+00:00,143.14999389648438,143.32000732421875,143.14999389648438,143.32000732421875,0
2024-09-19 00:00:00+00:00,144.5,145.0,143.17999267578125,143.47000122070312,1329545
2024-09-19 01:00:00+00:00,143.4600067138672,144.3300018310547,143.39999389648438,144.24000549316406,256494
2024-09-19 02:00:00+00:00,144.25,144.49000549316406,143.97000122070312,144.07000732421875,166933
2024-09-19 03:00:00+00:00,144.07000732421875,144.39999389648438,143.64999389648438,144.36000061035156,244888
2024-09-19 04:00:00+00:00,144.3699951171875,144.6999969482422,144.3300018310547,144.42999267578125,336566
2024-09-19 05:00:00+00:00,144.4199981689453,144.47999572753906,143.85000610351562,144.27999877929688,240250
2024-09-19 06:00:00+00:00,144.02000427246094,144.02000427246094,144.02000427246094,144.02000427246094,879063
2024-09-20 00:00:00+00:00,144.5,144.8300018310547,144.10000610351562,144.5800018310547,0
2024-09-20 01:00:00+00:00,144.5800018310547,144.69000244140625,144.3000030517578,144.3699951171875,98284
2024-09-20 02:00:00+00:00,144.3699951171875,144.3800048828125,143.61000061035156,143.7100067138672,105310
2024-09-20 03:00:00+00:00,143.7100067138672,143.97000122070312,143.57000732421875,143.96499633789062,116472
2024-09-20 04:00:00+00:00,143.9600067138672,144.36000061035156,143.9499969482422,144.27000427246094,206250
2024-09-20 05:00:00+00:00,144.26499938964844,144.4600067138672,143.99000549316406,144.25,392558
2024-09-20 06:00:00+00:00,144.5,144.5,144.5,144.5,2570754
2024-09-23 00:00:00+00:00,143.5500030517578,143.7899932861328,143.22000122070312,143.41000366210938,0
2024-09-23 01:00:00+00:00,143.4199981689453,143.52000427246094,142.57000732421875,142.67999267578125,140239
2024-09-23 02:00:00+00:00,142.67999267578125,142.8699951171875,142.52999877929688,142.7550048828125,107991
2024-09-23 03:00:00+00:00,142.7550048828125,142.7899932861328,142.5500030517578,142.61500549316406,93222
2024-09-23 04:00:00+00:00,142.61500549316406,142.72000122070312,142.52000427246094,142.5500030517578,229239
2024-09-23 05:00:00+00:00,142.5399932861328,142.66000366210938,142.30999755859375,142.5500030517578,165999
2024-09-23 06:00:00+00:00,142.38999938964844,142.38999938964844,142.38999938964844,142.38999938964844,499655
2024-09-24 00:00:00+00:00,142.50999450683594,142.88999938964844,142.0500030517578,142.1699981689453,0
2024-09-24 01:00:00+00:00,142.1699981689453,142.3800048828125,139.72999572753906,139.72999572753906,386917
2024-09-24 02:00:00+00:00,139.77000427246094,139.9199981689453,139.0399932861328,139.5050048828125,189239
2024-09-24 03:00:00+00:00,139.50999450683594,139.80999755859375,139.00999450683594,139.0399932861328,164462
2024-09-24 04:00:00+00:00,139.0399932861328,139.11000061035156,138.27000427246094,138.57000732421875,372323
2024-09-24 05:00:00+00:00,138.57000732421875,138.72000122070312,138.24000549316406,138.3300018310547,593239
2024-09-24 06:00:00+00:00,138.05999755859375,138.05999755859375,138.05999755859375,138.05999755859375,818266
2024-09-25 00:00:00+00:00,138.0,138.44000244140625,135.27000427246094,135.4499969482422,0
2024-09-25 01:00:00+00:00,135.4499969482422,135.92999267578125,134.77000427246094,135.4499969482422,567866
2024-09-25 02:00:00+00:00,135.4499969482422,135.57000732421875,134.5,134.9499969482422,330250
2024-09-25 03:00:00+00:00,134.97000122070312,135.77999877929688,134.75,134.77999877929688,271493
2024-09-25 04:00:00+00:00,134.77999877929688,135.6300048828125,134.60000610351562,135.3000030517578,246879
2024-09-25 05:00:00+00:00,135.31500244140625,135.77000427246094,134.60000610351562,134.63999938964844,494329
2024-09-25 06:00:00+00:00,134.88999938964844,134.88999938964844,134.88999938964844,134.88999938964844,0
2024-09-26 00:00:00+00:00,135.99000549316406,136.49000549316406,135.17999267578125,135.39500427246094,463980
2024-09-26 01:00:00+00:00,135.39500427246094,135.6300048828125,135.1699981689453,135.58999633789062,175502
2024-09-26 02:00:00+00:00,135.58999633789062,135.58999633789062,134.6999969482422,134.91000366210938,202728
2024-09-26 03:00:00+00:00,134.91000366210938,135.1999969482422,134.58999633789062,134.67999267578125,206963
2024-09-26 04:00:00+00:00,134.69000244140625,135.14999389648438,134.6699981689453,135.10000610351562,162263
2024-09-26 05:00:00+00:00,135.08999633789062,135.3000030517578,133.4199981689453,134.0,615628
2024-09-26 06:00:00+00:00,134.35000610351562,134.35000610351562,134.35000610351562,134.35000610351562,0
2024-09-27 00:00:00+00:00,134.3000030517578,134.4550018310547,133.0,133.6199951171875,342970
2024-09-27 01:00:00+00:00,133.64999389648438,134.5,133.61000061035156,133.6999969482422,199034
2024-09-27 02:00:00+00:00,133.72999572753906,134.35000610351562,133.57000732421875,134.1699981689453,119052
2024-09-27 03:00:00+00:00,134.16000366210938,134.22000122070312,133.8300018310547,134.02999877929688,83462
2024-09-27 04:00:00+00:00,134.0399932861328,134.13999938964844,133.75999450683594,134.10000610351562,99768
2024-09-27 05:00:00+00:00,134.10000610351562,134.4199981689453,133.72999572753906,133.77999877929688,236826
2024-09-27 06:00:00+00:00,134.16000366210938,134.16000366210938,134.16000366210938,134.16000366210938,805902
2024-09-30 00:00:00+00:00,134.5,135.6300048828125,134.32000732421875,135.30999755859375,0
2024-09-30 01:00:00+00:00,135.3300018310547,135.99000549316406,135.0500030517578,135.94000244140625,194671
2024-09-30 02:00:00+00:00,135.9600067138672,136.11000061035156,135.4499969482422,135.5500030517578,111533
2024-09-30 03:00:00+00:00,135.5500030517578,135.72999572753906,134.92999267578125,135.47999572753906,166814
2024-09-30 04:00:00+00:00,135.47999572753906,135.97000122070312,135.4199981689453,135.47000122070312,238220
2024-09-30 05:00:00+00:00,135.47000122070312,135.52000427246094,135.02000427246094,135.0500030517578,278756
2024-09-30 06:00:00+00:00,135.38999938964844,135.38999938964844,135.38999938964844,135.38999938964844,0
2024-10-01 00:00:00+00:00,135.0,135.0,134.0,134.3300018310547,207835
2024-10-01 01:00:00+00:00,134.3300018310547,134.57000732421875,133.96499633789062,134.10499572753906,131259
2024-10-01 02:00:00+00:00,134.10000610351562,134.14999389648438,133.27999877929688,133.39999389648438,74516
2024-10-01 03:00:00+00:00,133.39999389648438,133.4600067138672,133.0800018310547,133.3000030517578,88224
2024-10-01 04:00:00+00:00,133.3000030517578,133.61000061035156,133.00999450683594,133.02999877929688,122341
2024-10-01 05:00:00+00:00,133.02999877929688,133.0800018310547,132.67999267578125,132.89999389648438,260168
2024-10-01 06:00:00+00:00,133.33999633789062,133.33999633789062,133.33999633789062,133.33999633789062,0
2024-10-02 00:00:00+00:00,132.16000366210938,133.67999267578125,132.10000610351562,133.63999938964844,437136
2024-10-02 01:00:00+00:00,133.63999938964844,134.1199951171875,133.33999633789062,133.42999267578125,139494
2024-10-02 02:00:00+00:00,133.42999267578125,133.50999450683594,133.0399932861328,133.13999938964844,114607
2024-10-02 03:00:00+00:00,133.13999938964844,133.19000244140625,132.86000061035156,132.92999267578125,133691
2024-10-02 04:00:00+00:00,132.92999267578125,133.3699951171875,132.74000549316406,133.14999389648438,178839
2024-10-02 05:00:00+00:00,133.16000366210938,133.94000244140625,133.14999389648438,133.86000061035156,272554
2024-10-02 06:00:00+00:00,134.19000244140625,134.19000244140625,134.19000244140625,134.19000244140625,0
2024-10-03 00:00:00+00:00,135.39999389648438,135.39999389648438,134.3000030517578,135.0050048828125,493881
2024-10-03 01:00:00+00:00,135.0,135.0,134.57000732421875,134.8300018310547,141334
2024-10-03 02:00:00+00:00,134.8300018310547,135.25,134.67999267578125,134.77499389648438,148031
2024-10-03 03:00:00+00:00,134.7899932861328,135.1300048828125,134.27999877929688,134.47000122070312,120551
2024-10-03 04:00:00+00:00,134.47000122070312,134.57000732421875,134.25,134.49000549316406,113034
2024-10-03 05:00:00+00:00,134.49000549316406,134.64999389648438,134.27000427246094,134.50999450683594,151306
2024-10-03 06:00:00+00:00,134.61000061035156,134.61000061035156,134.61000061035156,134.61000061035156,0
2024-10-04 00:00:00+00:00,133.10000610351562,133.5,132.52000427246094,133.1999969482422,215693
2024-10-04 01:00:00+00:00,133.19000244140625,133.24000549316406,132.6999969482422,133.0399932861328,126600
2024-10-04 02:00:00+00:00,133.02999877929688,133.2100067138672,132.82000732421875,132.97000122070312,89766
2024-10-04 03:00:00+00:00,132.97999572753906,133.0800018310547,132.5500030517578,132.67999267578125,90926
2024-10-04 04:00:00+00:00,132.67999267578125,133.02000427246094,132.63999938964844,132.8300018310547,97259
2024-10-04 05:00:00+00:00,132.8300018310547,132.89999389648438,132.625,132.6999969482422,135765
2024-10-06 23:00:00+00:00,133.82000732421875,134.17999267578125,133.1300048828125,133.77000427246094,0
2024-10-07 00:00:00+00:00,133.77000427246094,134.60000610351562,133.66000366210938,134.52999877929688,104164
2024-10-07 01:00:00+00:00,134.52000427246094,135.0800018310547,134.4199981689453,134.66000366210938,78985
2024-10-07 02:00:00+00:00,134.64999389648438,134.64999389648438,134.19000244140625,134.3800048828125,42848
2024-10-07 03:00:00+00:00,134.38999938964844,134.65499877929688,134.25,134.55999755859375,78254
2024-10-07 04:00:00+00:00,134.55999755859375,135.0800018310547,134.35000610351562,134.9199981689453,134722
2024-10-07 05:00:00+00:00,134.77000427246094,134.77000427246094,134.77000427246094,134.77000427246094,356947
2024-10-07 23:00:00+00:00,134.3699951171875,134.77000427246094,133.50999450683594,134.07000732421875,0
2024-10-08 00:00:00+00:00,134.08999633789062,134.39999389648438,133.9499969482422,134.30999755859375,68810
2024-10-08 01:00:00+00:00,134.30999755859375,134.3300018310547,133.9199981689453,134.22999572753906,79604
2024-10-08 02:00:00+00:00,134.24000549316406,136.02999877929688,134.1999969482422,135.38999938964844,187350
2024-10-08 03:00:00+00:00,135.36000061035156,135.61000061035156,134.91000366210938,135.0,104383
2024-10-08 04:00:00+00:00,134.99000549316406,135.2550048828125,134.74000549316406,135.18499755859375,158415
2024-10-08 05:00:00+00:00,134.97000122070312,134.97000122070312,134.97000122070312,134.97000122070312,0
2024-10-08 23:00:00+00:00,136.47999572753906,136.5749969482422,135.75999450683594,135.80999755859375,214907
2024-10-09 00:00:00+00:00,135.81500244140625,136.25,135.60000610351562,136.1699981689453,96965
2024-10-09 01:00:00+00:00,136.17999267578125,136.38999938964844,135.8800048828125,136.03500366210938,72957
2024-10-09 02:00:00+00:00,136.02000427246094,136.17999267578125,135.66000366210938,135.77000427246094,78982
2024-10-09 03:00:00+00:00,135.75999450683594,136.10000610351562,135.7100067138672,135.82000732421875,100251
2024-10-09 04:00:00+00:00,135.8249969482422,136.02000427246094,135.6999969482422,135.9499969482422,134950
2024-10-09 05:00:00+00:00,135.6300048828125,135.6300048828125,135.6300048828125,135.6300048828125,0
2024-10-09 23:00:00+00:00,136.66000366210938,136.9499969482422,136.3800048828125,136.52000427246094,180782
2024-10-10 00:00:00+00:00,136.50999450683594,136.63999938964844,136.3300018310547,136.60000610351562,103262
2024-10-10 01:00:00+00:00,136.6199951171875,136.77999877929688,136.42999267578125,136.74000549316406,81745
2024-10-10 02:00:00+00:00,136.75,136.75,136.47000122070312,136.5500030517578,96275
2024-10-10 03:00:00+00:00,136.5500030517578,136.6199951171875,135.82000732421875,135.92999267578125,205426
2024-10-10 04:00:00+00:00,135.92999267578125,136.17999267578125,135.8800048828125,136.00999450683594,176076
2024-10-10 05:00:00+00:00,136.00999450683594,136.19000244140625,136.00999450683594,136.19000244140625,0
2024-10-10 23:00:00+00:00,135.8800048828125,136.07000732421875,134.8800048828125,135.0500030517578,114366
2024-10-11 00:00:00+00:00,135.08999633789062,135.50999450683594,135.02000427246094,135.14999389648438,89172
2024-10-11 01:00:00+00:00,135.13999938964844,135.6199951171875,135.11500549316406,135.55999755859375,62260
2024-10-11 02:00:00+00:00,135.55999755859375,135.69000244140625,135.17999267578125,135.1999969482422,71639
2024-10-11 03:00:00+00:00,135.2100067138672,135.75999450683594,135.17999267578125,135.72999572753906,85526
2024-10-11 04:00:00+00:00,135.75,135.97000122070312,135.5500030517578,135.55999755859375,146500
2024-10-13 23:00:00+00:00,136.89999389648438,137.1999969482422,136.02999877929688,136.3000030517578,0
2024-10-14 00:00:00+00:00,136.3000030517578,136.58999633789062,136.19000244140625,136.4149932861328,83996
2024-10-14 01:00:00+00:00,136.42999267578125,136.6199951171875,136.05999755859375,136.5399932861328,76920
2024-10-14 02:00:00+00:00,136.52000427246094,136.60000610351562,136.1999969482422,136.4499969482422,68334
2024-10-14 03:00:00+00:00,136.4600067138672,136.8000030517578,136.39999389648438,136.6699981689453,95072
2024-10-14 04:00:00+00:00,136.67999267578125,136.69000244140625,136.3699951171875,136.55999755859375,118805
2024-10-14 05:00:00+00:00,136.82000732421875,136.82000732421875,136.82000732421875,136.82000732421875,364932
2024-10-14 23:00:00+00:00,138.41000366210938,138.61000061035156,137.9499969482422,138.10000610351562,0
2024-10-15 00:00:00+00:00,138.10499572753906,139.08999633789062,138.02000427246094,138.9600067138672,227380
2024-10-15 01:00:00+00:00,138.9600067138672,139.2100067138672,138.52000427246094,139.14999389648438,178349
2024-10-15 02:00:00+00:00,139.14999389648438,139.6199951171875,139.1300048828125,139.32000732421875,135185
2024-10-15 03:00:00+00:00,139.3249969482422,139.35000610351562,138.9250030517578,139.1199951171875,107105
2024-10-15 04:00:00+00:00,139.125,139.69000244140625,139.10000610351562,139.5,249926
2024-10-15 05:00:00+00:00,139.2899932861328,139.2899932861328,139.2899932861328,139.2899932861328,636827
2024-10-15 23:00:00+00:00,138.89999389648438,139.99000549316406,138.39999389648438,139.75,0
2024-10-16 00:00:00+00:00,139.75999450683594,140.25,139.47999572753906,139.58999633789062,154575
2024-10-16 01:00:00+00:00,139.58999633789062,140.27000427246094,139.57000732421875,139.83999633789062,124020
2024-10-16 02:00:00+00:00,139.8350067138672,140.02000427246094,139.6699981689453,139.97000122070312,138168
2024-10-16 03:00:00+00:00,139.97999572753906,140.16000366210938,139.66000366210938,139.82000732421875,117552
2024-10-16 04:00:00+00:00,139.81500244140625,139.81500244140625,139.49000549316406,139.55999755859375,178031
2024-10-16 05:00:00+00:00,139.8000030517578,139.8000030517578,139.8000030517578,139.8000030517578,0
2024-10-16 23:00:00+00:00,141.3000030517578,141.55999755859375,140.8000030517578,140.97000122070312,565035
2024-10-17 00:00:00+00:00,140.97000122070312,141.1999969482422,140.49000549316406,140.86000061035156,202688
2024-10-17 01:00:00+00:00,140.86000061035156,141.05999755859375,140.35000610351562,140.63999938964844,131705
2024-10-17 02:00:00+00:00,140.6300048828125,141.2899932861328,140.5800018310547,140.92999267578125,894724
2024-10-17 03:00:00+00:00,140.93499755859375,141.11000061035156,140.8800048828125,141.02999877929688,184382
2024-10-17 04:00:00+00:00,141.02499389648438,141.44000244140625,141.02000427246094,141.30999755859375,233954
2024-10-17 05:00:00+00:00,141.35000610351562,142.0,141.33999633789062,142.0,0
2024-10-17 23:00:00+00:00,141.89999389648438,142.8000030517578,141.4600067138672,142.63999938964844,282672
2024-10-18 00:00:00+00:00,142.64999389648438,142.6699981689453,141.80999755859375,142.0800018310547,118516
2024-10-18 01:00:00+00:00,142.05999755859375,142.44000244140625,141.92999267578125,142.2949981689453,118439
2024-10-18 02:00:00+00:00,142.2899932861328,142.4499969482422,142.00999450683594,142.1699981689453,104270
2024-10-18 03:00:00+00:00,142.16000366210938,142.2899932861328,141.80999755859375,141.99000549316406,104547
2024-10-18 04:00:00+00:00,142.0,142.52000427246094,141.85000610351562,142.4199981689453,150080
2024-10-18 05:00:00+00:00,142.85000610351562,142.85000610351562,142.85000610351562,142.85000610351562,594717
2024-10-20 23:00:00+00:00,143.5,144.39999389648438,143.10000610351562,144.1199951171875,0
2024-10-21 00:00:00+00:00,144.13999938964844,144.2899932861328,143.8000030517578,144.14999389648438,115010
2024-10-21 01:00:00+00:00,144.15499877929688,144.35000610351562,143.86500549316406,143.94000244140625,119486
2024-10-21 02:00:00+00:00,143.94000244140625,144.0,143.60000610351562,143.88999938964844,112528
2024-10-21 03:00:00+00:00,143.88999938964844,144.17999267578125,143.8800048828125,144.00999450683594,126296
2024-10-21 04:00:00+00:00,144.00999450683594,144.38999938964844,143.9499969482422,144.3000030517578,222082
2024-10-21 05:00:00+00:00,144.4499969482422,144.4499969482422,144.4499969482422,144.4499969482422,710011
2024-10-21 23:00:00+00:00,143.11000061035156,143.9199981689453,142.52000427246094,142.6300048828125,0
2024-10-22 00:00:00+00:00,142.625,142.7100067138672,141.85000610351562,141.88999938964844,113083
2024-10-22 01:00:00+00:00,141.88999938964844,142.3300018310547,141.75999450683594,142.16000366210938,272253
2024-10-22 02:00:00+00:00,142.16000366210938,142.1699981689453,141.5399932861328,141.60000610351562,88456
2024-10-22 03:00:00+00:00,141.63999938964844,141.64999389648438,141.00999450683594,141.3800048828125,128318
2024-10-22 04:00:00+00:00,141.3800048828125,141.64999389648438,141.32000732421875,141.5,136645
2024-10-22 05:00:00+00:00,141.22999572753906,141.22999572753906,141.22999572753906,141.22999572753906,622324
2024-10-22 23:00:00+00:00,140.66000366210938,141.7100067138672,140.57000732421875,141.0399932861328,0
2024-10-23 00:00:00+00:00,141.03500366210938,141.36000061035156,140.7550048828125,140.9550018310547,58227
2024-10-23 01:00:00+00:00,140.9600067138672,141.50999450683594,140.85000610351562,141.22000122070312,44662
2024-10-23 02:00:00+00:00,141.22999572753906,141.3300018310547,140.80999755859375,140.99000549316406,55146
2024-10-23 03:00:00+00:00,141.02000427246094,141.19000244140625,140.8300018310547,141.00999450683594,45052
2024-10-23 04:00:00+00:00,141.00999450683594,141.92999267578125,140.92999267578125,141.8300018310547,99003
2024-10-23 05:00:00+00:00,141.77999877929688,141.77999877929688,141.77999877929688,141.77999877929688,303625
2024-10-23 23:00:00+00:00,141.75999450683594,142.10000610351562,141.36000061035156,141.9499969482422,0
2024-10-24 00:00:00+00:00,141.96499633789062,143.30999755859375,141.9499969482422,143.27999877929688,169365
2024-10-24 01:00:00+00:00,143.2899932861328,143.60000610351562,142.9600067138672,143.55999755859375,122674
2024-10-24 02:00:00+00:00,143.52999877929688,143.99000549316406,143.38999938964844,143.94000244140625,140362
2024-10-24 03:00:00+00:00,143.94000244140625,144.0,143.39999389648438,143.49000549316406,132845
2024-10-24 04:00:00+00:00,143.4600067138672,143.55999755859375,143.02999877929688,143.38999938964844,151152
2024-10-24 05:00:00+00:00,143.42999267578125,143.42999267578125,143.42999267578125,143.42999267578125,0
2024-10-24 23:00:00+00:00,143.77000427246094,144.0,142.8300018310547,143.44000244140625,109535
2024-10-25 00:00:00+00:00,143.44000244140625,143.99000549316406,143.4250030517578,143.8800048828125,79873
2024-10-25 01:00:00+00:00,143.88999938964844,144.1699981689453,143.5800018310547,143.64999389648438,118344
2024-10-25 02:00:00+00:00,143.64999389648438,143.77999877929688,143.19000244140625,143.6699981689453,86240
2024-10-25 03:00:00+00:00,143.6699981689453,143.88999938964844,143.48500061035156,143.69000244140625,61781
2024-10-25 04:00:00+00:00,143.67999267578125,143.89999389648438,143.5500030517578,143.66000366210938,118689
2024-10-27 23:00:00+00:00,144.0,144.1199951171875,142.9600067138672,143.17999267578125,0
2024-10-28 00:00:00+00:00,143.17999267578125,143.72999572753906,143.08999633789062,143.39999389648438,72843
2024-10-28 01:00:00+00:00,143.41000366210938,143.5500030517578,142.9499969482422,143.0,72746
2024-10-28 02:00:00+00:00,143.02000427246094,143.30999755859375,142.71499633789062,142.83999633789062,58307
2024-10-28 03:00:00+00:00,142.8249969482422,143.0,142.3300018310547,142.52999877929688,88644
2024-10-28 04:00:00+00:00,142.52999877929688,143.11000061035156,142.22999572753906,143.02000427246094,135651
2024-10-28 05:00:00+00:00,142.86000061035156,142.86000061035156,142.86000061035156,142.86000061035156,0
2024-10-28 23:00:00+00:00,143.39999389648438,143.9499969482422,142.99000549316406,143.77999877929688,162653
2024-10-29 00:00:00+00:00,143.77999877929688,144.27000427246094,143.77999877929688,143.98500061035156,153415
2024-10-29 01:00:00+00:00,143.98500061035156,144.25999450683594,143.91000366210938,144.19000244140625,110916
2024-10-29 02:00:00+00:00,144.19500732421875,144.22999572753906,143.9199981689453,144.17999267578125,114888
2024-10-29 03:00:00+00:00,144.19000244140625,144.47999572753906,144.11000061035156,144.39500427246094,161886
2024-10-29 04:00:00+00:00,144.38999938964844,144.42999267578125,143.9499969482422,144.1699981689453,225762
2024-10-29 05:00:00+00:00,144.1699981689453,144.1699981689453,144.1699981689453,144.1699981689453,969795
2024-10-29 23:00:00+00:00,144.0,144.0,142.8000030517578,142.99000549316406,0
2024-10-30 00:00:00+00:00,142.99000549316406,143.5399932861328,142.75,142.77000427246094,93315
2024-10-30 01:00:00+00:00,142.92999267578125,143.1199951171875,142.3800048828125,142.3800048828125,72363
2024-10-30 02:00:00+00:00,142.3800048828125,142.72999572753906,141.99000549316406,142.0399932861328,83445
2024-10-30 03:00:00+00:00,142.0399932861328,142.33999633789062,141.8000030517578,142.24000549316406,85506
2024-10-30 04:00:00+00:00,142.25,142.75,141.8000030517578,142.67999267578125,134446
2024-10-30 05:00:00+00:00,142.92999267578125,142.92999267578125,142.92999267578125,142.92999267578125,577764
2024-10-30 23:00:00+00:00,142.22999572753906,142.8699951171875,142.1199951171875,142.27999877929688,0
2024-10-31 00:00:00+00:00,142.25999450683594,142.42999267578125,141.8800048828125,141.94000244140625,103570
2024-10-31 01:00:00+00:00,141.9499969482422,142.47000122070312,141.72999572753906,141.75,142794
2024-10-31 02:00:00+00:00,141.74000549316406,142.94000244140625,141.64999389648438,142.9199981689453,321317
2024-10-31 03:00:00+00:00,142.91000366210938,143.63999938964844,142.80999755859375,143.16000366210938,148602
2024-10-31 04:00:00+00:00,143.16000366210938,143.27999877929688,142.74000549316406,142.9199981689453,176245
2024-10-31 05:00:00+00:00,142.75,142.75,142.75,142.75,0
2024-10-31 23:00:00+00:00,141.64999389648438,141.97999572753906,141.0800018310547,141.49000549316406,169310
2024-11-01 00:00:00+00:00,141.47999572753906,141.47999572753906,140.66000366210938,141.27000427246094,108884
2024-11-01 01:00:00+00:00,141.27999877929688,141.35000610351562,140.75999450683594,140.83999633789062,45467
2024-11-01 02:00:00+00:00,140.85000610351562,140.90499877929688,140.39999389648438,140.74000549316406,143403
2024-11-01 03:00:00+00:00,140.7100067138672,141.35000610351562,140.6999969482422,141.16000366210938,120200
2024-11-01 04:00:00+00:00,141.17999267578125,142.22000122070312,141.17999267578125,142.22000122070312,160066
2024-11-01 05:00:00+00:00,142.08999633789062,142.08999633789062,142.08999633789062,142.08999633789062,448476
2024-11-03 23:00:00+00:00,142.88999938964844,142.88999938964844,141.02999877929688,142.13999938964844,0
2024-11-04 00:00:00+00:00,142.1750030517578,142.8000030517578,142.02000427246094,142.52999877929688,109278
2024-11-04 01:00:00+00:00,142.53500366210938,143.2050018310547,142.39999389648438,143.1300048828125,122432
2024-11-04 02:00:00+00:00,143.1300048828125,143.94000244140625,143.0,143.75,108989
2024-11-04 03:00:00+00:00,143.75999450683594,143.92999267578125,143.6699981689453,143.8000030517578,130402
2024-11-04 04:00:00+00:00,143.7899932861328,144.44000244140625,143.77999877929688,144.24000549316406,245854
2024-11-04 05:00:00+00:00,144.35000610351562,144.35000610351562,144.35000610351562,144.35000610351562,0
2024-11-04 23:00:00+00:00,144.35000610351562,144.39999389648438,143.3800048828125,143.44000244140625,185661
2024-11-05 00:00:00+00:00,143.42999267578125,143.5449981689453,143.13999938964844,143.2100067138672,97246
2024-11-05 01:00:00+00:00,143.1999969482422,143.33999633789062,142.9949951171875,143.19000244140625,69723
2024-11-05 02:00:00+00:00,143.19000244140625,143.27999877929688,142.8000030517578,143.11000061035156,56647
2024-11-05 03:00:00+00:00,143.1199951171875,143.35499572753906,142.9199981689453,143.25,68634
2024-11-05 04:00:00+00:00,143.25,143.53500366210938,143.22999572753906,143.4600067138672,126949
2024-11-05 05:00:00+00:00,143.85000610351562,143.85000610351562,143.85000610351562,143.85000610351562,550630
2024-11-05 23:00:00+00:00,144.5,144.80999755859375,144.32000732421875,144.76499938964844,0
2024-11-06 00:00:00+00:00,144.77999877929688,145.16000366210938,144.55999755859375,144.75,264802
2024-11-06 01:00:00+00:00,144.7550048828125,145.14999389648438,144.72000122070312,145.14999389648438,140694
2024-11-06 02:00:00+00:00,145.16000366210938,145.35000610351562,144.82000732421875,145.25999450683594,116118
2024-11-06 03:00:00+00:00,145.25,145.4199981689453,144.8300018310547,145.0,94963
2024-11-06 04:00:00+00:00,145.0500030517578,145.60000610351562,144.75,145.4600067138672,180537
2024-11-06 05:00:00+00:00,145.4600067138672,145.4600067138672,145.4600067138672,145.4600067138672,0
2024-11-06 23:00:00+00:00,145.99000549316406,146.5500030517578,145.0399932861328,145.11000061035156,194878
2024-11-07 00:00:00+00:00,145.07000732421875,145.6999969482422,143.89999389648438,144.32000732421875,127977
2024-11-07 01:00:00+00:00,144.32000732421875,145.74000549316406,144.2899932861328,145.60000610351562,169584
2024-11-07 02:00:00+00:00,145.60000610351562,145.9199981689453,145.27999877929688,145.58999633789062,128071
2024-11-07 03:00:00+00:00,145.60000610351562,146.50999450683594,145.5800018310547,146.0500030517578,207082
2024-11-07 04:00:00+00:00,146.02999877929688,146.82000732421875,145.94000244140625,146.63999938964844,214406
2024-11-07 05:00:00+00:00,147.25999450683594,147.25999450683594,147.25999450683594,147.25999450683594,0
2024-11-07 23:00:00+00:00,148.41000366210938,148.5,147.41000366210938,148.1199951171875,212730
2024-11-08 00:00:00+00:00,148.14999389648438,148.5500030517578,148.07000732421875,148.36000061035156,133749
2024-11-08 01:00:00+00:00,148.3800048828125,148.75999450683594,148.1699981689453,148.60000610351562,141735
2024-11-08 02:00:00+00:00,148.61000061035156,149.39999389648438,148.5,149.39999389648438,129925
2024-11-08 03:00:00+00:00,149.4250030517578,149.72999572753906,148.9499969482422,148.9499969482422,124874
2024-11-08 04:00:00+00:00,148.97000122070312,149.6300048828125,148.9600067138672,149.55999755859375,190329
2024-11-08 05:00:00+00:00,149.32000732421875,149.32000732421875,149.32000732421875,149.32000732421875,546573
2024-11-10 23:00:00+00:00,149.3000030517578,150.0,149.02000427246094,149.83999633789062,0
2024-11-11 00:00:00+00:00,149.8800048828125,150.34500122070312,149.0500030517578,149.38999938964844,171849
2024-11-11 01:00:00+00:00,149.3800048828125,149.49000549316406,148.92999267578125,149.3000030517578,97635
2024-11-11 02:00:00+00:00,149.3000030517578,149.4600067138672,148.97000122070312,149.13999938964844,68676
2024-11-11 03:00:00+00:00,149.13499450683594,149.19000244140625,148.86000061035156,148.97999572753906,92721
2024-11-11 04:00:00+00:00,148.99000549316406,149.43499755859375,148.9499969482422,149.1300048828125,206635
2024-11-11 05:00:00+00:00,149.7899932861328,149.7899932861328,149.7899932861328,149.7899932861328,539042
2024-11-11 23:00:00+00:00,150.52000427246094,150.77000427246094,149.7899932861328,150.6999969482422,0
2024-11-12 00:00:00+00:00,150.7100067138672,150.8000030517578,149.13999938964844,149.25,165762
2024-11-12 01:00:00+00:00,149.25999450683594,149.8000030517578,148.75,149.36000061035156,97297
2024-11-12 02:00:00+00:00,149.39999389648438,149.39999389648438,148.88999938964844,149.10000610351562,82969
2024-11-12 03:00:00+00:00,149.10499572753906,149.77000427246094,149.08999633789062,149.4550018310547,93797
2024-11-12 04:00:00+00:00,149.4550018310547,150.00999450683594,149.39999389648438,149.8800048828125,163168
2024-11-12 05:00:00+00:00,150.25,150.25,150.25,150.25,630905
2024-11-12 23:00:00+00:00,148.0500030517578,149.22999572753906,147.8000030517578,148.22999572753906,0
2024-11-13 00:00:00+00:00,148.1999969482422,148.39999389648438,147.64999389648438,148.2100067138672,166429
2024-11-13 01:00:00+00:00,148.24000549316406,148.39999389648438,148.0,148.3699951171875,128470
2024-11-13 02:00:00+00:00,148.3699951171875,149.27999877929688,148.25,148.8300018310547,107918
2024-11-13 03:00:00+00:00,148.82000732421875,149.3300018310547,148.58999633789062,149.22500610351562,120298
2024-11-13 04:00:00+00:00,149.24000549316406,149.5,148.9199981689453,149.47000122070312,143548
2024-11-13 05:00:00+00:00,149.6199951171875,149.6199951171875,149.6199951171875,149.6199951171875,521010
2024-11-13 23:00:00+00:00,150.88999938964844,152.47000122070312,150.42999267578125,152.0,0
2024-11-14 00:00:00+00:00,152.0,152.35000610351562,151.88999938964844,152.10000610351562,200530
2024-11-14 01:00:00+00:00,152.08999633789062,152.1999969482422,151.38999938964844,151.7100067138672,158591
2024-11-14 02:00:00+00:00,151.7050018310547,151.86000061035156,151.25999450683594,151.38499450683594,111032
2024-11-14 03:00:00+00:00,151.39999389648438,152.1699981689453,151.3699951171875,152.02999877929688,132654
2024-11-14 04:00:00+00:00,152.0500030517578,152.6999969482422,151.9499969482422,152.66000366210938,198407
2024-11-14 05:00:00+00:00,152.83999633789062,152.83999633789062,152.83999633789062,152.83999633789062,0
2024-11-14 23:00:00+00:00,154.0,154.14999389648438,152.52999877929688,153.3699951171875,263682
2024-11-15 00:00:00+00:00,153.36000061035156,154.22000122070312,153.36000061035156,153.93499755859375,209568
2024-11-15 01:00:00+00:00,153.93499755859375,154.1999969482422,153.6999969482422,153.9499969482422,126724
2024-11-15 02:00:00+00:00,153.9499969482422,154.5399932861328,153.8699951171875,154.39999389648438,114146
2024-11-15 03:00:00+00:00,154.39999389648438,154.85000610351562,154.35000610351562,154.7899932861328,151641
2024-11-15 04:00:00+00:00,154.7949981689453,154.94500732421875,154.4600067138672,154.72999572753906,225396
2024-11-15 05:00:00+00:00,154.74000549316406,155.1300048828125,154.74000549316406,155.1300048828125,969317
2024-11-17 23:00:00+00:00,153.3800048828125,153.5,152.0500030517578,152.5399932861328,0
2024-11-18 00:00:00+00:00,152.53500366210938,153.2899932861328,152.3699951171875,153.00999450683594,235326
2024-11-18 01:00:00+00:00,153.0,153.00999450683594,152.41000366210938,152.6999969482422,163188
2024-11-18 02:00:00+00:00,152.69500732421875,153.05999755859375,152.5800018310547,152.85000610351562,215561
2024-11-18 03:00:00+00:00,152.85000610351562,153.02999877929688,152.75999450683594,152.89999389648438,165256
2024-11-18 04:00:00+00:00,152.9149932861328,153.88999938964844,152.8000030517578,153.39999389648438,307226
2024-11-18 05:00:00+00:00,153.02000427246094,153.02000427246094,153.02000427246094,153.02000427246094,596672
2024-11-18 23:00:00+00:00,153.0,153.75999450683594,152.4199981689453,153.67999267578125,0
2024-11-19 00:00:00+00:00,153.67999267578125,154.4199981689453,153.61000061035156,154.16000366210938,210587
2024-11-19 01:00:00+00:00,154.16000366210938,155.39999389648438,154.1300048828125,155.38499450683594,246645
2024-11-19 02:00:00+00:00,155.39999389648438,155.39999389648438,154.77999877929688,154.90499877929688,187596
2024-11-19 03:00:00+00:00,154.90499877929688,157.1999969482422,154.88999938964844,157.1699981689453,347453
2024-11-19 04:00:00+00:00,157.17999267578125,157.27999877929688,155.50999450683594,155.72000122070312,393296
2024-11-19 05:00:00+00:00,155.61000061035156,155.61000061035156,155.61000061035156,155.61000061035156,0
2024-11-19 23:00:00+00:00,155.61000061035156,156.25,155.38999938964844,156.00999450683594,301968
2024-11-20 00:00:00+00:00,155.99000549316406,156.88999938964844,155.8300018310547,156.00999450683594,200475
2024-11-20 01:00:00+00:00,156.02000427246094,156.75,155.88999938964844,156.14999389648438,124569
2024-11-20 02:00:00+00:00,156.14999389648438,156.1999969482422,155.8800048828125,155.94000244140625,119011
2024-11-20 03:00:00+00:00,155.9499969482422,155.9600067138672,155.3000030517578,155.3800048828125,161817
2024-11-20 04:00:00+00:00,155.3699951171875,156.10000610351562,155.13999938964844,156.0399932861328,212049
2024-11-20 05:00:00+00:00,156.3800048828125,156.3800048828125,156.3800048828125,156.3800048828125,485223
2024-11-20 23:00:00+00:00,156.6699981689453,157.0500030517578,156.2100067138672,156.85000610351562,0
2024-11-21 00:00:00+00:00,156.85499572753906,156.9600067138672,155.74000549316406,156.1199951171875,121576
2024-11-21 01:00:00+00:00,156.1300048828125,156.22999572753906,155.1199951171875,155.44000244140625,161556
2024-11-21 02:00:00+00:00,155.44500732421875,156.00999450683594,155.13999938964844,155.13999938964844,92133
2024-11-21 03:00:00+00:00,155.14500427246094,156.0399932861328,154.8800048828125,155.5800018310547,188729
2024-11-21 04:00:00+00:00,155.5800018310547,156.50999450683594,155.52000427246094,156.22999572753906,276714
2024-11-21 05:00:00+00:00,156.24000549316406,156.24000549316406,156.24000549316406,156.24000549316406,948750
2024-11-21 23:00:00+00:00,157.00999450683594,157.89999389648438,156.63999938964844,157.3000030517578,271712
2024-11-22 00:00:00+00:00,157.32000732421875,157.89999389648438,157.16000366210938,157.74000549316406,136327
2024-11-22 01:00:00+00:00,157.75,158.0800018310547,157.22000122070312,157.9199981689453,151089
2024-11-22 02:00:00+00:00,157.9199981689453,158.27999877929688,157.7100067138672,158.27999877929688,131207
2024-11-22 03:00:00+00:00,158.27000427246094,158.97999572753906,158.1300048828125,158.92999267578125,171427
2024-11-22 04:00:00+00:00,158.92999267578125,159.16000366210938,158.6199951171875,159.02999877929688,262904
2024-11-22 05:00:00+00:00,159.02999877929688,159.02999877929688,159.02999877929688,159.02999877929688,648000
2024-11-24 23:00:00+00:00,160.0,160.27000427246094,158.60000610351562,158.69500732421875,0
2024-11-25 00:00:00+00:00,158.69500732421875,159.55499267578125,158.52999877929688,158.78500366210938,139219
2024-11-25 01:00:00+00:00,158.80999755859375,159.13999938964844,158.41000366210938,158.80499267578125,126734
2024-11-25 02:00:00+00:00,158.7899932861328,158.80999755859375,158.33999633789062,158.4499969482422,94684
2024-11-25 03:00:00+00:00,158.4600067138672,159.57000732421875,158.4199981689453,159.42999267578125,189014
2024-11-25 04:00:00+00:00,159.42999267578125,159.63999938964844,159.14999389648438,159.35000610351562,184858
2024-11-25 05:00:00+00:00,159.35000610351562,160.13999938964844,159.35000610351562,160.13999938964844,2530458
2024-11-25 23:00:00+00:00,160.0,160.0,156.5,156.69000244140625,0
2024-11-26 00:00:00+00:00,156.69000244140625,156.69000244140625,155.38999938964844,155.8800048828125,228195
2024-11-26 01:00:00+00:00,155.8800048828125,156.14999389648438,155.25,155.5399932861328,195909
2024-11-26 02:00:00+00:00,155.5399932861328,155.8800048828125,155.38999938964844,155.6300048828125,110830
2024-11-26 03:00:00+00:00,155.63499450683594,155.7899932861328,155.35000610351562,155.5,118023
2024-11-26 04:00:00+00:00,155.49000549316406,155.61000061035156,154.10000610351562,154.52000427246094,260143
2024-11-26 05:00:00+00:00,154.4600067138672,154.4600067138672,154.4600067138672,154.4600067138672,0
2024-11-26 23:00:00+00:00,156.0,156.77999877929688,155.89500427246094,156.3300018310547,232896
2024-11-27 00:00:00+00:00,156.3300018310547,156.97999572753906,156.11000061035156,156.55999755859375,176051
2024-11-27 01:00:00+00:00,156.57000732421875,157.1199951171875,156.08999633789062,156.9600067138672,135912
2024-11-27 02:00:00+00:00,156.9600067138672,157.60000610351562,156.9600067138672,157.19000244140625,149612
2024-11-27 03:00:00+00:00,157.17999267578125,157.8000030517578,156.94000244140625,157.32000732421875,225431
2024-11-27 04:00:00+00:00,157.3300018310547,157.5800018310547,156.58999633789062,156.97999572753906,235256
2024-11-27 05:00:00+00:00,157.57000732421875,157.57000732421875,157.57000732421875,157.57000732421875,0
2024-11-27 23:00:00+00:00,158.52999877929688,159.27999877929688,158.0399932861328,158.83999633789062,310980
2024-11-28 00:00:00+00:00,158.83999633789062,159.1999969482422,158.4499969482422,158.52000427246094,127146
2024-11-28 01:00:00+00:00,158.55999755859375,159.0,158.36000061035156,158.67999267578125,77366
2024-11-28 02:00:00+00:00,158.69000244140625,159.32000732421875,158.69000244140625,159.16000366210938,129900
2024-11-28 03:00:00+00:00,159.19000244140625,159.44000244140625,158.97999572753906,159.22000122070312,141582
2024-11-28 04:00:00+00:00,159.24000549316406,159.4499969482422,159.0800018310547,159.30999755859375,169373
2024-11-28 05:00:00+00:00,158.5800018310547,158.5800018310547,158.5800018310547,158.5800018310547,0
2024-11-28 23:00:00+00:00,157.0,157.82000732421875,156.50999450683594,157.32000732421875,188898
2024-11-29 00:00:00+00:00,157.33999633789062,157.94000244140625,157.05999755859375,157.50999450683594,125495
2024-11-29 01:00:00+00:00,157.5,158.2100067138672,157.30999755859375,157.91000366210938,115394
2024-11-29 02:00:00+00:00,157.85000610351562,158.1999969482422,157.5800018310547,158.10000610351562,77917
2024-11-29 03:00:00+00:00,158.10000610351562,158.22999572753906,157.5500030517578,158.07000732421875,122468
2024-11-29 04:00:00+00:00,158.0800018310547,158.35000610351562,157.86000061035156,158.2100067138672,168016
2024-11-29 05:00:00+00:00,158.14999389648438,158.14999389648438,158.14999389648438,158.14999389648438,2
2024-12-01 23:00:00+00:00,159.5,159.5,157.5800018310547,158.5399932861328,0
2024-12-02 00:00:00+00:00,158.58999633789062,159.0399932861328,158.5,158.80999755859375,85368
2024-12-02 01:00:00+00:00,158.80999755859375,158.9199981689453,158.47000122070312,158.50999450683594,70452
2024-12-02 02:00:00+00:00,158.5,158.75,158.3000030517578,158.61000061035156,62438
2024-12-02 03:00:00+00:00,158.60499572753906,158.72999572753906,158.0399932861328,158.1199951171875,128298
2024-12-02 04:00:00+00:00,158.1300048828125,158.33999633789062,158.0,158.08999633789062,169100
2024-12-02 05:00:00+00:00,158.08999633789062,158.19000244140625,158.08999633789062,158.19000244140625,467168
2024-12-02 23:00:00+00:00,158.50999450683594,159.17999267578125,158.27999877929688,158.64500427246094,0
2024-12-03 00:00:00+00:00,158.64999389648438,159.13999938964844,158.52999877929688,158.8000030517578,171215
2024-12-03 01:00:00+00:00,158.8000030517578,159.19000244140625,158.7100067138672,158.7100067138672,151817
2024-12-03 02:00:00+00:00,158.7100067138672,158.72500610351562,158.27999877929688,158.3300018310547,114069
2024-12-03 03:00:00+00:00,158.32000732421875,158.6699981689453,158.25999450683594,158.3000030517578,154723
2024-12-03 04:00:00+00:00,158.2899932861328,158.3699951171875,157.8300018310547,157.8300018310547,237093
2024-12-03 05:00:00+00:00,157.8300018310547,157.8300018310547,157.77999877929688,157.77999877929688,676849
2024-12-03 23:00:00+00:00,156.77999877929688,157.1300048828125,156.13999938964844,156.6300048828125,0
2024-12-04 00:00:00+00:00,156.63999938964844,157.0399932861328,156.25,156.58999633789062,87398
2024-12-04 01:00:00+00:00,156.6300048828125,156.89999389648438,156.22999572753906,156.2899932861328,74217
2024-12-04 02:00:00+00:00,156.27000427246094,156.97999572753906,156.27000427246094,156.88499450683594,85117
2024-12-04 03:00:00+00:00,156.88499450683594,157.32000732421875,156.8000030517578,156.8800048828125,151756
2024-12-04 04:00:00+00:00,156.88999938964844,156.97999572753906,156.27000427246094,156.5399932861328,156573
2024-12-04 05:00:00+00:00,156.92999267578125,156.92999267578125,156.92999267578125,156.92999267578125,0
2024-12-04 23:00:00+00:00,158.25,158.39999389648438,157.6999969482422,158.00999450683594,270859
2024-12-05 00:00:00+00:00,158.00999450683594,158.35000610351562,157.97000122070312,158.22999572753906,123488
2024-12-05 01:00:00+00:00,158.24000549316406,158.2899932861328,157.91000366210938,158.14999389648438,76751
2024-12-05 02:00:00+00:00,158.16000366210938,158.3000030517578,157.91000366210938,158.0500030517578,121708
2024-12-05 03:00:00+00:00,158.0399932861328,158.1999969482422,157.85000610351562,157.94000244140625,127257
2024-12-05 04:00:00+00:00,157.9600067138672,158.0,157.67999267578125,157.82000732421875,187375
2024-12-05 05:00:00+00:00,157.99000549316406,157.99000549316406,157.99000549316406,157.99000549316406,0
2024-12-05 23:00:00+00:00,158.67999267578125,158.72999572753906,157.7899932861328,158.67999267578125,226094
2024-12-06 00:00:00+00:00,158.6649932861328,158.97999572753906,158.16000366210938,158.22000122070312,186918
2024-12-06 01:00:00+00:00,158.22999572753906,158.2899932861328,157.66000366210938,157.88999938964844,106776
2024-12-06 02:00:00+00:00,157.89999389648438,158.5800018310547,157.7100067138672,157.97999572753906,90346
2024-12-06 03:00:00+00:00,157.97999572753906,158.10000610351562,157.65499877929688,157.77999877929688,97268
2024-12-06 04:00:00+00:00,157.78500366210938,157.8300018310547,157.5,157.66000366210938,138488
2024-12-08 23:00:00+00:00,156.88999938964844,157.25,155.9199981689453,156.1199951171875,0
2024-12-09 00:00:00+00:00,156.0800018310547,157.0800018310547,155.99000549316406,156.86000061035156,115239
2024-12-09 01:00:00+00:00,156.8699951171875,157.1300048828125,156.6999969482422,156.88999938964844,121988
2024-12-09 02:00:00+00:00,156.88999938964844,157.49000549316406,156.88999938964844,157.4600067138672,83295
2024-12-09 03:00:00+00:00,157.47999572753906,158.00999450683594,157.42999267578125,158.00999450683594,131520
2024-12-09 04:00:00+00:00,157.99000549316406,158.89999389648438,157.97000122070312,158.7899932861328,243878
2024-12-09 05:00:00+00:00,159.3800048828125,159.3800048828125,159.3800048828125,159.3800048828125,721778
2024-12-09 23:00:00+00:00,158.3000030517578,158.35000610351562,155.4499969482422,156.3800048828125,0
2024-12-10 00:00:00+00:00,156.39999389648438,156.6999969482422,156.08999633789062,156.61000061035156,213073
2024-12-10 01:00:00+00:00,156.61000061035156,156.9600067138672,156.3800048828125,156.55999755859375,137719
2024-12-10 02:00:00+00:00,156.55999755859375,156.72000122070312,156.39999389648438,156.5399932861328,108576
2024-12-10 03:00:00+00:00,156.5500030517578,157.9199981689453,156.52000427246094,157.8800048828125,205757
2024-12-10 04:00:00+00:00,157.8800048828125,157.92999267578125,157.25999450683594,157.6300048828125,245957
2024-12-10 05:00:00+00:00,157.6300048828125,157.6300048828125,157.6300048828125,157.6300048828125,890085
2024-12-10 23:00:00+00:00,157.9199981689453,158.07000732421875,157.0399932861328,157.5399932861328,0
2024-12-11 00:00:00+00:00,157.57000732421875,158.1199951171875,157.5399932861328,157.60000610351562,179284
2024-12-11 01:00:00+00:00,157.59500122070312,157.94000244140625,156.41000366210938,156.75,117856
2024-12-11 02:00:00+00:00,156.76499938964844,157.30999755859375,156.72000122070312,157.02999877929688,93249
2024-12-11 03:00:00+00:00,157.0399932861328,157.36000061035156,156.9499969482422,156.97999572753906,162192
2024-12-11 04:00:00+00:00,157.0,157.58999633789062,156.8800048828125,157.47999572753906,189550
2024-12-11 05:00:00+00:00,157.52000427246094,157.52000427246094,157.52000427246094,157.52000427246094,566007
2024-12-11 23:00:00+00:00,157.69000244140625,158.52999877929688,157.1199951171875,158.4499969482422,0
2024-12-12 00:00:00+00:00,158.4499969482422,158.47999572753906,157.3300018310547,157.52000427246094,138296
2024-12-12 01:00:00+00:00,157.5,157.85000610351562,157.38999938964844,157.57000732421875,95451
2024-12-12 02:00:00+00:00,157.61000061035156,157.77000427246094,157.17999267578125,157.6999969482422,52021
2024-12-12 03:00:00+00:00,157.69000244140625,157.75,157.33999633789062,157.625,85797
2024-12-12 04:00:00+00:00,157.625,157.77999877929688,157.41000366210938,157.71499633789062,109670
2024-12-12 05:00:00+00:00,157.52000427246094,157.52000427246094,157.52000427246094,157.52000427246094,0
2024-12-12 23:00:00+00:00,157.0,157.41000366210938,156.3000030517578,157.27000427246094,141493
2024-12-13 00:00:00+00:00,157.27000427246094,157.52999877929688,157.13999938964844,157.4199981689453,66346
2024-12-13 01:00:00+00:00,157.42999267578125,157.57000732421875,156.92999267578125,157.19000244140625,72543
2024-12-13 02:00:00+00:00,157.19000244140625,157.60000610351562,157.0500030517578,157.4600067138672,64143
2024-12-13 03:00:00+00:00,157.4600067138672,158.02999877929688,157.3699951171875,157.9600067138672,177446
2024-12-13 04:00:00+00:00,157.97000122070312,158.27999877929688,157.83999633789062,158.2100067138672,139948
2024-12-13 05:00:00+00:00,158.2100067138672,158.2100067138672,158.2100067138672,158.2100067138672,488474
2024-12-15 23:00:00+00:00,158.3000030517578,158.83999633789062,157.6300048828125,158.38999938964844,0
2024-12-16 00:00:00+00:00,158.39999389648438,158.67999267578125,158.1199951171875,158.30999755859375,117216
2024-12-16 01:00:00+00:00,158.3000030517578,158.47999572753906,158.0800018310547,158.3699951171875,87292
2024-12-16 02:00:00+00:00,158.38999938964844,158.8800048828125,158.19000244140625,158.8000030517578,122471
2024-12-16 03:00:00+00:00,158.8000030517578,158.92999267578125,158.39999389648438,158.47999572753906,108544
2024-12-16 04:00:00+00:00,158.5,158.72999572753906,158.1699981689453,158.25,170196
2024-12-16 05:00:00+00:00,158.63999938964844,158.63999938964844,158.63999938964844,158.63999938964844,0
2024-12-16 23:00:00+00:00,158.61000061035156,159.7100067138672,158.0,159.6750030517578,378167
2024-12-17 00:00:00+00:00,159.66000366210938,160.67999267578125,159.60000610351562,160.57000732421875,379854
2024-12-17 01:00:00+00:00,160.57000732421875,161.10000610351562,160.3000030517578,160.8800048828125,242264
2024-12-17 02:00:00+00:00,160.8800048828125,161.0,160.67999267578125,160.77999877929688,127241
2024-12-17 03:00:00+00:00,160.77999877929688,160.97000122070312,160.4600067138672,160.6699981689453,155793
2024-12-17 04:00:00+00:00,160.6649932861328,161.2949981689453,160.6300048828125,161.08999633789062,270053
2024-12-17 05:00:00+00:00,161.1300048828125,161.1300048828125,161.1300048828125,161.1300048828125,0
2024-12-17 23:00:00+00:00,161.10000610351562,161.3699951171875,160.52000427246094,160.75,196544
2024-12-18 00:00:00+00:00,160.75,161.14999389648438,160.14999389648438,160.3800048828125,145086
2024-12-18 01:00:00+00:00,160.36000061035156,160.5,159.6999969482422,160.32000732421875,107931
2024-12-18 02:00:00+00:00,160.32000732421875,160.33999633789062,159.74000549316406,159.74000549316406,338820
2024-12-18 03:00:00+00:00,159.7449951171875,159.75,159.02999877929688,159.22000122070312,131815
2024-12-18 04:00:00+00:00,159.21499633789062,159.63999938964844,159.14999389648438,159.50999450683594,197656
2024-12-18 05:00:00+00:00,159.72999572753906,159.72999572753906,159.72999572753906,159.72999572753906,614293
2024-12-18 23:00:00+00:00,157.0,157.44500732421875,155.58999633789062,155.63999938964844,0
2024-12-19 00:00:00+00:00,155.64500427246094,156.42999267578125,155.60000610351562,156.0449981689453,289648
2024-12-19 01:00:00+00:00,156.07000732421875,156.36000061035156,155.5,156.3000030517578,255587
2024-12-19 02:00:00+00:00,156.2899932861328,156.94000244140625,155.80999755859375,155.9199981689453,257547
2024-12-19 03:00:00+00:00,155.92999267578125,156.07000732421875,155.5500030517578,155.64999389648438,146485
2024-12-19 04:00:00+00:00,155.64999389648438,156.35000610351562,155.61000061035156,156.07000732421875,195420
2024-12-19 05:00:00+00:00,155.99000549316406,155.99000549316406,155.99000549316406,155.99000549316406,633316
2024-12-19 23:00:00+00:00,155.67999267578125,155.72999572753906,152.3800048828125,152.57000732421875,403537
2024-12-20 00:00:00+00:00,152.57000732421875,152.64999389648438,151.55999755859375,151.60000610351562,247506
2024-12-20 01:00:00+00:00,151.55999755859375,152.1199951171875,151.18499755859375,151.19000244140625,213423
2024-12-20 02:00:00+00:00,151.1999969482422,151.52000427246094,150.86000061035156,151.35000610351562,134543
2024-12-20 03:00:00+00:00,151.36000061035156,151.39999389648438,150.3699951171875,150.38999938964844,190508
2024-12-20 04:00:00+00:00,150.38999938964844,150.89999389648438,150.35000610351562,150.8000030517578,230552
2024-12-20 05:00:00+00:00,150.83999633789062,150.83999633789062,150.83999633789062,150.83999633789062,3
2024-12-22 23:00:00+00:00,151.99000549316406,153.10000610351562,151.50999450683594,152.82000732421875,0
2024-12-23 00:00:00+00:00,152.8300018310547,152.9600067138672,152.0800018310547,152.64999389648438,98542
2024-12-23 01:00:00+00:00,152.6699981689453,153.2899932861328,152.5,153.00999450683594,139795
2024-12-23 02:00:00+00:00,153.0,153.9600067138672,152.94000244140625,153.94500732421875,103422
2024-12-23 03:00:00+00:00,153.9600067138672,154.2899932861328,153.63999938964844,154.0500030517578,99913
2024-12-23 04:00:00+00:00,154.0500030517578,154.49000549316406,153.92999267578125,154.33999633789062,145562
2024-12-23 05:00:00+00:00,154.67999267578125,154.67999267578125,154.67999267578125,154.67999267578125,0
2024-12-23 23:00:00+00:00,154.3800048828125,154.52000427246094,153.8699951171875,153.9499969482422,174579
2024-12-24 00:00:00+00:00,153.9600067138672,154.6699981689453,153.89999389648438,154.64999389648438,67441
2024-12-24 01:00:00+00:00,154.625,154.91000366210938,154.49000549316406,154.64999389648438,85508
2024-12-24 02:00:00+00:00,154.64999389648438,155.47000122070312,154.63999938964844,155.38999938964844,156629
2024-12-26 23:00:00+00:00,155.64999389648438,156.0,154.72000122070312,155.91000366210938,0
2024-12-27 00:00:00+00:00,155.91000366210938,156.0800018310547,155.6199951171875,155.77000427246094,79505
2024-12-27 01:00:00+00:00,155.77000427246094,156.00999450683594,155.5500030517578,155.89999389648438,44351
2024-12-27 02:00:00+00:00,155.89999389648438,155.9600067138672,155.55999755859375,155.72000122070312,50744
2024-12-27 03:00:00+00:00,155.72999572753906,156.02999877929688,155.69000244140625,155.99000549316406,76053
2024-12-27 04:00:00+00:00,155.97000122070312,156.0399932861328,155.6699981689453,155.82000732421875,111751
2024-12-27 05:00:00+00:00,156.2100067138672,156.2100067138672,156.2100067138672,156.2100067138672,351726
2024-12-29 23:00:00+00:00,155.4199981689453,155.7100067138672,154.94000244140625,155.50999450683594,0
2024-12-30 00:00:00+00:00,155.50999450683594,155.72999572753906,154.94000244140625,155.1699981689453,70914
2024-12-30 01:00:00+00:00,155.16000366210938,155.3300018310547,154.60000610351562,154.6300048828125,72509
2024-12-30 02:00:00+00:00,154.63499450683594,154.63499450683594,154.1300048828125,154.30999755859375,67828
2024-12-30 03:00:00+00:00,154.30999755859375,154.88999938964844,154.07000732421875,154.80999755859375,119557
2024-12-30 04:00:00+00:00,154.8000030517578,155.19000244140625,154.52999877929688,155.13999938964844,100149
2024-12-30 05:00:00+00:00,155.0800018310547,155.0800018310547,155.0800018310547,155.0800018310547,0
2024-12-30 23:00:00+00:00,154.08999633789062,154.42999267578125,153.7899932861328,154.1199951171875,100714
2024-12-31 00:00:00+00:00,154.14999389648438,154.3000030517578,153.6699981689453,153.7100067138672,77970
2024-12-31 01:00:00+00:00,153.7100067138672,154.1199951171875,153.7100067138672,153.88999938964844,64023
2024-12-31 02:00:00+00:00,153.88999938964844,153.92999267578125,153.25,153.32000732421875,144047
2025-01-01 23:00:00+00:00,153.25,153.9600067138672,152.5,153.5399932861328,0
2025-01-02 00:00:00+00:00,153.57000732421875,153.64999389648438,152.85000610351562,153.4499969482422,74699
2025-01-02 01:00:00+00:00,153.44000244140625,153.6999969482422,153.1699981689453,153.2899932861328,34688
2025-01-02 02:00:00+00:00,153.27999877929688,153.6699981689453,153.11000061035156,153.47999572753906,44231
2025-01-02 03:00:00+00:00,153.49000549316406,153.90499877929688,153.33999633789062,153.8800048828125,37915
2025-01-02 04:00:00+00:00,153.8699951171875,153.97999572753906,153.72000122070312,153.8800048828125,77226
2025-01-02 05:00:00+00:00,153.8800048828125,153.8800048828125,153.57000732421875,153.57000732421875,0
2025-01-02 23:00:00+00:00,154.52999877929688,154.8800048828125,153.7899932861328,153.86000061035156,132046
2025-01-03 00:00:00+00:00,153.86000061035156,154.64999389648438,153.60000610351562,154.57000732421875,92323
2025-01-03 01:00:00+00:00,154.5850067138672,155.10000610351562,154.55999755859375,155.01499938964844,58688
2025-01-03 02:00:00+00:00,155.02000427246094,155.41000366210938,154.66000366210938,155.36000061035156,43935
2025-01-03 03:00:00+00:00,155.38999938964844,155.65499877929688,155.27999877929688,155.49000549316406,70428
2025-01-03 04:00:00+00:00,155.5,155.51499938964844,155.1999969482422,155.27999877929688,87213
2025-01-03 05:00:00+00:00,155.02999877929688,155.02999877929688,155.02999877929688,155.02999877929688,269266
2025-01-05 23:00:00+00:00,156.0,156.7050018310547,155.6999969482422,156.24000549316406,0
2025-01-06 00:00:00+00:00,156.25999450683594,156.7550048828125,155.89999389648438,156.1199951171875,76492
2025-01-06 01:00:00+00:00,156.1199951171875,156.1199951171875,155.3000030517578,155.39999389648438,68532
2025-01-06 02:00:00+00:00,155.39999389648438,155.85499572753906,155.24000549316406,155.85000610351562,66805
2025-01-06 03:00:00+00:00,155.86000061035156,156.19000244140625,155.72999572753906,155.86000061035156,98482
2025-01-06 04:00:00+00:00,155.86000061035156,156.0500030517578,155.64999389648438,155.8800048828125,84208
2025-01-06 05:00:00+00:00,156.02000427246094,156.02000427246094,156.02000427246094,156.02000427246094,440404
2025-01-06 23:00:00+00:00,156.5,157.60499572753906,155.97000122070312,157.36000061035156,0
2025-01-07 00:00:00+00:00,157.3699951171875,157.66000366210938,156.85000610351562,156.85000610351562,115991
2025-01-07 01:00:00+00:00,156.85000610351562,157.08999633789062,156.30999755859375,156.5,66325
2025-01-07 02:00:00+00:00,156.5,157.02999877929688,156.47999572753906,156.7449951171875,45897
2025-01-07 03:00:00+00:00,156.7449951171875,157.27999877929688,156.60000610351562,157.11000061035156,63743
2025-01-07 04:00:00+00:00,157.1300048828125,157.18499755859375,156.49000549316406,156.75,92602
2025-01-07 05:00:00+00:00,157.11000061035156,157.11000061035156,157.11000061035156,157.11000061035156,463633
2025-01-07 23:00:00+00:00,156.5,156.89999389648438,155.83999633789062,156.8000030517578,0
2025-01-08 00:00:00+00:00,156.7899932861328,157.39999389648438,156.5,157.33999633789062,178736
2025-01-08 01:00:00+00:00,157.3249969482422,158.3300018310547,157.24000549316406,158.3300018310547,164364
2025-01-08 02:00:00+00:00,158.32000732421875,159.72999572753906,158.1300048828125,159.64999389648438,183024
2025-01-08 03:00:00+00:00,159.65499877929688,161.6999969482422,159.6300048828125,161.08999633789062,399280
2025-01-08 04:00:00+00:00,161.08999633789062,161.26499938964844,159.61000061035156,159.67999267578125,363048
2025-01-08 05:00:00+00:00,159.75,159.75,159.75,159.75,0
2025-01-08 23:00:00+00:00,158.1300048828125,159.2899932861328,158.0399932861328,158.88499450683594,305787
2025-01-09 00:00:00+00:00,158.8800048828125,159.19000244140625,158.7449951171875,159.0,92097
2025-01-09 01:00:00+00:00,158.99000549316406,159.1199951171875,157.97000122070312,158.13999938964844,98754
2025-01-09 02:00:00+00:00,158.16000366210938,158.85000610351562,158.02000427246094,158.69000244140625,66207
2025-01-09 03:00:00+00:00,158.67999267578125,158.7899932861328,158.14500427246094,158.28500366210938,91367
2025-01-09 04:00:00+00:00,158.28500366210938,158.5,158.17999267578125,158.3699951171875,133729
2025-01-09 05:00:00+00:00,158.7899932861328,158.7899932861328,158.7899932861328,158.7899932861328,0
2025-01-09 23:00:00+00:00,159.5,159.8000030517578,158.3000030517578,158.41000366210938,113166
2025-01-10 00:00:00+00:00,158.41000366210938,158.4600067138672,156.80999755859375,156.99000549316406,115607
2025-01-10 01:00:00+00:00,156.99000549316406,157.02000427246094,155.57000732421875,156.0500030517578,129465
2025-01-10 02:00:00+00:00,156.0500030517578,156.25,155.57000732421875,156.22999572753906,80389
2025-01-10 03:00:00+00:00,156.22999572753906,156.61000061035156,156.0,156.3300018310547,75720
2025-01-10 04:00:00+00:00,156.3300018310547,156.50999450683594,156.1999969482422,156.38999938964844,114655
2025-01-10 05:00:00+00:00,156.0500030517578,156.0500030517578,156.0500030517578,156.0500030517578,367958
2025-01-12 23:00:00+00:00,153.6300048828125,154.4199981689453,152.0800018310547,153.32000732421875,0
2025-01-13 00:00:00+00:00,153.32000732421875,153.6999969482422,153.22999572753906,153.4149932861328,119465
2025-01-13 01:00:00+00:00,153.41000366210938,153.52999877929688,151.47999572753906,152.11000061035156,165511
2025-01-13 02:00:00+00:00,152.1199951171875,152.27999877929688,151.82000732421875,152.0800018310547,125825
2025-01-13 03:00:00+00:00,152.0800018310547,152.4600067138672,151.24000549316406,152.33999633789062,173091
2025-01-13 04:00:00+00:00,152.35000610351562,152.60000610351562,152.24000549316406,152.41000366210938,195488
2025-01-13 05:00:00+00:00,152.75999450683594,152.75999450683594,152.75999450683594,152.75999450683594,0
2025-01-13 23:00:00+00:00,154.36000061035156,154.5,152.9199981689453,153.1999969482422,164404
2025-01-14 00:00:00+00:00,153.2100067138672,153.24000549316406,152.58999633789062,152.99000549316406,97890
2025-01-14 01:00:00+00:00,152.9949951171875,153.00999450683594,151.82000732421875,151.82000732421875,144002
2025-01-14 02:00:00+00:00,151.82000732421875,151.82000732421875,151.0,151.72999572753906,138979
2025-01-14 03:00:00+00:00,151.72999572753906,152.0399932861328,151.10000610351562,151.80999755859375,109737
2025-01-14 04:00:00+00:00,151.80999755859375,152.0500030517578,151.55999755859375,151.89999389648438,131223
2025-01-14 05:00:00+00:00,151.9600067138672,151.9600067138672,151.9600067138672,151.9600067138672,0
2025-01-14 23:00:00+00:00,154.3300018310547,154.3300018310547,152.39999389648438,152.4499969482422,204236
2025-01-15 00:00:00+00:00,152.42999267578125,152.63999938964844,152.0399932861328,152.4499969482422,110671
2025-01-15 01:00:00+00:00,152.44000244140625,152.71499633789062,151.9499969482422,152.27000427246094,206187
2025-01-15 02:00:00+00:00,152.27999877929688,152.5500030517578,151.97000122070312,152.0,64738
2025-01-15 03:00:00+00:00,151.99000549316406,152.0399932861328,151.5399932861328,151.9499969482422,95387
2025-01-15 04:00:00+00:00,151.94000244140625,151.9600067138672,151.3300018310547,151.6300048828125,119313
2025-01-15 05:00:00+00:00,151.27000427246094,151.27000427246094,151.27000427246094,151.27000427246094,0
2025-01-15 23:00:00+00:00,154.3000030517578,155.72999572753906,153.8800048828125,155.2100067138672,538840
2025-01-16 00:00:00+00:00,155.2100067138672,155.8000030517578,154.9199981689453,155.4199981689453,249749
2025-01-16 01:00:00+00:00,155.39999389648438,155.5800018310547,154.8800048828125,154.9199981689453,160565
2025-01-16 02:00:00+00:00,154.9199981689453,155.3800048828125,154.8699951171875,155.24000549316406,166616
2025-01-16 03:00:00+00:00,155.25,155.4199981689453,155.0800018310547,155.19000244140625,273159
2025-01-16 04:00:00+00:00,155.19000244140625,155.5800018310547,155.19000244140625,155.4199981689453,314088
2025-01-16 05:00:00+00:00,155.75,155.75,155.75,155.75,957183
2025-01-16 23:00:00+00:00,155.14999389648438,155.60000610351562,154.77999877929688,155.0500030517578,123524
2025-01-17 00:00:00+00:00,155.0800018310547,155.28500366210938,154.60000610351562,154.93499755859375,100607
2025-01-17 01:00:00+00:00,154.93499755859375,155.3000030517578,154.77999877929688,154.85000610351562,85698
2025-01-17 02:00:00+00:00,154.85000610351562,154.88999938964844,154.0800018310547,154.22000122070312,135415
2025-01-17 03:00:00+00:00,154.22999572753906,154.36000061035156,153.64999389648438,153.88999938964844,123922
2025-01-17 04:00:00+00:00,153.8699951171875,154.4600067138672,153.38999938964844,154.3000030517578,166276
2025-01-17 05:00:00+00:00,153.89999389648438,153.89999389648438,153.89999389648438,153.89999389648438,403351
2025-01-19 23:00:00+00:00,154.69000244140625,154.89999389648438,153.35000610351562,154.4600067138672,0
2025-01-20 00:00:00+00:00,154.47000122070312,154.88999938964844,154.24000549316406,154.86000061035156,75740
2025-01-20 01:00:00+00:00,154.85000610351562,154.9199981689453,154.39999389648438,154.61000061035156,66030
2025-01-20 02:00:00+00:00,154.61000061035156,155.02000427246094,154.25,154.99000549316406,61537
2025-01-20 03:00:00+00:00,154.99000549316406,155.47000122070312,154.97000122070312,155.3800048828125,111656
2025-01-20 04:00:00+00:00,155.3800048828125,155.47999572753906,154.77999877929688,154.97000122070312,116133
2025-01-20 05:00:00+00:00,155.05999755859375,155.05999755859375,155.05999755859375,155.05999755859375,0
2025-01-20 23:00:00+00:00,155.0,157.0800018310547,154.72999572753906,156.9550018310547,198668
2025-01-21 00:00:00+00:00,156.9600067138672,157.9600067138672,155.72999572753906,155.72999572753906,170531
2025-01-21 01:00:00+00:00,155.6999969482422,156.99000549316406,155.25999450683594,156.25,86121
2025-01-21 02:00:00+00:00,156.2899932861328,156.9199981689453,156.1999969482422,156.52999877929688,66110
2025-01-21 03:00:00+00:00,156.5399932861328,156.8699951171875,156.36000061035156,156.5399932861328,74281
2025-01-21 04:00:00+00:00,156.5500030517578,156.55999755859375,155.75,156.1199951171875,165952
2025-01-21 05:00:00+00:00,156.1999969482422,156.1999969482422,156.1999969482422,156.1999969482422,391687
2025-01-21 23:00:00+00:00,157.25,158.44000244140625,156.6999969482422,158.33999633789062,0
2025-01-22 00:00:00+00:00,158.3300018310547,158.4499969482422,157.6199951171875,157.83999633789062,129077
2025-01-22 01:00:00+00:00,157.83999633789062,157.9199981689453,157.19000244140625,157.5500030517578,76574
2025-01-22 02:00:00+00:00,157.5500030517578,157.7899932861328,156.9600067138672,157.1999969482422,77089
2025-01-22 03:00:00+00:00,157.22000122070312,157.4600067138672,157.08999633789062,157.10000610351562,84647
2025-01-22 04:00:00+00:00,157.08999633789062,157.58999633789062,156.94000244140625,157.49000549316406,132056
2025-01-22 05:00:00+00:00,157.75,157.75,157.75,157.75,555796
2025-01-22 23:00:00+00:00,157.97000122070312,158.0,156.39999389648438,156.72000122070312,0
2025-01-23 00:00:00+00:00,156.72999572753906,157.72999572753906,156.64999389648438,157.2100067138672,134839
2025-01-23 01:00:00+00:00,157.22999572753906,157.6699981689453,156.8800048828125,157.00999450683594,180026
2025-01-23 02:00:00+00:00,157.00999450683594,157.38999938964844,156.8699951171875,157.22999572753906,55860
2025-01-23 03:00:00+00:00,157.22999572753906,157.77999877929688,157.22000122070312,157.64999389648438,79156
2025-01-23 04:00:00+00:00,157.66000366210938,157.8000030517578,157.1999969482422,157.47000122070312,108206
2025-01-23 05:00:00+00:00,157.85000610351562,157.85000610351562,157.85000610351562,157.85000610351562,0
2025-01-23 23:00:00+00:00,158.6999969482422,159.4600067138672,158.5,159.0500030517578,304679
2025-01-24 00:00:00+00:00,159.02000427246094,159.17999267578125,158.7899932861328,158.9600067138672,109386
2025-01-24 01:00:00+00:00,158.9600067138672,159.1300048828125,158.63999938964844,158.75,97383
2025-01-24 02:00:00+00:00,158.7550048828125,158.97999572753906,158.52000427246094,158.81500244140625,106649
2025-01-24 03:00:00+00:00,158.80999755859375,159.0,158.66000366210938,158.74000549316406,119939
2025-01-24 04:00:00+00:00,158.73500061035156,159.0,158.69000244140625,158.97999572753906,222489
2025-01-24 05:00:00+00:00,158.97000122070312,158.97000122070312,158.64999389648438,158.64999389648438,436003
2025-01-27 23:00:00+00:00,159.6699981689453,160.0,159.17999267578125,159.94000244140625,0
2025-01-28 00:00:00+00:00,159.92999267578125,160.24000549316406,159.6300048828125,160.14999389648438,212341
2025-01-28 01:00:00+00:00,160.13999938964844,160.3699951171875,159.44000244140625,159.52999877929688,120331
2025-01-28 02:00:00+00:00,159.52999877929688,160.01499938964844,159.4600067138672,159.8300018310547,69822
2025-01-28 03:00:00+00:00,159.82000732421875,159.94000244140625,159.6300048828125,159.64999389648438,83278
2025-01-28 04:00:00+00:00,159.63999938964844,159.8000030517578,159.52000427246094,159.60000610351562,121992
2025-01-28 05:00:00+00:00,159.27999877929688,159.27999877929688,159.27999877929688,159.27999877929688,658370
2025-01-28 23:00:00+00:00,160.1699981689453,160.42999267578125,159.41000366210938,159.8800048828125,0
2025-01-29 00:00:00+00:00,159.8800048828125,160.5500030517578,159.6699981689453,160.42999267578125,208740
2025-01-29 01:00:00+00:00,160.47000122070312,160.52000427246094,159.8000030517578,159.97999572753906,107466
2025-01-29 02:00:00+00:00,159.97999572753906,160.5,159.9550018310547,159.99000549316406,91556
2025-01-29 03:00:00+00:00,160.0,160.0399932861328,159.3000030517578,159.5,104266
2025-01-29 04:00:00+00:00,159.50999450683594,159.72000122070312,159.30999755859375,159.4199981689453,88623
2025-01-29 05:00:00+00:00,159.08999633789062,159.08999633789062,159.08999633789062,159.08999633789062,295310
2025-01-29 23:00:00+00:00,159.35000610351562,159.99000549316406,158.82000732421875,159.72999572753906,0
2025-01-30 00:00:00+00:00,159.72999572753906,160.0,159.58999633789062,159.82000732421875,79037
2025-01-30 01:00:00+00:00,159.80999755859375,160.19000244140625,159.75,160.1199951171875,150738
2025-01-30 02:00:00+00:00,160.1199951171875,160.4600067138672,159.88999938964844,160.33999633789062,127564
2025-01-30 03:00:00+00:00,160.3350067138672,160.60000610351562,160.17999267578125,160.33999633789062,155988
2025-01-30 04:00:00+00:00,160.33999633789062,160.50999450683594,160.3000030517578,160.47999572753906,124268
2025-01-30 05:00:00+00:00,160.61000061035156,160.61000061035156,160.61000061035156,160.61000061035156,0
2025-01-30 23:00:00+00:00,160.47000122070312,161.10000610351562,160.3000030517578,160.88999938964844,266091
2025-01-31 00:00:00+00:00,160.9199981689453,161.4250030517578,160.77000427246094,161.0399932861328,145155
2025-01-31 01:00:00+00:00,161.02999877929688,161.3000030517578,160.7100067138672,160.72999572753906,107482
2025-01-31 02:00:00+00:00,160.72999572753906,160.74000549316406,159.92999267578125,159.9499969482422,82064
2025-01-31 03:00:00+00:00,159.97000122070312,160.50999450683594,159.83999633789062,160.4600067138672,123895
2025-01-31 04:00:00+00:00,160.47999572753906,161.08999633789062,160.47999572753906,160.9600067138672,206939
2025-02-02 23:00:00+00:00,156.5,157.6199951171875,156.1699981689453,157.0749969482422,0
2025-02-03 00:00:00+00:00,157.0800018310547,158.25999450683594,157.05999755859375,157.77000427246094,113827
2025-02-03 01:00:00+00:00,157.77999877929688,159.2899932861328,157.77999877929688,158.72999572753906,118056
2025-02-03 02:00:00+00:00,158.72999572753906,158.97000122070312,158.16000366210938,158.30999755859375,101121
2025-02-03 03:00:00+00:00,158.30999755859375,158.83999633789062,158.0,158.36000061035156,105647
2025-02-03 04:00:00+00:00,158.36000061035156,158.5,157.5,157.92999267578125,179675
2025-02-03 05:00:00+00:00,158.1300048828125,158.1300048828125,158.1300048828125,158.1300048828125,357428
2025-02-03 23:00:00+00:00,159.60000610351562,159.69000244140625,158.82000732421875,159.47999572753906,0
2025-02-04 00:00:00+00:00,159.49000549316406,159.69000244140625,158.88999938964844,159.22000122070312,96569
2025-02-04 01:00:00+00:00,159.1999969482422,159.1999969482422,158.55999755859375,158.7050018310547,104536
2025-02-04 02:00:00+00:00,158.7050018310547,158.89999389648438,158.4499969482422,158.50999450683594,74515
2025-02-04 03:00:00+00:00,158.50999450683594,158.69000244140625,158.0,158.08999633789062,85002
2025-02-04 04:00:00+00:00,158.07000732421875,158.47999572753906,158.00999450683594,158.27999877929688,119792
2025-02-04 05:00:00+00:00,157.6999969482422,157.6999969482422,157.6999969482422,157.6999969482422,417769
2025-02-04 23:00:00+00:00,158.30999755859375,158.67999267578125,157.83999633789062,158.25,0
2025-02-05 00:00:00+00:00,158.25999450683594,158.82000732421875,158.02000427246094,158.7899932861328,106018
2025-02-05 01:00:00+00:00,158.7899932861328,159.07000732421875,158.5399932861328,158.82000732421875,195147
2025-02-05 02:00:00+00:00,158.8350067138672,158.8350067138672,157.64999389648438,157.72999572753906,116151
2025-02-05 03:00:00+00:00,157.72000122070312,158.6699981689453,157.72000122070312,158.41000366210938,79570
2025-02-05 04:00:00+00:00,158.44000244140625,158.60000610351562,158.1300048828125,158.3300018310547,137163
2025-02-05 05:00:00+00:00,158.57000732421875,158.57000732421875,158.57000732421875,158.57000732421875,467368
2025-02-05 23:00:00+00:00,159.97999572753906,160.88999938964844,159.82000732421875,160.8800048828125,0
2025-02-06 00:00:00+00:00,160.89999389648438,161.27000427246094,160.64999389648438,160.9600067138672,195159
2025-02-06 01:00:00+00:00,160.9600067138672,161.9499969482422,160.86000061035156,161.8000030517578,222498
2025-02-06 02:00:00+00:00,161.7899932861328,161.8699951171875,161.4199981689453,161.5399932861328,129627
2025-02-06 03:00:00+00:00,161.5399932861328,161.88999938964844,161.25,161.82000732421875,137801
2025-02-06 04:00:00+00:00,161.81500244140625,162.42999267578125,161.67999267578125,162.25,290338
2025-02-06 05:00:00+00:00,162.63999938964844,162.63999938964844,162.63999938964844,162.63999938964844,0
2025-02-06 23:00:00+00:00,161.63999938964844,161.89999389648438,161.1300048828125,161.52999877929688,210385
2025-02-07 00:00:00+00:00,161.57000732421875,162.89999389648438,161.57000732421875,162.66000366210938,180822
2025-02-07 01:00:00+00:00,162.65499877929688,162.97500610351562,162.58999633789062,162.60000610351562,115547
2025-02-07 02:00:00+00:00,162.60499572753906,162.63999938964844,162.36000061035156,162.60000610351562,125137
2025-02-07 03:00:00+00:00,162.61000061035156,162.64999389648438,162.39999389648438,162.6199951171875,123230
2025-02-07 04:00:00+00:00,162.6300048828125,162.9550018310547,162.55999755859375,162.8300018310547,155287
2025-02-09 23:00:00+00:00,160.91000366210938,161.74000549316406,160.3300018310547,161.64999389648438,0
2025-02-10 00:00:00+00:00,161.64999389648438,161.9499969482422,161.49000549316406,161.77000427246094,93646
2025-02-10 01:00:00+00:00,161.75,162.0800018310547,161.3699951171875,162.0500030517578,129161
2025-02-10 02:00:00+00:00,162.0399932861328,162.66000366210938,161.92999267578125,162.6199951171875,99451
2025-02-10 03:00:00+00:00,162.61000061035156,162.77000427246094,162.1199951171875,162.3300018310547,116065
2025-02-10 04:00:00+00:00,162.3300018310547,162.83999633789062,162.1199951171875,162.74000549316406,201582
2025-02-10 05:00:00+00:00,162.8300018310547,162.8300018310547,162.8300018310547,162.8300018310547,544817
2025-02-10 23:00:00+00:00,162.02000427246094,163.02999877929688,162.0,162.52000427246094,0
2025-02-11 00:00:00+00:00,162.49000549316406,162.75,162.2899932861328,162.49000549316406,134625
2025-02-11 01:00:00+00:00,162.5,162.6300048828125,162.1999969482422,162.42999267578125,98114
2025-02-11 02:00:00+00:00,162.44000244140625,162.50999450683594,162.1699981689453,162.25,116026
2025-02-11 03:00:00+00:00,162.27000427246094,162.27999877929688,162.00999450683594,162.1999969482422,212521
2025-02-11 04:00:00+00:00,162.1999969482422,162.25999450683594,161.61000061035156,161.9250030517578,244804
2025-02-11 05:00:00+00:00,162.16000366210938,162.16000366210938,162.16000366210938,162.16000366210938,432888
2025-02-11 23:00:00+00:00,161.24000549316406,163.0,159.80999755859375,162.72999572753906,0
2025-02-12 00:00:00+00:00,162.75999450683594,164.17999267578125,162.39999389648438,163.97000122070312,354952
2025-02-12 01:00:00+00:00,163.97000122070312,165.3699951171875,163.49000549316406,164.9499969482422,248445
2025-02-12 02:00:00+00:00,164.94000244140625,165.3300018310547,164.61000061035156,164.6649932861328,141357
2025-02-12 03:00:00+00:00,164.6699981689453,165.53500366210938,164.5,165.3000030517578,188787
2025-02-12 04:00:00+00:00,165.3000030517578,165.72000122070312,165.1199951171875,165.57000732421875,244682
2025-02-12 05:00:00+00:00,165.97999572753906,165.97999572753906,165.97999572753906,165.97999572753906,649276
2025-02-12 23:00:00+00:00,165.77000427246094,166.08999633789062,164.61000061035156,165.91000366210938,0
2025-02-13 00:00:00+00:00,165.91000366210938,167.61000061035156,165.6699981689453,166.75999450683594,272012
2025-02-13 01:00:00+00:00,166.74000549316406,166.77000427246094,165.92999267578125,166.00999450683594,169344
2025-02-13 02:00:00+00:00,166.00999450683594,166.02000427246094,165.07000732421875,165.9199981689453,180681
2025-02-13 03:00:00+00:00,165.9199981689453,166.5,165.86000061035156,166.33999633789062,163987
2025-02-13 04:00:00+00:00,166.32000732421875,166.47000122070312,165.89999389648438,166.13999938964844,240141
2025-02-13 05:00:00+00:00,166.72000122070312,166.72000122070312,166.72000122070312,166.72000122070312,0
2025-02-13 23:00:00+00:00,167.47000122070312,167.55999755859375,165.6199951171875,167.16000366210938,498981
2025-02-14 00:00:00+00:00,167.125,167.1699981689453,165.1300048828125,165.25999450683594,231802
2025-02-14 01:00:00+00:00,165.25999450683594,166.10000610351562,165.10000610351562,165.9199981689453,220124
2025-02-14 02:00:00+00:00,165.92999267578125,166.2100067138672,165.0,165.63999938964844,151660
2025-02-14 03:00:00+00:00,165.63999938964844,165.9199981689453,165.27000427246094,165.8300018310547,148593
2025-02-14 04:00:00+00:00,165.85000610351562,166.1300048828125,165.52000427246094,165.8300018310547,265662
2025-02-14 05:00:00+00:00,165.44000244140625,165.44000244140625,165.44000244140625,165.44000244140625,585080
2025-02-16 23:00:00+00:00,164.85000610351562,165.13999938964844,162.02000427246094,163.36000061035156,0
2025-02-17 00:00:00+00:00,163.35000610351562,164.1199951171875,162.52000427246094,163.0,200165
2025-02-17 01:00:00+00:00,163.00999450683594,163.1300048828125,162.32000732421875,162.44000244140625,137421
2025-02-17 02:00:00+00:00,162.39999389648438,163.31500244140625,162.38999938964844,163.14999389648438,107605
2025-02-17 03:00:00+00:00,163.17999267578125,164.36000061035156,163.1300048828125,164.25999450683594,219735
2025-02-17 04:00:00+00:00,164.2449951171875,164.6999969482422,163.92999267578125,164.5399932861328,199644
2025-02-17 05:00:00+00:00,164.97000122070312,164.97000122070312,164.97000122070312,164.97000122070312,698149
2025-02-17 23:00:00+00:00,165.0,165.4499969482422,163.60000610351562,163.6999969482422,0
2025-02-18 00:00:00+00:00,163.68499755859375,163.75,162.38999938964844,162.5,272189
2025-02-18 01:00:00+00:00,162.5,163.22000122070312,162.1999969482422,162.7100067138672,203763
2025-02-18 02:00:00+00:00,162.72000122070312,163.10499572753906,162.52000427246094,162.52000427246094,206649
2025-02-18 03:00:00+00:00,162.5399932861328,163.60000610351562,162.5,162.9499969482422,307800
2025-02-18 04:00:00+00:00,162.9199981689453,163.16000366210938,162.35000610351562,162.77999877929688,292759
2025-02-18 05:00:00+00:00,162.78500366210938,162.78500366210938,162.60000610351562,162.60000610351562,697454
2025-02-18 23:00:00+00:00,158.75,159.3000030517578,156.58999633789062,158.9199981689453,0
2025-02-19 00:00:00+00:00,158.9199981689453,159.85000610351562,158.8000030517578,159.64999389648438,268039
2025-02-19 01:00:00+00:00,159.6300048828125,160.72999572753906,158.8000030517578,158.88999938964844,260537
2025-02-19 02:00:00+00:00,158.89999389648438,159.27000427246094,158.50999450683594,159.13999938964844,231036
2025-02-19 03:00:00+00:00,159.19000244140625,159.36000061035156,158.5800018310547,158.7050018310547,214428
2025-02-19 04:00:00+00:00,158.6999969482422,159.0,158.0800018310547,158.89999389648438,380562
2025-02-19 05:00:00+00:00,158.94000244140625,158.94000244140625,158.94000244140625,158.94000244140625,0
2025-02-19 23:00:00+00:00,159.0399932861328,159.3699951171875,157.3000030517578,157.97000122070312,514645
2025-02-20 00:00:00+00:00,157.94000244140625,158.13999938964844,156.9199981689453,157.63999938964844,250046
2025-02-20 01:00:00+00:00,157.6199951171875,157.6999969482422,156.66000366210938,156.6699981689453,191094
2025-02-20 02:00:00+00:00,156.6699981689453,156.91000366210938,156.00999450683594,156.88999938964844,160639
2025-02-20 03:00:00+00:00,156.8350067138672,156.86000061035156,156.00999450683594,156.13999938964844,182497
2025-02-20 04:00:00+00:00,156.13999938964844,156.3800048828125,155.77000427246094,155.8699951171875,362845
2025-02-20 05:00:00+00:00,155.72999572753906,155.72999572753906,155.72999572753906,155.72999572753906,1047971
2025-02-20 23:00:00+00:00,156.0500030517578,156.1199951171875,154.24000549316406,154.3000030517578,0
2025-02-21 00:00:00+00:00,154.30999755859375,154.8000030517578,152.91000366210938,152.97000122070312,290087
2025-02-21 01:00:00+00:00,152.97000122070312,153.02000427246094,152.10000610351562,152.52999877929688,251619
2025-02-21 02:00:00+00:00,152.5399932861328,152.5500030517578,151.8000030517578,152.0800018310547,247242
2025-02-21 03:00:00+00:00,152.07000732421875,152.3300018310547,151.4199981689453,151.55999755859375,285789
2025-02-21 04:00:00+00:00,151.5749969482422,152.52999877929688,151.52999877929688,152.33999633789062,384383
2025-02-23 23:00:00+00:00,149.30999755859375,151.3699951171875,149.0,150.9550018310547,0
2025-02-24 00:00:00+00:00,150.9499969482422,153.6999969482422,150.92999267578125,153.5800018310547,340008
2025-02-24 01:00:00+00:00,153.60000610351562,154.27999877929688,153.3800048828125,154.0,225247
2025-02-24 02:00:00+00:00,154.0050048828125,154.8699951171875,154.0,154.52000427246094,236332
2025-02-24 03:00:00+00:00,154.52999877929688,155.74000549316406,154.38999938964844,155.67999267578125,266204
2025-02-24 04:00:00+00:00,155.6699981689453,155.9499969482422,155.49000549316406,155.6750030517578,256294
2025-02-24 05:00:00+00:00,156.22999572753906,156.22999572753906,156.22999572753906,156.22999572753906,783775
2025-02-24 23:00:00+00:00,156.1999969482422,156.4550018310547,153.97000122070312,154.27499389648438,0
2025-02-25 00:00:00+00:00,154.26499938964844,154.5399932861328,153.55999755859375,153.77000427246094,159951
2025-02-25 01:00:00+00:00,153.77000427246094,154.0,153.02999877929688,153.13999938964844,149168
2025-02-25 02:00:00+00:00,153.13999938964844,153.8300018310547,152.99000549316406,153.80999755859375,181321
2025-02-25 03:00:00+00:00,153.80999755859375,154.1300048828125,153.5399932861328,153.61000061035156,170938
2025-02-25 04:00:00+00:00,153.61000061035156,154.21499633789062,153.39999389648438,153.83999633789062,201568
2025-02-25 05:00:00+00:00,154.27000427246094,154.27000427246094,154.27000427246094,154.27000427246094,566961
2025-02-25 23:00:00+00:00,154.5,155.16000366210938,153.4499969482422,153.7899932861328,0
2025-02-26 00:00:00+00:00,153.8000030517578,155.27999877929688,153.66000366210938,155.22999572753906,130023
2025-02-26 01:00:00+00:00,155.22999572753906,155.35000610351562,155.0,155.17999267578125,122357
2025-02-26 02:00:00+00:00,155.19000244140625,155.8000030517578,155.17999267578125,155.64999389648438,124097
2025-02-26 03:00:00+00:00,155.6199951171875,156.25,155.3000030517578,156.02000427246094,162409
2025-02-26 04:00:00+00:00,156.02000427246094,156.60000610351562,155.99000549316406,156.41000366210938,291381
2025-02-26 05:00:00+00:00,156.25999450683594,156.25999450683594,156.25999450683594,156.25999450683594,0
2025-02-26 23:00:00+00:00,155.89999389648438,156.1199951171875,154.8000030517578,155.83999633789062,252908
2025-02-27 00:00:00+00:00,155.8699951171875,156.07000732421875,154.80999755859375,155.3699951171875,226856
2025-02-27 01:00:00+00:00,155.3800048828125,156.16000366210938,155.05999755859375,156.00999450683594,141910
2025-02-27 02:00:00+00:00,155.97999572753906,156.16000366210938,155.16000366210938,155.35000610351562,131261
2025-02-27 03:00:00+00:00,155.36000061035156,155.86000061035156,155.36000061035156,155.5399932861328,113283
2025-02-27 04:00:00+00:00,155.5399932861328,156.0800018310547,155.47999572753906,155.99000549316406,158183
2025-02-27 05:00:00+00:00,156.2899932861328,156.2899932861328,156.2899932861328,156.2899932861328,519973
2025-02-27 23:00:00+00:00,155.66000366210938,156.32000732421875,154.66000366210938,156.17999267578125,0
2025-02-28 00:00:00+00:00,156.2100067138672,156.55999755859375,155.5500030517578,155.97999572753906,130069
2025-02-28 01:00:00+00:00,155.97999572753906,157.16000366210938,155.9199981689453,157.11000061035156,191189
2025-02-28 02:00:00+00:00,157.1199951171875,157.67999267578125,156.61000061035156,156.77000427246094,174583
2025-02-28 03:00:00+00:00,156.77000427246094,156.77000427246094,155.92999267578125,156.1999969482422,169892
2025-02-28 04:00:00+00:00,156.19000244140625,156.75,155.97000122070312,156.34500122070312,221044
2025-03-02 23:00:00+00:00,158.39999389648438,158.39999389648438,157.0,157.02000427246094,0
2025-03-03 00:00:00+00:00,157.00999450683594,157.17999267578125,155.2899932861328,155.5449981689453,147086
2025-03-03 01:00:00+00:00,155.5449981689453,156.25999450683594,155.33999633789062,156.02999877929688,107137
2025-03-03 02:00:00+00:00,156.02499389648438,156.49000549316406,155.5800018310547,156.2899932861328,93971
2025-03-03 03:00:00+00:00,156.2899932861328,156.61000061035156,155.97500610351562,156.36000061035156,131367
2025-03-03 04:00:00+00:00,156.35000610351562,157.25,156.27999877929688,157.0800018310547,210031
2025-03-03 05:00:00+00:00,157.1300048828125,157.1300048828125,157.1300048828125,157.1300048828125,485056
2025-03-03 23:00:00+00:00,157.32000732421875,157.5,155.68499755859375,156.27499389648438,0
2025-03-04 00:00:00+00:00,156.2899932861328,156.88999938964844,156.0500030517578,156.77999877929688,125139
2025-03-04 01:00:00+00:00,156.7899932861328,157.25999450683594,156.27499389648438,156.41000366210938,134417
2025-03-04 02:00:00+00:00,156.39999389648438,157.07000732421875,156.16000366210938,156.93499755859375,125365
2025-03-04 03:00:00+00:00,156.94000244140625,157.49000549316406,156.72999572753906,157.25999450683594,149861
2025-03-04 04:00:00+00:00,157.2550048828125,157.57000732421875,156.9600067138672,157.1300048828125,171203
2025-03-04 05:00:00+00:00,157.75999450683594,157.75999450683594,157.75999450683594,157.75999450683594,515305
2025-03-04 23:00:00+00:00,156.5500030517578,156.97999572753906,155.89999389648438,156.89999389648438,0
2025-03-05 00:00:00+00:00,156.89999389648438,156.97000122070312,155.7100067138672,155.75,182741
2025-03-05 01:00:00+00:00,155.75,155.82000732421875,154.39999389648438,155.05999755859375,181826
2025-03-05 02:00:00+00:00,155.05499267578125,155.5,154.82000732421875,155.11000061035156,91130
2025-03-05 03:00:00+00:00,155.11000061035156,155.83999633789062,154.8300018310547,155.82000732421875,145061
2025-03-05 04:00:00+00:00,155.80999755859375,155.94000244140625,155.55999755859375,155.8000030517578,0
2025-03-05 05:00:00+00:00,156.38999938964844,156.38999938964844,156.38999938964844,156.38999938964844,1000
2025-03-05 23:00:00+00:00,156.44000244140625,156.8800048828125,155.25999450683594,156.10000610351562,278387
2025-03-06 00:00:00+00:00,156.0800018310547,156.0800018310547,155.2100067138672,155.5800018310547,142718
2025-03-06 01:00:00+00:00,155.5800018310547,155.81500244140625,155.13999938964844,155.4199981689453,117569
2025-03-06 02:00:00+00:00,155.44000244140625,155.50999450683594,154.67999267578125,154.9499969482422,206846
2025-03-06 03:00:00+00:00,154.94500732421875,155.02999877929688,154.22000122070312,154.60000610351562,232200
2025-03-06 04:00:00+00:00,154.61000061035156,154.9600067138672,153.94000244140625,154.3000030517578,375623
2025-03-06 05:00:00+00:00,153.58999633789062,153.58999633789062,153.58999633789062,153.58999633789062,0
2025-03-06 23:00:00+00:00,150.8800048828125,150.9600067138672,147.6999969482422,147.6999969482422,556234
2025-03-07 00:00:00+00:00,147.6999969482422,148.60000610351562,147.22000122070312,148.57000732421875,306018
2025-03-07 01:00:00+00:00,148.57000732421875,149.58999633789062,147.73500061035156,149.55999755859375,281934
2025-03-07 02:00:00+00:00,149.5800018310547,149.5800018310547,148.11000061035156,148.19500732421875,169034
2025-03-07 03:00:00+00:00,148.1999969482422,148.88499450683594,147.97999572753906,148.6199951171875,197784
2025-03-07 04:00:00+00:00,148.61000061035156,148.9199981689453,148.1999969482422,148.4600067138672,230662
2025-03-07 05:00:00+00:00,148.5,148.5,148.5,148.5,451956
2025-03-09 23:00:00+00:00,149.1999969482422,149.5800018310547,148.30999755859375,148.9600067138672,0
2025-03-10 00:00:00+00:00,148.88999938964844,149.08999633789062,148.3000030517578,148.72000122070312,109515
2025-03-10 01:00:00+00:00,148.72999572753906,149.02999877929688,148.0500030517578,149.02000427246094,136392
2025-03-10 02:00:00+00:00,148.99000549316406,149.0800018310547,148.42999267578125,148.74000549316406,82311
2025-03-10 03:00:00+00:00,148.72000122070312,148.89999389648438,148.1300048828125,148.1300048828125,106003
2025-03-10 04:00:00+00:00,148.1199951171875,148.3000030517578,147.41000366210938,147.77999877929688,206917
2025-03-10 05:00:00+00:00,148.13999938964844,148.13999938964844,148.13999938964844,148.13999938964844,0
2025-03-10 23:00:00+00:00,145.69000244140625,146.61000061035156,144.39999389648438,146.5050048828125,594355
2025-03-11 00:00:00+00:00,146.49000549316406,146.94000244140625,145.44000244140625,145.61500549316406,315206
2025-03-11 01:00:00+00:00,145.61000061035156,146.75999450683594,144.5,146.58999633789062,215630
2025-03-11 02:00:00+00:00,146.58999633789062,148.1300048828125,146.5500030517578,146.69000244140625,263132
2025-03-11 03:00:00+00:00,146.69000244140625,147.72999572753906,146.5,147.57000732421875,184670
2025-03-11 04:00:00+00:00,147.57000732421875,147.75,147.02999877929688,147.39999389648438,212934
2025-03-11 05:00:00+00:00,146.9199981689453,146.9199981689453,146.9199981689453,146.9199981689453,0
2025-03-11 23:00:00+00:00,145.2100067138672,145.83999633789062,144.11000061035156,144.92999267578125,389804
2025-03-12 00:00:00+00:00,144.92999267578125,145.22000122070312,144.0,144.58999633789062,281209
2025-03-12 01:00:00+00:00,144.58999633789062,144.99000549316406,142.97999572753906,144.35499572753906,311104
2025-03-12 02:00:00+00:00,144.36000061035156,145.63999938964844,144.3000030517578,144.68499755859375,224135
2025-03-12 03:00:00+00:00,144.67999267578125,144.69000244140625,143.25,143.77000427246094,273605
2025-03-12 04:00:00+00:00,143.77999877929688,144.8699951171875,143.69500732421875,144.3300018310547,323966
2025-03-12 05:00:00+00:00,144.8000030517578,144.8000030517578,144.8000030517578,144.8000030517578,0
2025-03-12 23:00:00+00:00,145.00999450683594,145.4600067138672,144.1999969482422,144.8800048828125,560139
2025-03-13 00:00:00+00:00,144.8800048828125,145.57000732421875,144.60000610351562,144.82000732421875,323287
2025-03-13 01:00:00+00:00,144.80999755859375,144.89999389648438,143.91000366210938,144.74000549316406,155411
2025-03-13 02:00:00+00:00,144.73500061035156,144.83999633789062,144.3699951171875,144.5749969482422,181682
2025-03-13 03:00:00+00:00,144.57000732421875,144.64999389648438,143.91000366210938,143.97000122070312,167208
2025-03-13 04:00:00+00:00,143.97999572753906,144.17999267578125,143.6699981689453,143.9199981689453,278964
2025-03-13 05:00:00+00:00,144.0,144.0,144.0,144.0,935315
2025-03-13 23:00:00+00:00,142.23500061035156,143.36000061035156,141.41000366210938,142.91000366210938,0
2025-03-14 00:00:00+00:00,142.89999389648438,144.02999877929688,142.7050018310547,142.72000122070312,217411
2025-03-14 01:00:00+00:00,142.72000122070312,142.86000061035156,142.10000610351562,142.1999969482422,184836
2025-03-14 02:00:00+00:00,142.17999267578125,142.6300048828125,141.9600067138672,141.96499633789062,143342
2025-03-14 03:00:00+00:00,141.96499633789062,142.25999450683594,141.80499267578125,142.14500427246094,172334
2025-03-14 04:00:00+00:00,142.13999938964844,142.4600067138672,142.02000427246094,142.22000122070312,242076
2025-03-14 05:00:00+00:00,142.36000061035156,142.36000061035156,142.36000061035156,142.36000061035156,661310
2025-03-16 23:00:00+00:00,143.88999938964844,144.42999267578125,143.57000732421875,144.0399932861328,0
2025-03-17 00:00:00+00:00,144.02999877929688,144.13999938964844,143.625,143.72000122070312,138830
2025-03-17 01:00:00+00:00,143.57000732421875,143.6699981689453,143.28500366210938,143.63999938964844,113567
2025-03-17 02:00:00+00:00,143.64999389648438,144.3000030517578,143.5449981689453,144.1699981689453,144832
2025-03-17 03:00:00+00:00,144.1699981689453,144.32000732421875,143.85000610351562,144.1199951171875,141410
2025-03-17 04:00:00+00:00,144.1199951171875,144.33999633789062,143.89999389648438,144.1999969482422,238169
2025-03-17 05:00:00+00:00,144.66000366210938,144.66000366210938,144.66000366210938,144.66000366210938,0
2025-03-17 23:00:00+00:00,145.38999938964844,146.5,145.22000122070312,146.0,294701
2025-03-18 00:00:00+00:00,146.0399932861328,146.10000610351562,144.94000244140625,145.05999755859375,132792
2025-03-18 01:00:00+00:00,145.0850067138672,145.1999969482422,144.47000122070312,144.47999572753906,123359
2025-03-18 02:00:00+00:00,144.47000122070312,144.69000244140625,143.80999755859375,143.91000366210938,115767
2025-03-18 03:00:00+00:00,143.91000366210938,144.1300048828125,143.5399932861328,144.11000061035156,168507
2025-03-18 04:00:00+00:00,144.11000061035156,144.47999572753906,144.0,144.13999938964844,154330
2025-03-18 05:00:00+00:00,144.1999969482422,144.1999969482422,144.1999969482422,144.1999969482422,0
2025-03-18 23:00:00+00:00,142.88999938964844,143.6300048828125,142.5399932861328,143.33999633789062,218692
2025-03-19 00:00:00+00:00,143.35000610351562,144.14999389648438,143.14999389648438,144.0800018310547,103341
2025-03-19 01:00:00+00:00,144.07000732421875,144.47000122070312,143.72000122070312,143.89500427246094,99144
2025-03-19 02:00:00+00:00,143.89500427246094,144.0,142.72000122070312,143.1300048828125,108028
2025-03-19 03:00:00+00:00,143.13999938964844,143.5,142.97999572753906,143.08999633789062,111916
2025-03-19 04:00:00+00:00,143.08999633789062,143.36000061035156,142.75,142.85000610351562,141990
2025-03-19 05:00:00+00:00,142.77000427246094,142.77000427246094,142.77000427246094,142.77000427246094,0
2025-03-19 23:00:00+00:00,143.91000366210938,144.75999450683594,143.67999267578125,144.69000244140625,1858454
2025-03-20 00:00:00+00:00,144.69000244140625,144.97999572753906,144.39999389648438,144.86000061035156,117216
2025-03-20 01:00:00+00:00,144.85000610351562,145.30999755859375,144.61000061035156,145.11000061035156,159068
2025-03-20 02:00:00+00:00,145.14999389648438,145.7100067138672,145.11000061035156,145.5500030517578,126682
2025-03-20 03:00:00+00:00,145.55999755859375,146.0,145.2100067138672,145.32000732421875,123913
2025-03-20 04:00:00+00:00,145.3300018310547,145.5500030517578,145.14999389648438,145.5,163801
2025-03-20 05:00:00+00:00,145.92999267578125,145.92999267578125,145.92999267578125,145.92999267578125,0
2025-03-20 23:00:00+00:00,145.6999969482422,146.9499969482422,145.1999969482422,146.7100067138672,260157
2025-03-21 00:00:00+00:00,146.6999969482422,146.7100067138672,145.8300018310547,146.0500030517578,102574
2025-03-21 01:00:00+00:00,146.00999450683594,146.2100067138672,145.5500030517578,145.9250030517578,97711
2025-03-21 02:00:00+00:00,145.9250030517578,146.4199981689453,145.81500244140625,146.14999389648438,117242
2025-03-21 03:00:00+00:00,146.14999389648438,146.33999633789062,145.89999389648438,145.97000122070312,142733
2025-03-21 04:00:00+00:00,145.97500610351562,146.07000732421875,145.35000610351562,145.6999969482422,191999
2025-03-21 05:00:00+00:00,145.60000610351562,145.60000610351562,145.60000610351562,145.60000610351562,2862503
2025-03-23 23:00:00+00:00,146.6199951171875,147.13999938964844,146.2899932861328,146.94000244140625,0
2025-03-24 00:00:00+00:00,146.92999267578125,147.66000366210938,146.6199951171875,147.3699951171875,113517
2025-03-24 01:00:00+00:00,147.35000610351562,147.4499969482422,146.92999267578125,147.11000061035156,91510
2025-03-24 02:00:00+00:00,147.11000061035156,147.5399932861328,146.9499969482422,147.41000366210938,85993
2025-03-24 03:00:00+00:00,147.41000366210938,147.4949951171875,147.00999450683594,147.36000061035156,117630
2025-03-24 04:00:00+00:00,147.35000610351562,147.83999633789062,147.03500366210938,147.47999572753906,162973
2025-03-24 05:00:00+00:00,147.6300048828125,147.6300048828125,147.6300048828125,147.6300048828125,0
2025-03-24 23:00:00+00:00,148.4499969482422,149.63999938964844,148.30999755859375,149.52000427246094,251256
2025-03-25 00:00:00+00:00,149.52000427246094,149.57000732421875,148.47000122070312,149.06500244140625,119928
2025-03-25 01:00:00+00:00,149.05999755859375,149.3699951171875,148.8699951171875,149.19000244140625,74520
2025-03-25 02:00:00+00:00,149.19000244140625,149.77000427246094,148.83999633789062,149.75,110124
2025-03-25 03:00:00+00:00,149.74000549316406,149.75,147.89999389648438,148.3699951171875,176713
2025-03-25 04:00:00+00:00,148.3800048828125,148.7899932861328,147.99000549316406,148.41000366210938,136266
2025-03-25 05:00:00+00:00,148.6300048828125,148.6300048828125,148.6300048828125,148.6300048828125,667795
2025-03-25 23:00:00+00:00,149.89999389648438,150.08999633789062,149.38999938964844,149.7899932861328,0
2025-03-26 00:00:00+00:00,149.7899932861328,150.48500061035156,149.6999969482422,150.4499969482422,134717
2025-03-26 01:00:00+00:00,150.42999267578125,150.55999755859375,149.86500549316406,150.02999877929688,92317
2025-03-26 02:00:00+00:00,150.02000427246094,150.5399932861328,149.8699951171875,150.36000061035156,105236
2025-03-26 03:00:00+00:00,150.36000061035156,151.1699981689453,150.2899932861328,150.33999633789062,195089
2025-03-26 04:00:00+00:00,150.33999633789062,150.4499969482422,150.0,150.30999755859375,133265
2025-03-26 05:00:00+00:00,150.22999572753906,150.22999572753906,150.22999572753906,150.22999572753906,608839
2025-03-26 23:00:00+00:00,149.0399932861328,149.5500030517578,148.75999450683594,149.16000366210938,0
2025-03-27 00:00:00+00:00,149.1300048828125,149.4600067138672,148.9199981689453,149.05999755859375,118268
2025-03-27 01:00:00+00:00,149.0449981689453,149.14999389648438,148.3800048828125,148.8000030517578,149199
2025-03-27 02:00:00+00:00,148.8000030517578,148.86000061035156,148.5,148.60000610351562,116517
2025-03-27 03:00:00+00:00,148.61000061035156,148.97999572753906,148.5399932861328,148.60000610351562,121208
2025-03-27 04:00:00+00:00,148.60000610351562,149.57000732421875,148.52499389648438,149.52000427246094,154584
2025-03-27 05:00:00+00:00,150.0399932861328,150.0399932861328,150.0399932861328,150.0399932861328,846137
2025-03-27 23:00:00+00:00,149.6699981689453,149.9199981689453,148.61000061035156,149.1999969482422,0
2025-03-28 00:00:00+00:00,149.1699981689453,149.85000610351562,149.0399932861328,149.55999755859375,112772
2025-03-28 01:00:00+00:00,149.57000732421875,150.27999877929688,149.22000122070312,150.25999450683594,103779
2025-03-28 02:00:00+00:00,150.25999450683594,150.26499938964844,149.16000366210938,149.3000030517578,88428
2025-03-28 03:00:00+00:00,149.3000030517578,149.9499969482422,149.14999389648438,149.89999389648438,99066
2025-03-28 04:00:00+00:00,149.8800048828125,150.1199951171875,149.52000427246094,150.10000610351562,182706
2025-03-28 05:00:00+00:00,150.42999267578125,150.42999267578125,150.42999267578125,150.42999267578125,765480
2025-03-30 23:00:00+00:00,149.5,149.50999450683594,147.94000244140625,149.0500030517578,0
2025-03-31 00:00:00+00:00,149.02999877929688,149.625,148.52000427246094,149.25999450683594,270276
2025-03-31 01:00:00+00:00,149.2899932861328,150.35000610351562,148.96499633789062,150.35000610351562,124426
2025-03-31 02:00:00+00:00,150.3699951171875,150.39999389648438,149.52999877929688,149.89999389648438,84721
2025-03-31 03:00:00+00:00,149.91000366210938,150.77000427246094,149.77000427246094,150.72999572753906,108730
2025-03-31 04:00:00+00:00,150.72999572753906,151.10000610351562,150.39999389648438,151.00999450683594,178416
2025-03-31 05:00:00+00:00,151.00999450683594,151.00999450683594,150.92999267578125,150.92999267578125,1603002
2025-03-31 23:00:00+00:00,151.00999450683594,152.39999389648438,150.91000366210938,151.61000061035156,0
2025-04-01 00:00:00+00:00,151.61000061035156,151.63999938964844,150.7100067138672,151.1699981689453,103906
2025-04-01 01:00:00+00:00,151.30999755859375,151.39999389648438,150.8249969482422,150.9149932861328,121922
2025-04-01 02:00:00+00:00,150.9149932861328,151.7100067138672,150.41000366210938,151.52999877929688,137224
2025-04-01 03:00:00+00:00,151.5399932861328,152.5399932861328,151.3800048828125,152.52000427246094,228804
2025-04-01 04:00:00+00:00,152.51499938964844,152.77999877929688,152.22999572753906,152.38999938964844,253565
2025-04-01 05:00:00+00:00,152.38999938964844,153.22999572753906,152.38999938964844,153.22999572753906,980313
2025-04-01 23:00:00+00:00,154.5399932861328,154.83999633789062,153.6699981689453,154.2949981689453,0
2025-04-02 00:00:00+00:00,154.2899932861328,154.32000732421875,153.5,153.9199981689453,156540
2025-04-02 01:00:00+00:00,153.9149932861328,154.11000061035156,153.22000122070312,153.64999389648438,121959
2025-04-02 02:00:00+00:00,153.64999389648438,154.50999450683594,153.6300048828125,154.11000061035156,179198
2025-04-02 03:00:00+00:00,154.10000610351562,154.58999633789062,153.97999572753906,154.41000366210938,166487
2025-04-02 04:00:00+00:00,154.38999938964844,154.63999938964844,154.02000427246094,154.52000427246094,234343
2025-04-02 05:00:00+00:00,154.82000732421875,154.82000732421875,154.82000732421875,154.82000732421875,936355
2025-04-02 23:00:00+00:00,151.82000732421875,152.99000549316406,151.50999450683594,152.5800018310547,0
2025-04-03 00:00:00+00:00,152.63999938964844,153.77000427246094,152.41000366210938,153.60000610351562,220686
2025-04-03 01:00:00+00:00,153.6199951171875,154.7899932861328,153.5500030517578,154.55999755859375,158272
2025-04-03 02:00:00+00:00,154.55999755859375,155.11000061035156,154.3699951171875,155.08999633789062,183331
2025-04-03 03:00:00+00:00,155.10000610351562,155.3300018310547,154.83999633789062,155.25999450683594,167656
2025-04-03 04:00:00+00:00,155.25999450683594,156.22000122070312,155.24000549316406,156.05999755859375,309230
2025-04-03 05:00:00+00:00,156.3699951171875,156.3699951171875,156.3699951171875,156.3699951171875,885127
2025-04-03 23:00:00+00:00,154.71499633789062,155.49000549316406,153.6999969482422,154.77000427246094,0
2025-04-04 00:00:00+00:00,154.72999572753906,155.32000732421875,154.42999267578125,154.85000610351562,271976
2025-04-04 01:00:00+00:00,154.83999633789062,156.1999969482422,154.67999267578125,154.9949951171875,317031
2025-04-04 02:00:00+00:00,154.9949951171875,155.1199951171875,154.25999450683594,154.44000244140625,284794
2025-04-04 03:00:00+00:00,154.4499969482422,154.97000122070312,153.99000549316406,154.6300048828125,270960
2025-04-04 04:00:00+00:00,154.6300048828125,154.63999938964844,153.69000244140625,153.97999572753906,437479
2025-04-07 00:00:00+00:00,144.0800018310547,144.44000244140625,140.2100067138672,143.0800018310547,0
2025-04-07 01:00:00+00:00,143.00999450683594,146.80999755859375,142.72999572753906,146.11000061035156,418102
2025-04-07 02:00:00+00:00,146.125,146.3300018310547,145.19000244140625,145.4499969482422,250261
2025-04-07 03:00:00+00:00,145.41000366210938,145.5399932861328,143.83999633789062,144.8699951171875,209564
2025-04-07 04:00:00+00:00,144.86000061035156,144.99000549316406,143.75999450683594,144.41000366210938,331367
2025-04-07 05:00:00+00:00,144.41000366210938,146.7100067138672,144.2899932861328,144.82000732421875,399641
2025-04-07 06:00:00+00:00,144.41000366210938,144.41000366210938,144.41000366210938,144.41000366210938,1130488
2025-04-08 00:00:00+00:00,146.52000427246094,147.9499969482422,144.41000366210938,145.10000610351562,0
2025-04-08 01:00:00+00:00,145.10000610351562,146.66000366210938,144.22999572753906,146.33999633789062,272466
2025-04-08 02:00:00+00:00,146.35000610351562,147.30999755859375,146.02999877929688,146.57000732421875,180472
2025-04-08 03:00:00+00:00,146.5800018310547,146.85000610351562,145.64999389648438,146.08999633789062,124236
2025-04-08 04:00:00+00:00,146.0800018310547,147.68499755859375,146.0800018310547,147.5399932861328,165492
2025-04-08 05:00:00+00:00,147.5399932861328,147.88999938964844,147.0,147.8000030517578,310416
2025-04-08 06:00:00+00:00,148.4600067138672,148.4600067138672,148.4600067138672,148.4600067138672,1151375
2025-04-09 00:00:00+00:00,145.00999450683594,149.10000610351562,145.00999450683594,148.88999938964844,0
2025-04-09 01:00:00+00:00,148.83999633789062,150.22000122070312,148.57000732421875,149.5399932861328,217162
2025-04-09 02:00:00+00:00,149.5399932861328,150.10000610351562,148.5,148.6199951171875,231677
2025-04-09 03:00:00+00:00,148.6300048828125,149.25,148.13999938964844,148.35000610351562,152495
2025-04-09 04:00:00+00:00,148.39999389648438,149.55999755859375,148.3000030517578,149.03500366210938,335469
2025-04-09 05:00:00+00:00,149.0500030517578,149.57000732421875,148.8000030517578,149.4600067138672,420895
2025-04-09 06:00:00+00:00,149.13999938964844,149.13999938964844,149.13999938964844,149.13999938964844,0
2025-04-10 00:00:00+00:00,157.02000427246094,157.44000244140625,153.98500061035156,155.0500030517578,717634
2025-04-10 01:00:00+00:00,155.05999755859375,155.05999755859375,153.4499969482422,154.5500030517578,227769
2025-04-10 02:00:00+00:00,154.5500030517578,155.1199951171875,154.24000549316406,154.77999877929688,177442
2025-04-10 03:00:00+00:00,154.75999450683594,154.75999450683594,153.5,154.22000122070312,203734
2025-04-10 04:00:00+00:00,154.22999572753906,154.7550048828125,153.88999938964844,154.55999755859375,189945
2025-04-10 05:00:00+00:00,154.55999755859375,155.02999877929688,154.38999938964844,154.88999938964844,268771
2025-04-10 06:00:00+00:00,154.52999877929688,154.52999877929688,154.52999877929688,154.52999877929688,0
2025-04-11 00:00:00+00:00,150.75,151.0,149.27999877929688,150.2100067138672,656704
2025-04-11 01:00:00+00:00,150.25,152.80999755859375,150.16000366210938,152.6199951171875,320137
2025-04-11 02:00:00+00:00,152.63999938964844,154.30999755859375,152.50999450683594,153.55499267578125,249803
2025-04-11 03:00:00+00:00,153.55499267578125,154.64999389648438,153.47000122070312,154.07000732421875,166994
2025-04-11 04:00:00+00:00,154.10000610351562,155.0,153.83999633789062,154.10000610351562,324695
2025-04-11 05:00:00+00:00,154.10000610351562,155.5,153.75,154.97000122070312,318670
2025-04-14 00:00:00+00:00,155.38999938964844,155.9199981689453,154.89999389648438,155.77000427246094,0
2025-04-14 01:00:00+00:00,155.77999877929688,156.75,155.35000610351562,156.52999877929688,190876
2025-04-14 02:00:00+00:00,156.52999877929688,157.39999389648438,156.2899932861328,157.3800048828125,136833
2025-04-14 03:00:00+00:00,157.3800048828125,157.39999389648438,156.86000061035156,157.1999969482422,105792
2025-04-14 04:00:00+00:00,157.19500732421875,157.6300048828125,156.9499969482422,157.3699951171875,169898
2025-04-14 05:00:00+00:00,157.3800048828125,157.41000366210938,156.75,156.9949951171875,183026
2025-04-14 06:00:00+00:00,157.2899932861328,157.2899932861328,157.2899932861328,157.2899932861328,742715
2025-04-15 00:00:00+00:00,157.88999938964844,158.82000732421875,157.38999938964844,158.77000427246094,0
2025-04-15 01:00:00+00:00,158.77999877929688,159.7899932861328,158.72999572753906,159.3699951171875,213135
2025-04-15 02:00:00+00:00,159.36000061035156,160.47000122070312,159.1199951171875,159.1999969482422,199978
2025-04-15 03:00:00+00:00,159.1999969482422,159.41000366210938,158.8000030517578,158.99000549316406,142427
2025-04-15 04:00:00+00:00,159.02999877929688,159.4199981689453,158.9600067138672,159.1999969482422,173623
2025-04-15 05:00:00+00:00,159.19000244140625,159.24000549316406,158.61000061035156,158.66000366210938,175200
2025-04-15 06:00:00+00:00,158.0399932861328,158.0399932861328,158.0399932861328,158.0399932861328,0
2025-04-16 00:00:00+00:00,158.0800018310547,158.77999877929688,157.7899932861328,158.33999633789062,236778
2025-04-16 01:00:00+00:00,158.33999633789062,159.16000366210938,158.2899932861328,159.03500366210938,125803
2025-04-16 02:00:00+00:00,159.0500030517578,159.5500030517578,158.69000244140625,159.52999877929688,130546
2025-04-16 03:00:00+00:00,159.50999450683594,159.77999877929688,159.3300018310547,159.77999877929688,104088
2025-04-16 04:00:00+00:00,159.77499389648438,160.0,159.52999877929688,159.75999450683594,138752
2025-04-16 05:00:00+00:00,159.75,159.75,158.69000244140625,158.9199981689453,224678
2025-04-16 06:00:00+00:00,159.32000732421875,159.32000732421875,159.32000732421875,159.32000732421875,835585
2025-04-17 00:00:00+00:00,159.72000122070312,160.1199951171875,159.0500030517578,159.88999938964844,0
2025-04-17 01:00:00+00:00,159.91000366210938,160.0399932861328,159.66000366210938,159.80999755859375,124771
2025-04-17 02:00:00+00:00,159.82000732421875,160.25999450683594,159.66000366210938,160.1999969482422,137593
2025-04-17 03:00:00+00:00,160.19000244140625,160.3800048828125,160.11000061035156,160.27999877929688,103188
2025-04-17 04:00:00+00:00,160.27000427246094,160.27000427246094,159.9199981689453,160.13999938964844,98026
2025-04-17 05:00:00+00:00,160.14999389648438,160.75,160.08999633789062,160.63999938964844,221761
2025-04-17 06:00:00+00:00,161.25,161.25,161.25,161.25,837922
2025-04-22 00:00:00+00:00,159.8000030517578,161.64999389648438,159.30999755859375,161.38999938964844,179027
2025-04-22 01:00:00+00:00,161.39999389648438,163.6300048828125,161.35000610351562,163.30999755859375,286277
2025-04-22 02:00:00+00:00,163.30999755859375,164.72000122070312,163.3000030517578,164.32000732421875,310756
2025-04-22 03:00:00+00:00,164.32000732421875,164.82000732421875,163.77000427246094,164.60499572753906,259919
2025-04-22 04:00:00+00:00,164.60499572753906,167.39999389648438,164.5800018310547,166.25999450683594,632306
2025-04-22 05:00:00+00:00,166.25999450683594,167.6300048828125,165.24000549316406,167.52000427246094,815713
2025-04-22 06:00:00+00:00,167.52000427246094,168.0,167.51499938964844,168.0,1439411
2025-04-23 00:00:00+00:00,168.4199981689453,168.6999969482422,166.6300048828125,166.82000732421875,0
2025-04-23 01:00:00+00:00,166.82000732421875,167.69000244140625,166.19000244140625,167.1999969482422,321567
2025-04-23 02:00:00+00:00,167.2100067138672,167.57000732421875,166.50999450683594,166.76499938964844,134573
2025-04-23 03:00:00+00:00,166.76499938964844,166.77999877929688,164.64999389648438,164.92999267578125,175786
2025-04-23 04:00:00+00:00,164.9600067138672,165.78500366210938,164.72000122070312,165.6699981689453,199818
2025-04-23 05:00:00+00:00,165.6699981689453,165.6750030517578,163.8699951171875,164.16000366210938,358623
2025-04-23 06:00:00+00:00,163.77000427246094,163.77000427246094,163.77000427246094,163.77000427246094,0
2025-04-24 00:00:00+00:00,165.02000427246094,165.97999572753906,163.39999389648438,164.5800018310547,390907
2025-04-24 01:00:00+00:00,164.5800018310547,165.17999267578125,164.10000610351562,164.42999267578125,153207
2025-04-24 02:00:00+00:00,164.4199981689453,165.11000061035156,164.33999633789062,164.8699951171875,166207
2025-04-24 03:00:00+00:00,164.8300018310547,165.24000549316406,164.60000610351562,165.00999450683594,122109
2025-04-24 04:00:00+00:00,165.00999450683594,165.25999450683594,164.72000122070312,165.00999450683594,162492
2025-04-24 05:00:00+00:00,165.00999450683594,165.44000244140625,164.90499877929688,164.97999572753906,240581
2025-04-24 06:00:00+00:00,164.97999572753906,164.97999572753906,164.97999572753906,164.97999572753906,1
2025-04-28 00:00:00+00:00,166.52000427246094,166.5399932861328,165.1300048828125,165.4499969482422,0
2025-04-28 01:00:00+00:00,165.63999938964844,166.0,164.8300018310547,165.27999877929688,173753
2025-04-28 02:00:00+00:00,165.27999877929688,165.41000366210938,164.4499969482422,164.60000610351562,144835
2025-04-28 03:00:00+00:00,164.60000610351562,164.80999755859375,163.91000366210938,164.0500030517578,147573
2025-04-28 04:00:00+00:00,164.05999755859375,164.10000610351562,163.1999969482422,163.25999450683594,194267
2025-04-28 05:00:00+00:00,163.25,163.3300018310547,162.5,162.61000061035156,378309
2025-04-28 06:00:00+00:00,162.85000610351562,162.85000610351562,162.85000610351562,162.85000610351562,882022
2025-04-29 00:00:00+00:00,162.75,163.9499969482422,162.6699981689453,163.35000610351562,0
2025-04-29 01:00:00+00:00,163.35000610351562,163.5,162.74000549316406,162.85000610351562,134240
2025-04-29 02:00:00+00:00,162.86000061035156,163.7100067138672,162.7899932861328,163.5800018310547,115993
2025-04-29 03:00:00+00:00,163.5800018310547,163.64999389648438,163.1999969482422,163.38999938964844,127265
2025-04-29 04:00:00+00:00,163.38999938964844,163.41000366210938,162.66000366210938,162.7100067138672,133219
2025-04-29 05:00:00+00:00,162.6999969482422,163.3699951171875,162.47000122070312,162.97999572753906,269473
2025-04-29 06:00:00+00:00,162.97999572753906,162.97999572753906,162.97999572753906,162.97999572753906,529748
2025-04-30 00:00:00+00:00,163.6699981689453,164.89999389648438,163.25,164.75,0
2025-04-30 01:00:00+00:00,164.75999450683594,165.10000610351562,164.38999938964844,164.58999633789062,229385
2025-04-30 02:00:00+00:00,164.57000732421875,165.42999267578125,164.50999450683594,165.27999877929688,188687
2025-04-30 03:00:00+00:00,165.27999877929688,165.69000244140625,165.13999938964844,165.39999389648438,193289
2025-04-30 04:00:00+00:00,165.39999389648438,165.58999633789062,165.10000610351562,165.27000427246094,209187
2025-04-30 05:00:00+00:00,165.27000427246094,165.8000030517578,165.2100067138672,165.72999572753906,270763
2025-04-30 06:00:00+00:00,166.60000610351562,166.60000610351562,166.60000610351562,166.60000610351562,0
2025-05-01 00:00:00+00:00,166.57000732421875,166.69000244140625,165.94000244140625,166.3000030517578,277192
2025-05-01 01:00:00+00:00,166.30999755859375,167.97000122070312,166.24000549316406,167.67999267578125,264375
2025-05-01 02:00:00+00:00,167.63999938964844,168.27999877929688,167.53500366210938,167.9499969482422,189195
2025-05-01 03:00:00+00:00,167.97000122070312,167.97000122070312,166.3000030517578,166.69000244140625,141962
2025-05-01 04:00:00+00:00,166.67999267578125,167.38999938964844,166.6699981689453,167.38999938964844,96415
2025-05-01 05:00:00+00:00,167.38999938964844,167.49000549316406,166.99000549316406,167.22000122070312,175995
2025-05-01 06:00:00+00:00,167.25,167.25,167.25,167.25,0
2025-05-02 00:00:00+00:00,167.6300048828125,169.27000427246094,167.52000427246094,168.2899932861328,440402
2025-05-02 01:00:00+00:00,168.27499389648438,168.94000244140625,168.0399932861328,168.3800048828125,200668
2025-05-02 02:00:00+00:00,168.41000366210938,168.5399932861328,167.99000549316406,168.5,104859
2025-05-02 03:00:00+00:00,168.51499938964844,168.61000061035156,167.89999389648438,168.26499938964844,107275
2025-05-02 04:00:00+00:00,168.25999450683594,168.88999938964844,168.16000366210938,168.8800048828125,169620
2025-05-02 05:00:00+00:00,168.88999938964844,169.75,168.80999755859375,169.66000366210938,374133
2025-05-05 00:00:00+00:00,168.33999633789062,168.44000244140625,165.47000122070312,166.72999572753906,0
2025-05-05 01:00:00+00:00,166.7449951171875,166.99000549316406,165.7899932861328,165.9199981689453,110558
2025-05-05 02:00:00+00:00,165.9499969482422,166.58999633789062,165.82000732421875,166.24000549316406,80782
2025-05-05 03:00:00+00:00,166.22999572753906,166.75,166.10000610351562,166.7100067138672,117523
2025-05-05 04:00:00+00:00,166.67999267578125,167.0800018310547,166.17999267578125,166.3800048828125,118539
2025-05-05 05:00:00+00:00,166.39999389648438,166.9499969482422,166.39500427246094,166.67999267578125,119932
2025-05-05 06:00:00+00:00,166.92999267578125,166.92999267578125,166.92999267578125,166.92999267578125,524342
2025-05-06 00:00:00+00:00,166.0800018310547,167.0,166.0,166.6999969482422,0
2025-05-06 01:00:00+00:00,166.69000244140625,166.9499969482422,165.92999267578125,166.02000427246094,107429
2025-05-06 02:00:00+00:00,166.0,166.77999877929688,165.64999389648438,166.63999938964844,79702
2025-05-06 03:00:00+00:00,166.63499450683594,166.8000030517578,166.32000732421875,166.75,71731
2025-05-06 04:00:00+00:00,166.74000549316406,166.97999572753906,166.38999938964844,166.77999877929688,159944
2025-05-06 05:00:00+00:00,166.7899932861328,166.94000244140625,166.60000610351562,166.75999450683594,114824
2025-05-06 06:00:00+00:00,166.74000549316406,166.74000549316406,166.74000549316406,166.74000549316406,475994
2025-05-07 00:00:00+00:00,167.10000610351562,168.1199951171875,167.0,168.0399932861328,0
2025-05-07 01:00:00+00:00,168.0399932861328,168.05999755859375,166.52000427246094,166.5800018310547,233300
2025-05-07 02:00:00+00:00,166.57000732421875,167.0800018310547,166.3699951171875,166.77999877929688,124517
2025-05-07 03:00:00+00:00,166.7899932861328,167.5,166.6999969482422,167.27000427246094,99625
2025-05-07 04:00:00+00:00,167.25999450683594,167.5,166.8300018310547,167.24000549316406,156796
2025-05-07 05:00:00+00:00,167.2449951171875,167.28500366210938,166.49000549316406,166.61000061035156,204732
2025-05-07 06:00:00+00:00,165.9600067138672,165.9600067138672,165.9600067138672,165.9600067138672,0
2025-05-08 00:00:00+00:00,164.89999389648438,165.9499969482422,164.89999389648438,165.74000549316406,389775
2025-05-08 01:00:00+00:00,165.77999877929688,165.9199981689453,165.5,165.63999938964844,65346
2025-05-08 02:00:00+00:00,164.14999389648438,164.56500244140625,164.10000610351562,164.33999633789062,286824
2025-05-08 03:00:00+00:00,164.34500122070312,165.55999755859375,164.34500122070312,165.1699981689453,145013
2025-05-08 04:00:00+00:00,165.1699981689453,165.60000610351562,165.1199951171875,165.3699951171875,269153
2025-05-08 05:00:00+00:00,165.36500549316406,166.0,165.25999450683594,165.33999633789062,343719
2025-05-08 06:00:00+00:00,165.50999450683594,165.50999450683594,165.50999450683594,165.50999450683594,0
2025-05-09 00:00:00+00:00,165.58999633789062,166.19000244140625,165.08999633789062,166.0399932861328,177120
2025-05-09 01:00:00+00:00,166.05499267578125,167.4199981689453,165.99000549316406,167.3000030517578,163525
2025-05-09 02:00:00+00:00,167.27999877929688,167.60000610351562,167.08999633789062,167.28500366210938,130962
2025-05-09 03:00:00+00:00,167.2899932861328,167.49000549316406,167.00999450683594,167.26499938964844,109310
2025-05-09 04:00:00+00:00,167.25999450683594,167.61000061035156,167.17999267578125,167.3300018310547,158082
2025-05-09 05:00:00+00:00,167.30999755859375,167.63999938964844,167.25999450683594,167.57000732421875,168600
2025-05-12 00:00:00+00:00,168.80999755859375,168.80999755859375,167.75,168.3000030517578,0
2025-05-12 01:00:00+00:00,168.31500244140625,168.60000610351562,167.57000732421875,167.88999938964844,103585
2025-05-12 02:00:00+00:00,167.85000610351562,168.0500030517578,167.6699981689453,167.72999572753906,52877
2025-05-12 03:00:00+00:00,167.72999572753906,167.7899932861328,167.51499938964844,167.75999450683594,57900
2025-05-12 04:00:00+00:00,167.7899932861328,168.0,167.35000610351562,167.64999389648438,88951
2025-05-12 05:00:00+00:00,167.64999389648438,167.6999969482422,166.99000549316406,167.0399932861328,112962
2025-05-12 06:00:00+00:00,167.17999267578125,167.17999267578125,167.17999267578125,167.17999267578125,461959
2025-05-13 00:00:00+00:00,167.58999633789062,168.0,165.6699981689453,165.80999755859375,0
2025-05-13 01:00:00+00:00,165.81500244140625,166.7100067138672,165.25,166.69000244140625,171933
2025-05-13 02:00:00+00:00,166.68499755859375,166.97500610351562,166.25,166.3800048828125,89746
2025-05-13 03:00:00+00:00,166.3699951171875,166.60000610351562,166.05999755859375,166.1999969482422,104920
2025-05-13 04:00:00+00:00,166.21499633789062,166.3800048828125,165.80999755859375,165.83999633789062,86308
2025-05-13 05:00:00+00:00,165.8300018310547,166.4600067138672,165.72999572753906,166.3300018310547,153598
2025-05-13 06:00:00+00:00,166.13999938964844,166.13999938964844,166.13999938964844,166.13999938964844,0
2025-05-14 00:00:00+00:00,167.27000427246094,167.4499969482422,166.35000610351562,167.11500549316406,324938
2025-05-14 01:00:00+00:00,167.1199951171875,167.39999389648438,166.5800018310547,166.89999389648438,154031
2025-05-14 02:00:00+00:00,166.89500427246094,167.60000610351562,166.86000061035156,167.27999877929688,101806
2025-05-14 03:00:00+00:00,167.27499389648438,167.80999755859375,167.22999572753906,167.3300018310547,109729
2025-05-14 04:00:00+00:00,167.3249969482422,167.5,166.9600067138672,167.2899932861328,94993
2025-05-14 05:00:00+00:00,167.27499389648438,167.47999572753906,167.22000122070312,167.27999877929688,176384
2025-05-14 06:00:00+00:00,167.5,167.5,167.5,167.5,0
2025-05-15 00:00:00+00:00,168.97000122070312,168.97000122070312,166.6199951171875,168.0500030517578,543881
2025-05-15 01:00:00+00:00,168.05999755859375,168.75,167.8300018310547,168.375,168596
2025-05-15 02:00:00+00:00,168.375,168.9499969482422,168.24000549316406,168.92999267578125,127169
2025-05-15 03:00:00+00:00,168.92999267578125,168.94000244140625,168.27000427246094,168.5399932861328,298884
2025-05-15 04:00:00+00:00,168.52999877929688,168.92999267578125,168.4499969482422,168.77999877929688,266645
2025-05-15 05:00:00+00:00,168.77999877929688,169.5,168.50999450683594,169.47999572753906,350899
2025-05-15 06:00:00+00:00,169.74000549316406,169.74000549316406,169.74000549316406,169.74000549316406,431326
2025-05-16 00:00:00+00:00,172.7100067138672,172.9199981689453,171.00999450683594,171.32000732421875,418777
2025-05-16 01:00:00+00:00,171.33999633789062,171.47000122070312,169.72000122070312,170.1999969482422,181259
2025-05-16 02:00:00+00:00,170.2100067138672,170.39999389648438,169.5,170.33999633789062,116184
2025-05-16 03:00:00+00:00,170.36000061035156,170.3800048828125,169.39999389648438,169.47999572753906,77331
2025-05-16 04:00:00+00:00,169.47500610351562,170.0,169.3000030517578,169.75,112689
2025-05-16 05:00:00+00:00,169.76499938964844,169.77000427246094,168.77999877929688,169.4600067138672,158440
2025-05-19 00:00:00+00:00,169.66000366210938,170.75,169.49000549316406,170.61000061035156,0
2025-05-19 01:00:00+00:00,170.6300048828125,171.63999938964844,170.39999389648438,171.32000732421875,171827
2025-05-19 02:00:00+00:00,171.32000732421875,171.63999938964844,170.97000122070312,171.58999633789062,96888
2025-05-19 03:00:00+00:00,171.58999633789062,171.58999633789062,170.60000610351562,170.78500366210938,73982
2025-05-19 04:00:00+00:00,170.7899932861328,171.5500030517578,170.7899932861328,171.3300018310547,143225
2025-05-19 05:00:00+00:00,171.3300018310547,171.35000610351562,170.6699981689453,170.7899932861328,213111
2025-05-19 06:00:00+00:00,171.36000061035156,171.36000061035156,171.36000061035156,171.36000061035156,580390
2025-05-20 00:00:00+00:00,173.0,173.5399932861328,172.0800018310547,173.3000030517578,0
2025-05-20 01:00:00+00:00,173.3000030517578,173.3699951171875,171.89500427246094,172.0399932861328,174885
2025-05-20 02:00:00+00:00,172.0399932861328,172.5,171.92999267578125,171.9600067138672,182349
2025-05-20 03:00:00+00:00,171.9499969482422,172.02999877929688,171.4499969482422,171.63999938964844,127226
2025-05-20 04:00:00+00:00,171.63999938964844,172.05999755859375,171.32000732421875,171.6699981689453,175168
2025-05-20 05:00:00+00:00,171.66000366210938,172.22000122070312,171.47999572753906,171.99000549316406,188348
2025-05-20 06:00:00+00:00,172.42999267578125,172.42999267578125,172.42999267578125,172.42999267578125,610088
2025-05-21 00:00:00+00:00,173.10000610351562,175.35000610351562,172.77000427246094,174.75999450683594,0
2025-05-21 01:00:00+00:00,174.7899932861328,176.39999389648438,174.38999938964844,176.27000427246094,301933
2025-05-21 02:00:00+00:00,176.27000427246094,176.4600067138672,175.16000366210938,175.31500244140625,237611
2025-05-21 03:00:00+00:00,175.31500244140625,175.64999389648438,174.77999877929688,175.32000732421875,225385
2025-05-21 04:00:00+00:00,175.30999755859375,175.39999389648438,174.83999633789062,175.11000061035156,197814
2025-05-21 05:00:00+00:00,175.11000061035156,175.1699981689453,174.44000244140625,174.64999389648438,353069
2025-05-21 06:00:00+00:00,174.97999572753906,174.97999572753906,174.97999572753906,174.97999572753906,803039
2025-05-22 00:00:00+00:00,173.47999572753906,173.94000244140625,172.66000366210938,172.89999389648438,0
2025-05-22 01:00:00+00:00,172.89999389648438,173.85000610351562,172.22999572753906,172.36000061035156,165305
2025-05-22 02:00:00+00:00,172.38999938964844,172.7899932861328,171.97999572753906,172.38999938964844,228002
2025-05-22 03:00:00+00:00,172.38999938964844,172.8000030517578,172.3300018310547,172.64999389648438,101427
2025-05-22 04:00:00+00:00,172.66000366210938,172.7899932861328,172.41000366210938,172.7100067138672,127339
2025-05-22 05:00:00+00:00,172.7100067138672,173.2899932861328,172.52999877929688,172.8000030517578,203913
2025-05-22 06:00:00+00:00,172.72000122070312,172.72000122070312,172.72000122070312,172.72000122070312,0
2025-05-23 00:00:00+00:00,172.72000122070312,174.75,172.2899932861328,174.55999755859375,211171
2025-05-23 01:00:00+00:00,174.5749969482422,174.6300048828125,173.86000061035156,174.22000122070312,103795
2025-05-23 02:00:00+00:00,174.22999572753906,174.64999389648438,173.94000244140625,174.19000244140625,92195
2025-05-23 03:00:00+00:00,174.18499755859375,174.33999633789062,174.0,174.1699981689453,91802
2025-05-23 04:00:00+00:00,174.1699981689453,174.19000244140625,173.91000366210938,173.97000122070312,91829
2025-05-23 05:00:00+00:00,173.97999572753906,174.4499969482422,173.75999450683594,174.17999267578125,168739
2025-05-23 06:00:00+00:00,173.83999633789062,173.83999633789062,173.83999633789062,173.83999633789062,532028
2025-05-26 00:00:00+00:00,173.5,173.9600067138672,173.02000427246094,173.1199951171875,0
2025-05-26 01:00:00+00:00,173.11000061035156,173.8300018310547,172.64999389648438,173.8000030517578,107623
2025-05-26 02:00:00+00:00,173.8000030517578,174.1199951171875,173.39999389648438,173.75999450683594,90026
2025-05-26 03:00:00+00:00,173.75999450683594,174.0,173.5800018310547,173.58999633789062,51371
2025-05-26 04:00:00+00:00,173.6300048828125,174.08999633789062,173.47999572753906,173.91000366210938,76172
2025-05-26 05:00:00+00:00,173.91000366210938,174.11000061035156,173.75999450683594,173.89999389648438,105739
2025-05-26 06:00:00+00:00,173.8800048828125,173.8800048828125,173.8800048828125,173.8800048828125,163021
2025-05-27 00:00:00+00:00,174.39999389648438,174.6699981689453,173.3800048828125,173.94000244140625,0
2025-05-27 01:00:00+00:00,173.99000549316406,174.25,173.75,173.92999267578125,102530
2025-05-27 02:00:00+00:00,173.90499877929688,174.57000732421875,173.85000610351562,174.4499969482422,91029
2025-05-27 03:00:00+00:00,174.47000122070312,174.97000122070312,174.41000366210938,174.7100067138672,127905
2025-05-27 04:00:00+00:00,174.69000244140625,174.77000427246094,174.3300018310547,174.67999267578125,129400
2025-05-27 05:00:00+00:00,174.6999969482422,175.5,174.61000061035156,175.42999267578125,197003
2025-05-27 06:00:00+00:00,175.33999633789062,175.33999633789062,175.33999633789062,175.33999633789062,370046
2025-05-28 00:00:00+00:00,175.94000244140625,176.63999938964844,175.69000244140625,176.1999969482422,0
2025-05-28 01:00:00+00:00,176.22000122070312,176.42999267578125,175.3800048828125,175.4600067138672,121594
2025-05-28 02:00:00+00:00,175.4600067138672,175.6699981689453,174.35000610351562,174.35000610351562,97187
2025-05-28 03:00:00+00:00,174.36000061035156,174.6999969482422,174.1999969482422,174.32000732421875,92645
2025-05-28 04:00:00+00:00,174.33999633789062,174.60000610351562,174.2449951171875,174.39999389648438,63643
2025-05-28 05:00:00+00:00,174.39999389648438,174.6199951171875,174.1199951171875,174.50999450683594,137195
2025-05-28 06:00:00+00:00,173.7899932861328,173.7899932861328,173.7899932861328,173.7899932861328,0
2025-05-29 00:00:00+00:00,174.49000549316406,175.27000427246094,174.13999938964844,174.3300018310547,174443
2025-05-29 01:00:00+00:00,174.30499267578125,174.30499267578125,173.3300018310547,173.4499969482422,134920
2025-05-29 02:00:00+00:00,173.44000244140625,173.77999877929688,172.56500244140625,173.6999969482422,165069
2025-05-29 03:00:00+00:00,173.6999969482422,174.55999755859375,173.6999969482422,174.3000030517578,96027
2025-05-29 04:00:00+00:00,174.3000030517578,174.5399932861328,174.1199951171875,174.32000732421875,105727
2025-05-29 05:00:00+00:00,174.2949981689453,174.5,173.8000030517578,174.2899932861328,142009
2025-05-29 06:00:00+00:00,174.44000244140625,174.44000244140625,174.44000244140625,174.44000244140625,0
2025-05-30 00:00:00+00:00,174.25,175.1199951171875,173.9600067138672,174.82000732421875,188822
2025-05-30 01:00:00+00:00,174.77000427246094,175.25,174.3300018310547,175.25,133894
2025-05-30 02:00:00+00:00,175.25999450683594,175.92999267578125,175.25999450683594,175.49000549316406,134099
2025-05-30 03:00:00+00:00,175.47999572753906,175.5800018310547,174.97999572753906,175.2100067138672,74233
2025-05-30 04:00:00+00:00,175.2100067138672,175.97999572753906,175.1999969482422,175.6999969482422,127570
2025-05-30 05:00:00+00:00,175.7100067138672,176.4600067138672,175.5500030517578,176.38999938964844,230566
2025-05-30 06:00:00+00:00,175.9499969482422,175.9499969482422,175.9499969482422,175.9499969482422,0
2025-06-02 00:00:00+00:00,175.89999389648438,176.19000244140625,175.1999969482422,175.47999572753906,171105
2025-06-02 01:00:00+00:00,175.49000549316406,175.91000366210938,175.3000030517578,175.89999389648438,64829
2025-06-02 02:00:00+00:00,175.91000366210938,176.25,175.60000610351562,175.8800048828125,92434
2025-06-02 03:00:00+00:00,175.8800048828125,176.1300048828125,175.57000732421875,175.57000732421875,64269
2025-06-02 04:00:00+00:00,175.58999633789062,176.05499267578125,175.52999877929688,175.9199981689453,74043
2025-06-02 05:00:00+00:00,175.92999267578125,176.14999389648438,175.72500610351562,175.91000366210938,132848
2025-06-02 06:00:00+00:00,176.4199981689453,176.4199981689453,176.4199981689453,176.4199981689453,454546
2025-06-03 00:00:00+00:00,177.82000732421875,177.82000732421875,176.77999877929688,177.3300018310547,0
2025-06-03 01:00:00+00:00,177.3300018310547,177.64999389648438,176.8000030517578,177.1999969482422,156796
2025-06-03 02:00:00+00:00,177.25,177.47999572753906,176.72000122070312,177.41000366210938,109011
2025-06-03 03:00:00+00:00,177.36000061035156,177.88999938964844,177.27000427246094,177.61000061035156,133928
2025-06-03 04:00:00+00:00,177.5800018310547,178.19000244140625,177.5800018310547,177.86500549316406,172840
2025-06-03 05:00:00+00:00,177.8699951171875,178.19000244140625,177.6699981689453,178.11000061035156,200210
2025-06-03 06:00:00+00:00,178.63999938964844,178.63999938964844,178.63999938964844,178.63999938964844,526285
2025-06-04 00:00:00+00:00,179.0399932861328,180.0,178.3000030517578,179.75,0
2025-06-04 01:00:00+00:00,179.77000427246094,180.33999633789062,179.5399932861328,179.88999938964844,189811
2025-06-04 02:00:00+00:00,179.91000366210938,180.66000366210938,179.8300018310547,180.52999877929688,137767
2025-06-04 03:00:00+00:00,180.5500030517578,181.38999938964844,180.51499938964844,181.1300048828125,144540
2025-06-04 04:00:00+00:00,181.13499450683594,181.14999389648438,180.36000061035156,180.48500061035156,168521
2025-06-04 05:00:00+00:00,180.48500061035156,180.50999450683594,180.10000610351562,180.27000427246094,198372
2025-06-04 06:00:00+00:00,181.10000610351562,181.10000610351562,181.10000610351562,181.10000610351562,993055
2025-06-05 00:00:00+00:00,181.1999969482422,182.0,179.97000122070312,180.8249969482422,0
2025-06-05 01:00:00+00:00,180.83999633789062,181.4199981689453,180.52000427246094,181.35000610351562,129652
2025-06-05 02:00:00+00:00,181.35000610351562,181.3800048828125,180.19000244140625,180.21499633789062,110148
2025-06-05 03:00:00+00:00,180.22000122070312,180.49000549316406,180.02000427246094,180.27999877929688,99573
2025-06-05 04:00:00+00:00,180.27999877929688,180.4600067138672,179.61000061035156,180.22999572753906,147718
2025-06-05 05:00:00+00:00,180.22000122070312,181.33999633789062,180.13999938964844,181.22000122070312,238302
2025-06-05 06:00:00+00:00,181.33999633789062,181.33999633789062,181.33999633789062,181.33999633789062,539988
2025-06-06 00:00:00+00:00,180.41000366210938,180.5,179.0,180.02000427246094,0
2025-06-06 01:00:00+00:00,180.00999450683594,180.52999877929688,179.9600067138672,180.27000427246094,143219
2025-06-06 02:00:00+00:00,180.2899932861328,180.35000610351562,179.44000244140625,179.57000732421875,102282
2025-06-06 03:00:00+00:00,179.56500244140625,179.8350067138672,179.49000549316406,179.6999969482422,92034
2025-06-06 04:00:00+00:00,179.6999969482422,179.83999633789062,179.5,179.75,93800
2025-06-06 05:00:00+00:00,179.75,180.1699981689453,179.4499969482422,179.5500030517578,192281
2025-06-06 06:00:00+00:00,179.89999389648438,179.89999389648438,179.89999389648438,179.89999389648438,483434
2025-06-10 00:00:00+00:00,180.0,180.3699951171875,178.5500030517578,180.16000366210938,0
2025-06-10 01:00:00+00:00,180.16000366210938,182.1300048828125,180.07000732421875,181.63999938964844,333311
2025-06-10 02:00:00+00:00,181.63499450683594,182.25,181.5500030517578,182.17999267578125,196869
2025-06-10 03:00:00+00:00,182.17999267578125,182.22000122070312,181.6699981689453,181.69500732421875,98958
2025-06-10 04:00:00+00:00,181.6999969482422,181.92999267578125,181.52000427246094,181.72000122070312,183130
2025-06-10 05:00:00+00:00,181.7100067138672,181.92999267578125,181.38999938964844,181.47999572753906,208966
2025-06-10 06:00:00+00:00,182.0,182.0,182.0,182.0,728955
2025-06-11 00:00:00+00:00,182.64999389648438,183.19000244140625,182.30999755859375,182.39999389648438,0
2025-06-11 01:00:00+00:00,182.42999267578125,182.89999389648438,182.3699951171875,182.77499389648438,105875
2025-06-11 02:00:00+00:00,182.75999450683594,182.9499969482422,182.52000427246094,182.63999938964844,70949
2025-06-11 03:00:00+00:00,182.64999389648438,182.64999389648438,182.27000427246094,182.39999389648438,155341
2025-06-11 04:00:00+00:00,182.38999938964844,182.4499969482422,181.77000427246094,181.77000427246094,103222
2025-06-11 05:00:00+00:00,181.5050048828125,181.52999877929688,181.1199951171875,181.1999969482422,185511
2025-06-11 06:00:00+00:00,181.39999389648438,181.39999389648438,181.39999389648438,181.39999389648438,552129
2025-06-12 00:00:00+00:00,182.00999450683594,182.8000030517578,181.55999755859375,181.61000061035156,0
2025-06-12 01:00:00+00:00,181.61000061035156,182.22000122070312,181.39500427246094,182.13999938964844,103655
2025-06-12 02:00:00+00:00,182.14500427246094,182.33999633789062,181.6699981689453,182.08999633789062,71680
2025-06-12 03:00:00+00:00,182.1300048828125,182.2899932861328,181.39999389648438,181.44000244140625,59991
2025-06-12 04:00:00+00:00,181.42999267578125,181.5399932861328,180.8000030517578,181.10000610351562,114491
2025-06-12 05:00:00+00:00,181.10000610351562,181.27000427246094,180.60000610351562,180.88999938964844,145654
2025-06-12 06:00:00+00:00,180.52999877929688,180.52999877929688,180.52999877929688,180.52999877929688,0
2025-06-13 00:00:00+00:00,180.52999877929688,181.47999572753906,179.8300018310547,180.33999633789062,311347
2025-06-13 01:00:00+00:00,180.3699951171875,180.5,179.61000061035156,180.0500030517578,117021
2025-06-13 02:00:00+00:00,180.05499267578125,180.3000030517578,179.17999267578125,179.63999938964844,87896
2025-06-13 03:00:00+00:00,179.6199951171875,180.0,179.6199951171875,179.86000061035156,231204
2025-06-13 04:00:00+00:00,179.8800048828125,179.8800048828125,178.85000610351562,179.14999389648438,126694
2025-06-13 05:00:00+00:00,179.15499877929688,179.5,178.82000732421875,179.35000610351562,227797
2025-06-13 06:00:00+00:00,179.35000610351562,179.35000610351562,179.35000610351562,179.35000610351562,484934
2025-06-16 00:00:00+00:00,178.5,179.5500030517578,178.5,179.39500427246094,0
2025-06-16 01:00:00+00:00,179.39999389648438,179.67999267578125,178.6999969482422,178.77000427246094,113577
2025-06-16 02:00:00+00:00,178.75,179.1699981689453,178.22999572753906,178.97000122070312,95990
2025-06-16 03:00:00+00:00,178.97999572753906,179.02999877929688,178.5800018310547,178.67999267578125,75301
2025-06-16 04:00:00+00:00,178.66000366210938,178.85000610351562,178.25,178.57000732421875,84604
2025-06-16 05:00:00+00:00,178.5800018310547,179.5800018310547,178.5800018310547,179.4199981689453,136731
2025-06-16 06:00:00+00:00,179.41000366210938,179.41000366210938,179.41000366210938,179.41000366210938,0
2025-06-17 00:00:00+00:00,179.0,179.19000244140625,178.02000427246094,179.0,162361
2025-06-17 01:00:00+00:00,179.0,179.49000549316406,178.9600067138672,179.30999755859375,94445
2025-06-17 02:00:00+00:00,179.27999877929688,179.42999267578125,178.39999389648438,179.1699981689453,99062
2025-06-17 03:00:00+00:00,179.15499877929688,179.17999267578125,178.6699981689453,178.77999877929688,65401
2025-06-17 04:00:00+00:00,178.7949981689453,179.3000030517578,178.77999877929688,179.19000244140625,99076
2025-06-17 05:00:00+00:00,179.19500732421875,179.1999969482422,178.5,178.97999572753906,350004
2025-06-17 06:00:00+00:00,179.13999938964844,179.13999938964844,179.13999938964844,179.13999938964844,0
2025-06-18 00:00:00+00:00,178.9199981689453,179.3000030517578,178.3000030517578,178.44000244140625,225746
2025-06-18 01:00:00+00:00,178.43499755859375,179.60000610351562,178.42999267578125,179.33999633789062,342044
2025-06-18 02:00:00+00:00,179.3300018310547,181.3000030517578,179.3300018310547,181.11000061035156,185018
2025-06-18 03:00:00+00:00,181.11000061035156,181.3000030517578,180.77000427246094,180.80999755859375,106418
2025-06-18 04:00:00+00:00,180.80999755859375,181.0,180.1699981689453,180.24000549316406,114933
2025-06-18 05:00:00+00:00,180.25,180.25,179.88999938964844,180.08999633789062,167864
2025-06-18 06:00:00+00:00,180.17999267578125,180.17999267578125,180.17999267578125,180.17999267578125,630377
2025-06-19 00:00:00+00:00,180.8800048828125,181.17999267578125,180.16000366210938,181.11000061035156,0
2025-06-19 01:00:00+00:00,180.97999572753906,181.6999969482422,180.47000122070312,181.22500610351562,165396
2025-06-19 02:00:00+00:00,181.25,181.64999389648438,180.89999389648438,181.6199951171875,93048
2025-06-19 03:00:00+00:00,181.6199951171875,183.10000610351562,181.47999572753906,182.9199981689453,246820
2025-06-19 04:00:00+00:00,182.91000366210938,183.30999755859375,182.72999572753906,183.0399932861328,123510
2025-06-19 05:00:00+00:00,183.0399932861328,183.14999389648438,182.66000366210938,183.0,141213
2025-06-19 06:00:00+00:00,182.85000610351562,182.85000610351562,182.85000610351562,182.85000610351562,1171422
2025-06-20 00:00:00+00:00,182.50999450683594,183.0,181.75,182.1999969482422,176507
2025-06-20 01:00:00+00:00,182.1999969482422,182.22500610351562,180.1300048828125,180.4600067138672,125575
2025-06-20 02:00:00+00:00,180.47999572753906,181.0,180.22999572753906,180.97000122070312,98042
2025-06-20 03:00:00+00:00,180.97999572753906,182.3699951171875,180.83999633789062,181.97999572753906,124339
2025-06-20 04:00:00+00:00,181.9550018310547,182.22999572753906,181.7899932861328,181.99000549316406,79917
2025-06-20 05:00:00+00:00,182.00999450683594,182.61000061035156,181.77000427246094,182.36000061035156,161087
2025-06-20 06:00:00+00:00,182.52999877929688,182.52999877929688,182.52999877929688,182.52999877929688,2489277
2025-06-23 00:00:00+00:00,182.1199951171875,182.19000244140625,180.8300018310547,181.7100067138672,0
2025-06-23 01:00:00+00:00,181.72999572753906,182.27999877929688,181.3800048828125,182.27999877929688,96467
2025-06-23 02:00:00+00:00,182.27000427246094,182.89999389648438,181.91000366210938,182.72000122070312,136089
2025-06-23 03:00:00+00:00,182.72000122070312,183.47000122070312,182.66000366210938,183.41000366210938,144603
2025-06-23 04:00:00+00:00,183.42999267578125,183.8800048828125,183.30999755859375,183.52999877929688,126526
2025-06-23 05:00:00+00:00,183.51499938964844,184.41000366210938,183.49000549316406,184.3300018310547,228747
2025-06-23 06:00:00+00:00,184.35000610351562,184.35000610351562,184.35000610351562,184.35000610351562,413186
2025-06-24 00:00:00+00:00,185.55999755859375,187.74000549316406,184.9499969482422,187.72999572753906,0
2025-06-24 01:00:00+00:00,187.72000122070312,188.36000061035156,187.50999450683594,187.7899932861328,218257
2025-06-24 02:00:00+00:00,187.80999755859375,188.1999969482422,186.8800048828125,187.49000549316406,162033
2025-06-24 03:00:00+00:00,187.49000549316406,188.0500030517578,187.47999572753906,187.92999267578125,125245
2025-06-24 04:00:00+00:00,187.9250030517578,188.05999755859375,187.6300048828125,187.99000549316406,167930
2025-06-24 05:00:00+00:00,187.97999572753906,188.60000610351562,187.6300048828125,188.60000610351562,289540
2025-06-24 06:00:00+00:00,188.60000610351562,188.60000610351562,188.1300048828125,188.1300048828125,608838
2025-06-25 00:00:00+00:00,189.7899932861328,192.0,189.02000427246094,189.89999389648438,0
2025-06-25 01:00:00+00:00,189.88999938964844,190.9499969482422,189.8000030517578,190.7100067138672,170098
2025-06-25 02:00:00+00:00,190.72000122070312,190.72500610351562,190.0,190.42999267578125,189144
2025-06-25 03:00:00+00:00,190.4199981689453,191.00999450683594,190.3800048828125,190.8699951171875,145573
2025-06-25 04:00:00+00:00,190.8699951171875,191.27000427246094,190.5,191.0800018310547,194343
2025-06-25 05:00:00+00:00,191.0800018310547,191.39999389648438,190.8300018310547,191.39999389648438,273912
2025-06-25 06:00:00+00:00,191.39999389648438,191.39999389648438,191.39999389648438,191.39999389648438,723401
2025-06-26 00:00:00+00:00,190.5,191.80999755859375,190.25999450683594,191.80999755859375,0
2025-06-26 01:00:00+00:00,191.80999755859375,191.8800048828125,190.8800048828125,191.35000610351562,200781
2025-06-26 02:00:00+00:00,191.35000610351562,191.67999267578125,191.2899932861328,191.47000122070312,156721
2025-06-26 03:00:00+00:00,191.47999572753906,191.67999267578125,191.24000549316406,191.5800018310547,183425
2025-06-26 04:00:00+00:00,191.58999633789062,191.83999633789062,191.38499450683594,191.4600067138672,177659
2025-06-26 05:00:00+00:00,191.4600067138672,191.8000030517578,191.3699951171875,191.6699981689453,248684
2025-06-27 00:00:00+00:00,190.67999267578125,191.05999755859375,189.5800018310547,189.64999389648438,589393
2025-06-27 01:00:00+00:00,189.6300048828125,189.6999969482422,188.1300048828125,188.52999877929688,129815
2025-06-27 02:00:00+00:00,188.5399932861328,188.74000549316406,188.22000122070312,188.4499969482422,84104
2025-06-27 03:00:00+00:00,188.4499969482422,188.60000610351562,187.44000244140625,187.5500030517578,100453
2025-06-27 04:00:00+00:00,187.53500366210938,187.72000122070312,186.74000549316406,187.05499267578125,119929
2025-06-27 05:00:00+00:00,187.05499267578125,187.38999938964844,185.97999572753906,186.02000427246094,200120
2025-06-27 06:00:00+00:00,185.36000061035156,185.36000061035156,185.36000061035156,185.36000061035156,747359
2025-06-30 00:00:00+00:00,185.39999389648438,186.8300018310547,184.6999969482422,184.7899932861328,0
2025-06-30 01:00:00+00:00,184.78500366210938,184.92999267578125,183.41000366210938,184.8000030517578,237037
2025-06-30 02:00:00+00:00,184.8000030517578,185.63999938964844,184.75999450683594,185.58999633789062,195128
2025-06-30 03:00:00+00:00,185.60000610351562,185.6999969482422,185.13499450683594,185.49000549316406,128793
2025-06-30 04:00:00+00:00,185.48500061035156,186.33999633789062,185.27999877929688,185.3800048828125,188538
2025-06-30 05:00:00+00:00,185.36000061035156,185.41000366210938,184.66000366210938,185.0,246009
2025-06-30 06:00:00+00:00,184.75,184.75,184.75,184.75,1343126
2025-07-01 00:00:00+00:00,184.02000427246094,184.30999755859375,181.39999389648438,181.61000061035156,0
2025-07-01 01:00:00+00:00,181.6199951171875,182.85000610351562,181.6199951171875,182.4499969482422,449521
2025-07-01 02:00:00+00:00,182.4499969482422,183.25999450683594,182.19000244140625,182.30999755859375,257738
2025-07-01 03:00:00+00:00,182.32000732421875,182.82000732421875,182.17999267578125,182.8000030517578,279257
2025-07-01 04:00:00+00:00,182.7899932861328,183.14999389648438,182.40499877929688,182.73500061035156,285466
2025-07-01 05:00:00+00:00,182.72999572753906,183.10000610351562,182.6300048828125,183.02999877929688,301747
2025-07-01 06:00:00+00:00,183.02999877929688,183.02999877929688,182.5800018310547,182.5800018310547,667397
2025-07-02 00:00:00+00:00,183.00999450683594,183.49000549316406,181.8699951171875,183.02999877929688,0
2025-07-02 01:00:00+00:00,183.0500030517578,183.1300048828125,181.24000549316406,181.35000610351562,214619
2025-07-02 02:00:00+00:00,181.36000061035156,182.6300048828125,180.50999450683594,182.58999633789062,223481
2025-07-02 03:00:00+00:00,182.58999633789062,182.97999572753906,182.17999267578125,182.9550018310547,112066
2025-07-02 04:00:00+00:00,182.97000122070312,183.75999450683594,182.8000030517578,183.5850067138672,300077
2025-07-02 05:00:00+00:00,183.5850067138672,183.85000610351562,183.3000030517578,183.52000427246094,215025
2025-07-02 06:00:00+00:00,183.6699981689453,183.6699981689453,183.6699981689453,183.6699981689453,1003749
2025-07-03 00:00:00+00:00,182.41000366210938,182.41000366210938,179.8000030517578,180.25999450683594,0
2025-07-03 01:00:00+00:00,180.24000549316406,181.41000366210938,180.0800018310547,180.9600067138672,155245
2025-07-03 02:00:00+00:00,180.94000244140625,181.11000061035156,180.11000061035156,180.64999389648438,99265
2025-07-03 03:00:00+00:00,180.6649932861328,180.80999755859375,180.27999877929688,180.6300048828125,118253
2025-07-03 04:00:00+00:00,180.6300048828125,181.24000549316406,180.11000061035156,180.27000427246094,173796
2025-07-03 05:00:00+00:00,180.27499389648438,180.2899932861328,179.5800018310547,179.6999969482422,321188
2025-07-03 06:00:00+00:00,179.69000244140625,179.69000244140625,179.69000244140625,179.69000244140625,604242
2025-07-04 00:00:00+00:00,179.50999450683594,180.49000549316406,178.85000610351562,179.5500030517578,0
2025-07-04 01:00:00+00:00,179.56500244140625,179.63999938964844,178.0399932861328,178.05499267578125,234556
2025-07-04 02:00:00+00:00,178.0500030517578,178.5399932861328,176.94000244140625,177.24000549316406,212391
2025-07-04 03:00:00+00:00,177.22999572753906,177.3699951171875,176.44000244140625,176.7899932861328,190244
2025-07-04 04:00:00+00:00,176.77999877929688,177.08999633789062,176.5,176.8000030517578,146828
2025-07-04 05:00:00+00:00,176.7949981689453,177.99000549316406,176.64999389648438,177.88999938964844,259129
2025-07-04 06:00:00+00:00,178.0,178.0,178.0,178.0,266901
2025-07-07 00:00:00+00:00,177.8000030517578,179.01499938964844,177.16000366210938,178.63999938964844,0
2025-07-07 01:00:00+00:00,178.63999938964844,178.8000030517578,177.02000427246094,177.58999633789062,138690
2025-07-07 02:00:00+00:00,177.5749969482422,177.94000244140625,177.10000610351562,177.55499267578125,79816
2025-07-07 03:00:00+00:00,177.55999755859375,177.67999267578125,176.97999572753906,177.3800048828125,86662
2025-07-07 04:00:00+00:00,177.3699951171875,177.8800048828125,177.27999877929688,177.63999938964844,116001
2025-07-07 05:00:00+00:00,177.63999938964844,177.97999572753906,177.5500030517578,177.6199951171875,144981
2025-07-07 06:00:00+00:00,177.80999755859375,177.80999755859375,177.80999755859375,177.80999755859375,325293
2025-07-08 00:00:00+00:00,176.9199981689453,179.4499969482422,176.83999633789062,179.25999450683594,0
2025-07-08 01:00:00+00:00,179.27000427246094,179.89999389648438,178.25,178.25,167531
2025-07-08 02:00:00+00:00,178.24000549316406,178.7100067138672,178.11000061035156,178.55999755859375,120287
2025-07-08 03:00:00+00:00,178.56500244140625,178.80999755859375,178.0,178.72000122070312,121801
2025-07-08 04:00:00+00:00,178.72000122070312,179.36000061035156,178.10000610351562,178.22999572753906,153792
2025-07-08 05:00:00+00:00,178.22999572753906,178.67999267578125,178.1199951171875,178.64999389648438,95503
2025-07-08 06:00:00+00:00,179.27999877929688,179.27999877929688,179.27999877929688,179.27999877929688,870834
2025-07-09 00:00:00+00:00,178.94000244140625,178.99000549316406,177.02999877929688,178.47999572753906,0
2025-07-09 01:00:00+00:00,178.47000122070312,179.39999389648438,178.42999267578125,179.00999450683594,135453
2025-07-09 02:00:00+00:00,179.00999450683594,179.39999389648438,178.8800048828125,179.33999633789062,135340
2025-07-09 03:00:00+00:00,179.32000732421875,179.47999572753906,179.07000732421875,179.36000061035156,130691
2025-07-09 04:00:00+00:00,179.35000610351562,180.0,179.05999755859375,179.83999633789062,149456
2025-07-09 05:00:00+00:00,179.85000610351562,179.8800048828125,178.5,178.6999969482422,211364
2025-07-09 06:00:00+00:00,178.89999389648438,178.89999389648438,178.89999389648438,178.89999389648438,0
2025-07-10 00:00:00+00:00,179.58999633789062,180.10000610351562,179.0,179.8800048828125,301039
2025-07-10 01:00:00+00:00,179.88999938964844,180.6199951171875,179.60000610351562,180.60000610351562,198214
2025-07-10 02:00:00+00:00,180.5800018310547,181.58999633789062,180.50999450683594,181.42999267578125,194805
2025-07-10 03:00:00+00:00,181.4199981689453,181.4199981689453,180.74000549316406,180.8800048828125,137380
2025-07-10 04:00:00+00:00,180.875,180.97999572753906,180.42999267578125,180.89999389648438,150095
2025-07-10 05:00:00+00:00,180.91000366210938,180.9199981689453,180.55999755859375,180.6699981689453,126221
2025-07-10 06:00:00+00:00,180.66000366210938,180.66000366210938,180.3699951171875,180.3699951171875,360438
2025-07-11 00:00:00+00:00,180.5800018310547,180.69000244140625,178.41000366210938,179.75,0
2025-07-11 01:00:00+00:00,179.75,180.3300018310547,179.25,179.53500366210938,112656
2025-07-11 02:00:00+00:00,179.52999877929688,180.16000366210938,179.35000610351562,179.8699951171875,149286
2025-07-11 03:00:00+00:00,179.8800048828125,180.64999389648438,179.83999633789062,180.57000732421875,106712
2025-07-11 04:00:00+00:00,180.57000732421875,180.6699981689453,180.11000061035156,180.14999389648438,117701
2025-07-11 05:00:00+00:00,180.13999938964844,180.49000549316406,179.36000061035156,179.42999267578125,127653
2025-07-11 06:00:00+00:00,179.4199981689453,179.4199981689453,179.4199981689453,179.4199981689453,405429
2025-07-14 00:00:00+00:00,179.3800048828125,180.32000732421875,178.5,179.25,0
2025-07-14 01:00:00+00:00,179.24000549316406,179.80999755859375,178.89999389648438,178.97000122070312,66195
2025-07-14 02:00:00+00:00,178.97000122070312,179.02000427246094,178.1199951171875,178.47999572753906,81173
2025-07-14 03:00:00+00:00,178.47000122070312,178.97000122070312,178.32000732421875,178.6999969482422,55568
2025-07-14 04:00:00+00:00,178.69000244140625,178.99000549316406,178.6300048828125,178.8699951171875,54656
2025-07-14 05:00:00+00:00,178.8800048828125,179.1199951171875,178.6999969482422,178.80999755859375,92395
2025-07-14 06:00:00+00:00,178.72000122070312,178.72000122070312,178.72000122070312,178.72000122070312,254116
2025-07-15 00:00:00+00:00,179.3300018310547,180.39999389648438,179.3300018310547,179.72000122070312,0
2025-07-15 01:00:00+00:00,179.7100067138672,179.7100067138672,178.9499969482422,179.3000030517578,105394
2025-07-15 02:00:00+00:00,179.27999877929688,179.7100067138672,178.9600067138672,179.0,62884
2025-07-15 03:00:00+00:00,179.0,179.75,178.85000610351562,179.5500030517578,73424
2025-07-15 04:00:00+00:00,179.55999755859375,179.7050018310547,179.0500030517578,179.2899932861328,63083
2025-07-15 05:00:00+00:00,179.27999877929688,180.0500030517578,179.0500030517578,179.8000030517578,131500
2025-07-15 06:00:00+00:00,179.75999450683594,179.75999450683594,179.75999450683594,179.75999450683594,332831
2025-07-16 00:00:00+00:00,178.02000427246094,178.5,177.8000030517578,178.4250030517578,0
2025-07-16 01:00:00+00:00,178.41000366210938,178.8000030517578,177.92999267578125,178.09500122070312,178281
2025-07-16 02:00:00+00:00,178.0850067138672,178.0850067138672,177.52999877929688,177.80999755859375,95096
2025-07-16 03:00:00+00:00,177.80999755859375,177.8699951171875,177.50999450683594,177.69500732421875,163063
2025-07-16 04:00:00+00:00,177.7100067138672,177.80999755859375,177.1649932861328,177.33999633789062,113586
2025-07-16 05:00:00+00:00,177.35000610351562,177.89500427246094,177.3000030517578,177.5800018310547,211032
2025-07-16 06:00:00+00:00,177.57000732421875,177.57000732421875,177.57000732421875,177.57000732421875,558866
2025-07-17 00:00:00+00:00,178.17999267578125,180.3000030517578,178.0,180.1300048828125,0
2025-07-17 01:00:00+00:00,180.1199951171875,180.25,179.36000061035156,179.60000610351562,183040
2025-07-17 02:00:00+00:00,179.58999633789062,179.60000610351562,178.8000030517578,179.27000427246094,210526
2025-07-17 03:00:00+00:00,179.27999877929688,179.42999267578125,178.16000366210938,178.8300018310547,214151
2025-07-17 04:00:00+00:00,178.83999633789062,179.64999389648438,178.75,179.32000732421875,212082
2025-07-17 05:00:00+00:00,179.33999633789062,180.3800048828125,179.3300018310547,180.19000244140625,261687
2025-07-17 06:00:00+00:00,180.8000030517578,180.8000030517578,180.8000030517578,180.8000030517578,670833
2025-07-18 00:00:00+00:00,180.4600067138672,181.22000122070312,180.0,181.2100067138672,0
2025-07-18 01:00:00+00:00,181.1999969482422,181.33999633789062,180.35000610351562,180.40499877929688,135406
2025-07-18 02:00:00+00:00,180.41000366210938,181.97999572753906,180.19000244140625,181.8800048828125,191718
2025-07-18 03:00:00+00:00,181.86000061035156,182.5,181.6699981689453,182.44500732421875,258241
2025-07-18 04:00:00+00:00,182.4499969482422,183.47000122070312,182.42999267578125,183.22999572753906,211201
2025-07-18 05:00:00+00:00,183.22999572753906,183.3699951171875,182.75999450683594,182.8800048828125,175162
2025-07-18 06:00:00+00:00,182.4600067138672,182.4600067138672,182.4600067138672,182.4600067138672,584613
2025-07-21 00:00:00+00:00,181.58999633789062,181.58999633789062,180.0,180.11000061035156,0
2025-07-21 01:00:00+00:00,180.10499572753906,180.11000061035156,179.14999389648438,179.17999267578125,135507
2025-07-21 02:00:00+00:00,179.17999267578125,179.5,178.5399932861328,178.82000732421875,156524
2025-07-21 03:00:00+00:00,178.82000732421875,178.85000610351562,176.89999389648438,177.41000366210938,177658
2025-07-21 04:00:00+00:00,177.42999267578125,177.80999755859375,176.99000549316406,177.03500366210938,137084
2025-07-21 05:00:00+00:00,177.0399932861328,177.86000061035156,176.97999572753906,177.86000061035156,192034
2025-07-21 06:00:00+00:00,177.8699951171875,177.8699951171875,177.8699951171875,177.8699951171875,354062
2025-07-22 00:00:00+00:00,177.91000366210938,177.99000549316406,173.89999389648438,174.86000061035156,0
2025-07-22 01:00:00+00:00,174.91000366210938,174.9499969482422,174.00999450683594,174.6750030517578,243529
2025-07-22 02:00:00+00:00,174.7100067138672,174.74000549316406,173.11000061035156,173.25,174993
2025-07-22 03:00:00+00:00,173.25999450683594,173.55999755859375,172.13999938964844,172.3699951171875,281075
2025-07-22 04:00:00+00:00,172.3800048828125,172.47000122070312,171.5500030517578,172.44000244140625,272466
2025-07-22 05:00:00+00:00,172.4499969482422,172.8699951171875,172.09500122070312,172.4199981689453,243177
2025-07-22 06:00:00+00:00,172.4199981689453,172.4199981689453,172.4199981689453,172.4199981689453,699582
2025-07-23 00:00:00+00:00,172.82000732421875,173.02999877929688,170.6699981689453,172.52999877929688,0
2025-07-23 01:00:00+00:00,172.57000732421875,173.38999938964844,171.33999633789062,172.97000122070312,245675
2025-07-23 02:00:00+00:00,172.97999572753906,173.5500030517578,172.5399932861328,172.58999633789062,148900
2025-07-23 03:00:00+00:00,172.61000061035156,173.85000610351562,172.61000061035156,173.5399932861328,178352
2025-07-23 04:00:00+00:00,173.52999877929688,173.83999633789062,173.16000366210938,173.3000030517578,174991
2025-07-23 05:00:00+00:00,173.2899932861328,173.61000061035156,173.13999938964844,173.27000427246094,218672
2025-07-23 06:00:00+00:00,173.3000030517578,173.3000030517578,173.3000030517578,173.3000030517578,796330
2025-07-24 00:00:00+00:00,173.9199981689453,174.5399932861328,173.3000030517578,174.10000610351562,0
2025-07-24 01:00:00+00:00,174.11000061035156,174.74000549316406,173.97000122070312,174.27999877929688,104828
2025-07-24 02:00:00+00:00,174.27499389648438,174.27499389648438,173.46499633789062,173.51499938964844,66242
2025-07-24 03:00:00+00:00,173.52000427246094,173.63999938964844,172.47000122070312,172.63999938964844,88546
2025-07-24 04:00:00+00:00,172.6699981689453,173.16000366210938,172.25999450683594,173.14999389648438,99839
2025-07-24 05:00:00+00:00,173.14500427246094,173.66000366210938,173.0749969482422,173.50999450683594,149274
2025-07-24 06:00:00+00:00,173.47000122070312,173.47000122070312,173.47000122070312,173.47000122070312,677579
2025-07-25 00:00:00+00:00,173.2550048828125,173.61000061035156,171.85000610351562,172.0500030517578,0
2025-07-25 01:00:00+00:00,172.07000732421875,172.0800018310547,170.97000122070312,171.52000427246094,179538
2025-07-25 02:00:00+00:00,171.50999450683594,172.1999969482422,171.50999450683594,171.9250030517578,83922
2025-07-25 03:00:00+00:00,171.9250030517578,172.9600067138672,171.9199981689453,172.91000366210938,88001
2025-07-25 04:00:00+00:00,172.9149932861328,173.06500244140625,172.36000061035156,172.85000610351562,90701
2025-07-25 05:00:00+00:00,172.86000061035156,172.89999389648438,172.11000061035156,172.4600067138672,105951
2025-07-25 06:00:00+00:00,172.8699951171875,172.8699951171875,172.8699951171875,172.8699951171875,426029
2025-07-28 00:00:00+00:00,172.38999938964844,173.58999633789062,171.60000610351562,173.5500030517578,0
2025-07-28 01:00:00+00:00,173.5500030517578,173.97000122070312,173.02999877929688,173.9499969482422,113357
2025-07-28 02:00:00+00:00,173.97000122070312,174.1999969482422,173.2100067138672,174.02000427246094,120148
2025-07-28 03:00:00+00:00,174.02000427246094,174.44000244140625,173.92999267578125,174.1999969482422,91050
2025-07-28 04:00:00+00:00,174.1999969482422,174.6649932861328,174.10000610351562,174.63999938964844,110603
2025-07-28 05:00:00+00:00,174.63999938964844,174.82000732421875,174.00999450683594,174.75,145442
2025-07-28 06:00:00+00:00,174.89999389648438,174.89999389648438,174.89999389648438,174.89999389648438,360588
2025-07-29 00:00:00+00:00,173.52000427246094,173.8000030517578,172.52999877929688,173.50999450683594,159608
2025-07-29 01:00:00+00:00,173.5,174.35000610351562,173.4199981689453,174.19000244140625,141706
2025-07-29 02:00:00+00:00,174.19000244140625,174.63999938964844,173.94000244140625,174.0,152976
2025-07-29 03:00:00+00:00,173.9949951171875,174.0050048828125,173.22000122070312,173.8800048828125,106233
2025-07-29 04:00:00+00:00,173.875,174.05999755859375,173.69000244140625,173.92999267578125,107450
2025-07-29 05:00:00+00:00,173.9499969482422,174.4499969482422,173.91000366210938,174.22999572753906,149861
2025-07-29 06:00:00+00:00,174.2899932861328,174.2899932861328,174.2899932861328,174.2899932861328,460240
2025-07-30 00:00:00+00:00,173.63999938964844,175.1999969482422,173.25,175.00999450683594,0
2025-07-30 01:00:00+00:00,175.0500030517578,176.63999938964844,174.9499969482422,176.33999633789062,190939
2025-07-30 02:00:00+00:00,176.3300018310547,177.60000610351562,176.27999877929688,177.25,166892
2025-07-30 03:00:00+00:00,177.2550048828125,177.49000549316406,176.5,176.86000061035156,158025
2025-07-30 04:00:00+00:00,176.84500122070312,177.30999755859375,176.77999877929688,176.8300018310547,141206
2025-07-30 05:00:00+00:00,176.82000732421875,177.07000732421875,176.3699951171875,176.83999633789062,180149
2025-07-30 06:00:00+00:00,176.99000549316406,176.99000549316406,176.99000549316406,176.99000549316406,656526
2025-07-31 00:00:00+00:00,177.49000549316406,177.50999450683594,176.11000061035156,176.6699981689453,0
2025-07-31 01:00:00+00:00,176.6750030517578,177.7899932861328,176.5399932861328,177.3699951171875,111973
2025-07-31 02:00:00+00:00,177.3800048828125,177.74000549316406,177.16000366210938,177.32000732421875,71850
2025-07-31 03:00:00+00:00,177.32000732421875,177.74000549316406,177.14999389648438,177.69000244140625,117341
2025-07-31 04:00:00+00:00,177.6999969482422,178.19000244140625,177.52000427246094,177.8800048828125,229384
2025-07-31 05:00:00+00:00,177.88499450683594,178.00999450683594,177.47000122070312,177.9199981689453,166438
2025-07-31 06:00:00+00:00,177.91000366210938,177.91000366210938,177.91000366210938,177.91000366210938,887149
2025-08-01 00:00:00+00:00,176.2100067138672,176.41000366210938,175.0,175.33999633789062,0
2025-08-01 01:00:00+00:00,175.3000030517578,176.0,175.0,175.05999755859375,71624
2025-08-01 02:00:00+00:00,175.0399932861328,175.47000122070312,174.8000030517578,175.4199981689453,62739
2025-08-01 03:00:00+00:00,175.4149932861328,175.91000366210938,175.41000366210938,175.60000610351562,59164
2025-08-01 04:00:00+00:00,175.6199951171875,175.75999450683594,174.92999267578125,175.0500030517578,76991
2025-08-01 05:00:00+00:00,175.0500030517578,175.2100067138672,174.6199951171875,175.0,204454
2025-08-01 06:00:00+00:00,175.05999755859375,175.05999755859375,175.05999755859375,175.05999755859375,585290
2025-08-04 00:00:00+00:00,173.97500610351562,174.39999389648438,173.52000427246094,174.05999755859375,0
2025-08-04 01:00:00+00:00,174.07000732421875,174.27000427246094,173.60000610351562,173.67999267578125,84750
2025-08-04 02:00:00+00:00,173.67999267578125,173.8000030517578,173.42999267578125,173.6999969482422,59400
2025-08-04 03:00:00+00:00,173.6999969482422,174.3300018310547,173.5800018310547,174.3000030517578,54448
2025-08-04 04:00:00+00:00,174.27999877929688,174.57000732421875,173.8699951171875,174.13999938964844,65381
2025-08-04 05:00:00+00:00,174.13999938964844,174.35000610351562,173.97000122070312,174.27000427246094,110836
2025-08-04 06:00:00+00:00,174.92999267578125,174.92999267578125,174.92999267578125,174.92999267578125,556058
2025-08-05 00:00:00+00:00,175.63999938964844,176.16000366210938,175.05999755859375,176.10000610351562,0
2025-08-05 01:00:00+00:00,176.10000610351562,176.82000732421875,175.97999572753906,176.1699981689453,116912
2025-08-05 02:00:00+00:00,176.15499877929688,176.50999450683594,175.75,176.27499389648438,104251
2025-08-05 03:00:00+00:00,176.27000427246094,177.375,176.11000061035156,177.02000427246094,135158
2025-08-05 04:00:00+00:00,177.02999877929688,177.2899932861328,176.6699981689453,177.16000366210938,187761
2025-08-05 05:00:00+00:00,177.1699981689453,177.63499450683594,176.86000061035156,177.5399932861328,187993
2025-08-05 06:00:00+00:00,177.33999633789062,177.33999633789062,177.33999633789062,177.33999633789062,0
2025-08-06 00:00:00+00:00,177.66000366210938,179.86000061035156,177.4499969482422,179.2100067138672,264818
2025-08-06 01:00:00+00:00,179.2100067138672,179.32000732421875,178.25999450683594,178.49000549316406,99425
2025-08-06 02:00:00+00:00,178.5,178.9600067138672,178.24000549316406,178.64999389648438,90808
2025-08-06 03:00:00+00:00,178.64999389648438,178.77000427246094,177.69000244140625,178.1199951171875,82777
2025-08-06 04:00:00+00:00,178.1199951171875,178.1999969482422,177.82000732421875,178.16000366210938,67856
2025-08-06 05:00:00+00:00,178.16000366210938,179.35000610351562,178.05999755859375,179.27000427246094,155178
2025-08-06 06:00:00+00:00,179.0800018310547,179.0800018310547,179.0800018310547,179.0800018310547,478086
2025-08-07 00:00:00+00:00,179.3000030517578,179.5399932861328,178.05999755859375,178.7100067138672,213812
2025-08-07 01:00:00+00:00,178.7449951171875,178.77000427246094,178.1999969482422,178.61000061035156,70910
2025-08-07 02:00:00+00:00,178.60000610351562,178.8000030517578,178.24000549316406,178.30999755859375,61235
2025-08-07 03:00:00+00:00,178.3000030517578,178.44000244140625,177.89999389648438,178.27000427246094,71316
2025-08-07 04:00:00+00:00,178.27000427246094,178.75,178.0,178.47000122070312,75652
2025-08-07 05:00:00+00:00,178.47000122070312,178.47000122070312,177.6300048828125,177.9600067138672,97479
2025-08-07 06:00:00+00:00,177.9600067138672,178.1300048828125,177.9600067138672,178.1300048828125,418316
2025-08-08 00:00:00+00:00,176.92999267578125,177.97999572753906,176.1999969482422,177.88999938964844,0
2025-08-08 01:00:00+00:00,177.89500427246094,177.9199981689453,176.97000122070312,177.61000061035156,67523
2025-08-08 02:00:00+00:00,177.60499572753906,177.97000122070312,177.5,177.69000244140625,46024
2025-08-08 03:00:00+00:00,177.7050018310547,177.75999450683594,177.14999389648438,177.17999267578125,53966
2025-08-08 04:00:00+00:00,177.17999267578125,177.3300018310547,176.85000610351562,177.03500366210938,134382
2025-08-08 05:00:00+00:00,177.0500030517578,177.35000610351562,176.36000061035156,176.52999877929688,130285
2025-08-08 06:00:00+00:00,176.61000061035156,176.61000061035156,176.61000061035156,176.61000061035156,514555
2025-08-11 00:00:00+00:00,177.17999267578125,178.1300048828125,176.64999389648438,177.3800048828125,0
2025-08-11 01:00:00+00:00,177.36000061035156,178.25999450683594,177.0500030517578,178.02999877929688,89815
2025-08-11 02:00:00+00:00,178.02999877929688,178.47000122070312,177.91000366210938,177.97000122070312,57732
2025-08-11 03:00:00+00:00,177.97500610351562,178.10000610351562,177.5,177.80999755859375,49058
2025-08-11 04:00:00+00:00,177.80999755859375,178.22999572753906,177.60000610351562,178.08999633789062,131382
2025-08-11 05:00:00+00:00,178.0749969482422,178.3300018310547,177.77999877929688,178.14999389648438,150401
2025-08-11 06:00:00+00:00,178.60000610351562,178.60000610351562,178.60000610351562,178.60000610351562,486548
2025-08-12 00:00:00+00:00,178.38499450683594,179.97999572753906,178.38499450683594,179.39999389648438,0
2025-08-12 01:00:00+00:00,179.41000366210938,180.0,179.30999755859375,179.33999633789062,145044
2025-08-12 02:00:00+00:00,179.33999633789062,179.5399932861328,178.66000366210938,178.75999450683594,119810
2025-08-12 03:00:00+00:00,178.78500366210938,178.80999755859375,178.05499267578125,178.25999450683594,92039
2025-08-12 04:00:00+00:00,178.24000549316406,179.6199951171875,178.05999755859375,179.35499572753906,179208
2025-08-12 05:00:00+00:00,179.35000610351562,179.36000061035156,178.32000732421875,179.0,209897
2025-08-12 06:00:00+00:00,178.8000030517578,178.8000030517578,178.8000030517578,178.8000030517578,898159
2025-08-13 00:00:00+00:00,177.1300048828125,177.6999969482422,170.0,170.5,0
2025-08-13 01:00:00+00:00,170.5,170.5399932861328,167.42999267578125,168.5500030517578,725369
2025-08-13 02:00:00+00:00,168.5500030517578,171.07000732421875,168.38999938964844,170.36000061035156,456814
2025-08-13 03:00:00+00:00,170.36000061035156,170.6999969482422,169.91000366210938,170.33999633789062,255786
2025-08-13 04:00:00+00:00,170.33999633789062,170.63999938964844,169.75,170.02999877929688,302875
2025-08-13 05:00:00+00:00,170.02000427246094,170.19000244140625,169.33999633789062,169.52999877929688,459658
2025-08-13 06:00:00+00:00,169.1199951171875,169.1199951171875,169.1199951171875,169.1199951171875,1015869
2025-08-14 00:00:00+00:00,167.8300018310547,168.6999969482422,166.5500030517578,167.89999389648438,0
2025-08-14 01:00:00+00:00,167.8800048828125,168.27000427246094,167.32000732421875,167.91000366210938,235268
2025-08-14 02:00:00+00:00,167.8800048828125,168.97000122070312,167.8350067138672,168.27999877929688,245591
2025-08-14 03:00:00+00:00,168.25999450683594,168.27999877929688,167.60000610351562,167.94000244140625,225896
2025-08-14 04:00:00+00:00,167.93499755859375,168.47000122070312,167.5500030517578,167.75999450683594,344426
2025-08-14 05:00:00+00:00,167.75999450683594,167.9499969482422,167.41000366210938,167.47000122070312,243019
2025-08-14 06:00:00+00:00,167.2100067138672,167.2100067138672,167.2100067138672,167.2100067138672,715650
2025-08-15 00:00:00+00:00,166.50999450683594,168.3000030517578,166.05999755859375,166.9199981689453,0
2025-08-15 01:00:00+00:00,166.91000366210938,167.0,165.24000549316406,165.3300018310547,364588
2025-08-15 02:00:00+00:00,165.34500122070312,167.1300048828125,165.34500122070312,166.83999633789062,214558
2025-08-15 03:00:00+00:00,166.8300018310547,167.27999877929688,166.5399932861328,167.2100067138672,194788
2025-08-15 04:00:00+00:00,167.2100067138672,167.89999389648438,167.1699981689453,167.72999572753906,243649
2025-08-15 05:00:00+00:00,167.72000122070312,168.72999572753906,167.67999267578125,168.39999389648438,297010
2025-08-15 06:00:00+00:00,168.1699981689453,168.1699981689453,168.1699981689453,168.1699981689453,654851
2025-08-18 00:00:00+00:00,168.47000122070312,169.4199981689453,168.1199951171875,168.9600067138672,0
2025-08-18 01:00:00+00:00,168.9600067138672,169.25,168.75999450683594,169.11000061035156,94616
2025-08-18 02:00:00+00:00,169.08999633789062,169.85000610351562,168.9600067138672,169.60000610351562,130513
2025-08-18 03:00:00+00:00,169.61000061035156,170.30999755859375,169.47000122070312,169.9600067138672,132991
2025-08-18 04:00:00+00:00,169.97000122070312,169.97999572753906,169.14999389648438,169.5,97834
2025-08-18 05:00:00+00:00,169.48500061035156,170.07000732421875,169.3300018310547,170.0399932861328,141327
2025-08-18 06:00:00+00:00,170.19000244140625,170.19000244140625,170.19000244140625,170.19000244140625,672323
2025-08-19 00:00:00+00:00,171.19000244140625,171.8300018310547,170.33999633789062,170.50999450683594,0
2025-08-19 01:00:00+00:00,170.50999450683594,171.14999389648438,170.4199981689453,170.50999450683594,149733
2025-08-19 02:00:00+00:00,170.5,171.08999633789062,170.42999267578125,170.57000732421875,108988
2025-08-19 03:00:00+00:00,170.5749969482422,170.93499755859375,170.22000122070312,170.86000061035156,202840
2025-08-19 04:00:00+00:00,170.85000610351562,171.4550018310547,170.63999938964844,171.14500427246094,299068
2025-08-19 05:00:00+00:00,171.14999389648438,171.33999633789062,170.99000549316406,171.2100067138672,323033
2025-08-19 06:00:00+00:00,171.0500030517578,171.0500030517578,171.0500030517578,171.0500030517578,525873
2025-08-20 00:00:00+00:00,169.0399932861328,171.3000030517578,168.9600067138672,171.05999755859375,0
2025-08-20 01:00:00+00:00,171.07000732421875,174.13999938964844,170.9499969482422,173.67999267578125,355281
2025-08-20 02:00:00+00:00,173.60000610351562,173.80999755859375,172.66000366210938,172.89500427246094,203641
2025-08-20 03:00:00+00:00,172.90499877929688,173.24000549316406,172.0500030517578,172.44500732421875,130399
2025-08-20 04:00:00+00:00,172.42999267578125,173.47000122070312,172.27000427246094,172.7449951171875,178295
2025-08-20 05:00:00+00:00,172.72999572753906,173.1699981689453,172.32000732421875,172.9600067138672,341197
2025-08-20 06:00:00+00:00,172.39999389648438,172.39999389648438,172.39999389648438,172.39999389648438,781098
2025-08-21 00:00:00+00:00,174.24000549316406,174.36000061035156,172.02999877929688,172.89999389648438,0
2025-08-21 01:00:00+00:00,172.88999938964844,173.3000030517578,172.7100067138672,173.19000244140625,175210
2025-08-21 02:00:00+00:00,173.19000244140625,173.77999877929688,172.8000030517578,173.6199951171875,120995
2025-08-21 03:00:00+00:00,173.6199951171875,174.1999969482422,173.36000061035156,173.4199981689453,140534
2025-08-21 04:00:00+00:00,173.44000244140625,173.74000549316406,173.1999969482422,173.6999969482422,152417
2025-08-21 05:00:00+00:00,173.69000244140625,173.99000549316406,173.60000610351562,173.97000122070312,242753
2025-08-21 06:00:00+00:00,173.8000030517578,173.8000030517578,173.8000030517578,173.8000030517578,770672
2025-08-22 00:00:00+00:00,173.75,174.10000610351562,172.66000366210938,172.80999755859375,0
2025-08-22 01:00:00+00:00,172.80999755859375,173.6699981689453,172.6199951171875,172.71499633789062,159560
2025-08-22 02:00:00+00:00,172.6999969482422,173.8000030517578,172.5850067138672,173.5500030517578,279466
2025-08-22 03:00:00+00:00,173.5449981689453,174.16000366210938,173.35000610351562,174.08999633789062,148763
2025-08-22 04:00:00+00:00,174.0800018310547,174.5,173.4199981689453,173.50999450683594,156933
2025-08-22 05:00:00+00:00,173.52000427246094,173.97000122070312,172.5,172.52999877929688,347414
2025-08-22 06:00:00+00:00,172.83999633789062,172.83999633789062,172.83999633789062,172.83999633789062,728193
2025-08-25 00:00:00+00:00,173.86000061035156,174.10000610351562,172.5500030517578,173.2100067138672,0
2025-08-25 01:00:00+00:00,173.22000122070312,173.27999877929688,170.55999755859375,170.60000610351562,241768
2025-08-25 02:00:00+00:00,170.60000610351562,170.88499450683594,169.7100067138672,170.48500061035156,206102
2025-08-25 03:00:00+00:00,170.47999572753906,170.77000427246094,169.92999267578125,170.5449981689453,134308
2025-08-25 04:00:00+00:00,170.5449981689453,170.97000122070312,169.3000030517578,169.5500030517578,177170
2025-08-25 05:00:00+00:00,169.56500244140625,170.5500030517578,169.47000122070312,170.49000549316406,267885
2025-08-25 06:00:00+00:00,170.3000030517578,170.3000030517578,170.3000030517578,170.3000030517578,841789
2025-08-26 00:00:00+00:00,170.75,171.75999450683594,169.6300048828125,170.25,0
2025-08-26 01:00:00+00:00,170.28500366210938,170.85000610351562,169.8300018310547,170.22000122070312,102126
2025-08-26 02:00:00+00:00,170.22000122070312,170.8699951171875,170.14999389648438,170.17999267578125,139505
2025-08-26 03:00:00+00:00,170.1699981689453,170.1699981689453,169.4600067138672,169.63999938964844,270838
2025-08-26 04:00:00+00:00,169.63999938964844,169.64999389648438,168.8000030517578,169.32000732421875,100729
2025-08-26 05:00:00+00:00,169.3300018310547,169.80999755859375,169.32000732421875,169.66000366210938,135938
2025-08-26 06:00:00+00:00,169.0800018310547,169.0800018310547,169.0800018310547,169.0800018310547,1217178
2025-08-27 00:00:00+00:00,170.3800048828125,170.8000030517578,170.1300048828125,170.26499938964844,0
2025-08-27 01:00:00+00:00,170.2899932861328,171.49000549316406,170.17999267578125,171.42999267578125,134817
2025-08-27 02:00:00+00:00,171.39999389648438,171.41000366210938,169.89999389648438,169.94000244140625,86709
2025-08-27 03:00:00+00:00,169.94000244140625,170.0399932861328,169.55999755859375,169.64999389648438,83175
2025-08-27 04:00:00+00:00,169.63999938964844,169.86000061035156,169.27499389648438,169.6300048828125,96024
2025-08-27 05:00:00+00:00,169.60000610351562,169.94000244140625,169.47999572753906,169.63999938964844,119349
2025-08-27 06:00:00+00:00,169.8300018310547,169.8300018310547,169.8300018310547,169.8300018310547,402323
2025-08-28 00:00:00+00:00,170.16000366210938,172.14999389648438,170.16000366210938,171.69000244140625,257566
2025-08-28 01:00:00+00:00,171.7100067138672,172.47999572753906,171.39999389648438,172.4600067138672,122440
2025-08-28 02:00:00+00:00,172.4600067138672,172.5500030517578,171.64999389648438,171.77000427246094,142985
2025-08-28 03:00:00+00:00,171.75,172.72999572753906,171.75,172.6199951171875,89580
2025-08-28 04:00:00+00:00,172.6199951171875,172.94000244140625,172.35000610351562,172.8800048828125,179180
2025-08-28 05:00:00+00:00,172.8699951171875,172.97000122070312,172.63999938964844,172.86000061035156,127269
2025-08-28 06:00:00+00:00,173.35000610351562,173.35000610351562,173.35000610351562,173.35000610351562,564111
2025-08-29 00:00:00+00:00,172.05999755859375,172.77999877929688,170.97000122070312,171.13999938964844,0
2025-08-29 01:00:00+00:00,171.13999938964844,172.32000732421875,171.13999938964844,171.88999938964844,94327
2025-08-29 02:00:00+00:00,171.88999938964844,171.94000244140625,171.5800018310547,171.9199981689453,58767
2025-08-29 03:00:00+00:00,171.9199981689453,172.19000244140625,171.22000122070312,171.22000122070312,98613
2025-08-29 04:00:00+00:00,171.22999572753906,171.77999877929688,171.22999572753906,171.4499969482422,271165
2025-08-29 05:00:00+00:00,171.42999267578125,171.49000549316406,170.69000244140625,170.72999572753906,185851
2025-08-29 06:00:00+00:00,170.3000030517578,170.3000030517578,170.3000030517578,170.3000030517578,1041431
2025-09-01 00:00:00+00:00,170.55999755859375,171.58999633789062,170.3699951171875,170.4499969482422,0
2025-09-01 01:00:00+00:00,170.44000244140625,170.52999877929688,169.41000366210938,169.4199981689453,132910
2025-09-01 02:00:00+00:00,169.41000366210938,169.42999267578125,168.66000366210938,168.84500122070312,190977
2025-09-01 03:00:00+00:00,168.83999633789062,168.94000244140625,168.0800018310547,168.1300048828125,106700
2025-09-01 04:00:00+00:00,168.10000610351562,169.14999389648438,168.10000610351562,168.9199981689453,125839
2025-09-01 05:00:00+00:00,168.9199981689453,168.97000122070312,168.3800048828125,168.57000732421875,125718
2025-09-01 06:00:00+00:00,168.9499969482422,168.9499969482422,168.9499969482422,168.9499969482422,285509
2025-09-02 00:00:00+00:00,168.84500122070312,169.6300048828125,168.6699981689453,169.47000122070312,0
2025-09-02 01:00:00+00:00,169.47000122070312,170.99000549316406,169.42999267578125,170.94000244140625,164326
2025-09-02 02:00:00+00:00,170.9250030517578,171.49000549316406,170.41000366210938,171.0,125860
2025-09-02 03:00:00+00:00,171.02999877929688,171.6999969482422,170.5399932861328,171.3699951171875,110047
2025-09-02 04:00:00+00:00,171.38499450683594,171.4499969482422,170.44000244140625,170.5500030517578,114138
2025-09-02 05:00:00+00:00,170.5500030517578,171.30999755859375,170.27000427246094,170.30999755859375,154025
2025-09-02 06:00:00+00:00,170.4600067138672,170.4600067138672,170.4600067138672,170.4600067138672,457281
2025-09-03 00:00:00+00:00,169.0,169.14999389648438,167.5399932861328,168.64500427246094,0
2025-09-03 01:00:00+00:00,168.6699981689453,168.6999969482422,166.75,167.39999389648438,294653
2025-09-03 02:00:00+00:00,167.39500427246094,167.4499969482422,166.1999969482422,166.44000244140625,166713
2025-09-03 03:00:00+00:00,166.44000244140625,166.60000610351562,165.44000244140625,165.72000122070312,246848
2025-09-03 04:00:00+00:00,165.72000122070312,165.85000610351562,165.25999450683594,165.38999938964844,169242
2025-09-03 05:00:00+00:00,165.3800048828125,165.3800048828125,164.3000030517578,164.32000732421875,306726
2025-09-03 06:00:00+00:00,164.5500030517578,164.5500030517578,164.5500030517578,164.5500030517578,743812
2025-09-04 00:00:00+00:00,166.08999633789062,167.92999267578125,165.00999450683594,167.3699951171875,0
2025-09-04 01:00:00+00:00,167.3699951171875,167.6300048828125,166.86000061035156,167.08999633789062,104241
2025-09-04 02:00:00+00:00,167.08999633789062,167.99000549316406,167.07000732421875,167.64999389648438,90558
2025-09-04 03:00:00+00:00,167.64999389648438,167.64999389648438,167.0,167.50999450683594,101686
2025-09-04 04:00:00+00:00,167.50999450683594,168.07000732421875,167.46499633789062,167.84500122070312,117362
2025-09-04 05:00:00+00:00,167.84500122070312,168.21499633789062,167.6699981689453,167.94000244140625,133413
2025-09-04 06:00:00+00:00,168.0,168.0,168.0,168.0,451500
2025-09-05 00:00:00+00:00,169.3000030517578,169.60000610351562,168.57000732421875,168.83999633789062,0
2025-09-05 01:00:00+00:00,168.8300018310547,168.9199981689453,167.9499969482422,168.08999633789062,92466
2025-09-05 02:00:00+00:00,168.08999633789062,168.1300048828125,167.6300048828125,167.64999389648438,78311
2025-09-05 03:00:00+00:00,167.63999938964844,167.9199981689453,167.25,167.49000549316406,87046
2025-09-05 04:00:00+00:00,167.49000549316406,167.97999572753906,167.47999572753906,167.80999755859375,95855
2025-09-05 05:00:00+00:00,167.8000030517578,168.41000366210938,167.63999938964844,167.91000366210938,160165
2025-09-05 06:00:00+00:00,168.13999938964844,168.13999938964844,168.13999938964844,168.13999938964844,539116
2025-09-08 00:00:00+00:00,168.0,168.0,167.05999755859375,167.19000244140625,0
2025-09-08 01:00:00+00:00,167.19000244140625,168.07000732421875,167.08999633789062,167.10000610351562,233095
2025-09-08 02:00:00+00:00,167.09500122070312,167.44000244140625,166.58999633789062,167.25,97663
2025-09-08 03:00:00+00:00,167.24000549316406,167.77999877929688,167.24000549316406,167.63999938964844,62133
2025-09-08 04:00:00+00:00,167.6300048828125,167.7100067138672,167.14999389648438,167.50999450683594,105705
2025-09-08 05:00:00+00:00,167.50999450683594,168.14999389648438,167.3000030517578,168.1300048828125,111623
2025-09-08 06:00:00+00:00,168.24000549316406,168.24000549316406,168.24000549316406,168.24000549316406,402533
2025-09-09 00:00:00+00:00,168.0850067138672,168.0850067138672,166.5800018310547,166.99000549316406,0
2025-09-09 01:00:00+00:00,166.97999572753906,167.19000244140625,166.17999267578125,166.32000732421875,133647
2025-09-09 02:00:00+00:00,166.3300018310547,166.6999969482422,165.75,165.8300018310547,144316
2025-09-09 03:00:00+00:00,165.82000732421875,166.3300018310547,165.6199951171875,165.9499969482422,105957
2025-09-09 04:00:00+00:00,165.9250030517578,166.35499572753906,165.75999450683594,165.91000366210938,113430
2025-09-09 05:00:00+00:00,165.88999938964844,165.88999938964844,165.3800048828125,165.74000549316406,211942
2025-09-09 06:00:00+00:00,166.0800018310547,166.0800018310547,166.0800018310547,166.0800018310547,570400
2025-09-10 00:00:00+00:00,167.27000427246094,168.67999267578125,167.22999572753906,168.41000366210938,253074
2025-09-10 01:00:00+00:00,168.41000366210938,168.80999755859375,168.1999969482422,168.50999450683594,109817
2025-09-10 02:00:00+00:00,168.5,169.05999755859375,168.32000732421875,168.89999389648438,112474
2025-09-10 03:00:00+00:00,168.88999938964844,168.89999389648438,168.6300048828125,168.72999572753906,64243
2025-09-10 04:00:00+00:00,168.72500610351562,169.07000732421875,168.39500427246094,168.77999877929688,98986
2025-09-10 05:00:00+00:00,168.77999877929688,169.1699981689453,168.4600067138672,168.9199981689453,169902
2025-09-10 06:00:00+00:00,168.5399932861328,168.5399932861328,168.5399932861328,168.5399932861328,623884
2025-09-11 00:00:00+00:00,168.47000122070312,168.57000732421875,167.10000610351562,167.30999755859375,0
2025-09-11 01:00:00+00:00,167.30999755859375,167.5749969482422,166.9199981689453,167.3699951171875,134626
2025-09-11 02:00:00+00:00,167.35000610351562,167.41000366210938,167.02000427246094,167.28500366210938,64805
2025-09-11 03:00:00+00:00,167.28500366210938,167.5399932861328,167.13999938964844,167.36000061035156,61903
2025-09-11 04:00:00+00:00,167.36000061035156,167.5749969482422,166.82000732421875,167.51499938964844,87625
2025-09-11 05:00:00+00:00,167.51499938964844,167.7100067138672,167.32000732421875,167.5800018310547,107707
2025-09-11 06:00:00+00:00,167.77000427246094,167.77000427246094,167.77000427246094,167.77000427246094,526818
2025-09-12 00:00:00+00:00,167.36000061035156,169.97999572753906,167.36000061035156,169.8300018310547,0
2025-09-12 01:00:00+00:00,169.85000610351562,169.99000549316406,169.50999450683594,169.9600067138672,93254
2025-09-12 02:00:00+00:00,169.9499969482422,170.0,169.52999877929688,169.72000122070312,74489
2025-09-12 03:00:00+00:00,169.7050018310547,169.9499969482422,169.47999572753906,169.89999389648438,76215
2025-09-12 04:00:00+00:00,169.89999389648438,169.9499969482422,169.5399932861328,169.85000610351562,75339
2025-09-12 05:00:00+00:00,169.86000061035156,170.0,169.69500732421875,169.82000732421875,105628
2025-09-12 06:00:00+00:00,169.97000122070312,169.97000122070312,169.97000122070312,169.97000122070312,394835
2025-09-15 00:00:00+00:00,168.6999969482422,168.6999969482422,167.74000549316406,168.3300018310547,0
2025-09-15 01:00:00+00:00,168.3350067138672,168.92999267578125,168.30999755859375,168.4600067138672,102232
2025-09-15 02:00:00+00:00,168.4600067138672,168.61000061035156,168.13999938964844,168.35000610351562,99710
2025-09-15 03:00:00+00:00,168.3300018310547,168.47999572753906,167.82000732421875,168.32000732421875,94007
2025-09-15 04:00:00+00:00,168.33999633789062,168.66000366210938,168.1699981689453,168.60000610351562,81234
2025-09-15 05:00:00+00:00,168.60499572753906,168.82000732421875,168.27999877929688,168.72000122070312,125466
2025-09-15 06:00:00+00:00,168.89999389648438,168.89999389648438,168.89999389648438,168.89999389648438,367301
2025-09-16 00:00:00+00:00,169.1300048828125,169.1300048828125,168.22000122070312,168.25,0
2025-09-16 01:00:00+00:00,168.25,168.58999633789062,167.77999877929688,168.08999633789062,139972
2025-09-16 02:00:00+00:00,168.08999633789062,168.3699951171875,167.89999389648438,168.02999877929688,119950
2025-09-16 03:00:00+00:00,168.02999877929688,168.22999572753906,167.8699951171875,168.13999938964844,100074
2025-09-16 04:00:00+00:00,168.13999938964844,168.63999938964844,168.125,168.2050018310547,113440
2025-09-16 05:00:00+00:00,168.1999969482422,168.33999633789062,168.0800018310547,168.27999877929688,135687
2025-09-16 06:00:00+00:00,168.27999877929688,168.3300018310547,168.27999877929688,168.3300018310547,556128
2025-09-17 00:00:00+00:00,168.35000610351562,168.9499969482422,167.91000366210938,168.7100067138672,0
2025-09-17 01:00:00+00:00,168.7100067138672,168.92999267578125,168.1999969482422,168.80999755859375,133251
2025-09-17 02:00:00+00:00,168.80999755859375,168.8300018310547,168.1300048828125,168.44000244140625,111218
2025-09-17 03:00:00+00:00,168.44000244140625,168.77999877929688,168.08999633789062,168.6999969482422,95694
2025-09-17 04:00:00+00:00,168.6999969482422,169.1649932861328,168.05999755859375,168.39999389648438,161013
2025-09-17 05:00:00+00:00,168.40499877929688,168.64999389648438,167.89500427246094,168.0800018310547,209949
2025-09-17 06:00:00+00:00,168.14999389648438,168.14999389648438,168.14999389648438,168.14999389648438,675606
2025-09-18 00:00:00+00:00,167.9250030517578,168.35000610351562,165.67999267578125,166.52000427246094,0
2025-09-18 01:00:00+00:00,166.5399932861328,166.67999267578125,165.85000610351562,166.02000427246094,135755
2025-09-18 02:00:00+00:00,166.02000427246094,166.08999633789062,164.9600067138672,165.47500610351562,231894
2025-09-18 03:00:00+00:00,165.47500610351562,166.0,164.91000366210938,165.13499450683594,152317
2025-09-18 04:00:00+00:00,165.14999389648438,165.61500549316406,165.11000061035156,165.2899932861328,140325
2025-09-18 05:00:00+00:00,165.27999877929688,165.3699951171875,164.61000061035156,164.63999938964844,261852
2025-09-18 06:00:00+00:00,164.3300018310547,164.3300018310547,164.3300018310547,164.3300018310547,767195
2025-09-19 00:00:00+00:00,166.50999450683594,166.9499969482422,165.7100067138672,166.27000427246094,0
2025-09-19 01:00:00+00:00,166.25,166.5399932861328,165.50999450683594,166.0,139104
2025-09-19 02:00:00+00:00,165.97999572753906,166.5,165.5399932861328,165.60000610351562,101513
2025-09-19 03:00:00+00:00,165.61000061035156,166.35000610351562,165.42999267578125,165.8800048828125,112241
2025-09-19 04:00:00+00:00,165.88499450683594,166.66000366210938,165.72500610351562,166.3699951171875,126325
2025-09-19 05:00:00+00:00,166.36000061035156,166.8000030517578,166.02999877929688,166.38999938964844,177956
2025-09-19 06:00:00+00:00,166.1699981689453,166.1699981689453,166.1699981689453,166.1699981689453,2187845
2025-09-22 00:00:00+00:00,166.47000122070312,167.39999389648438,165.1699981689453,165.64999389648438,0
2025-09-22 01:00:00+00:00,165.64999389648438,166.22999572753906,164.92999267578125,164.97000122070312,104269
2025-09-22 02:00:00+00:00,164.9499969482422,165.85000610351562,164.9499969482422,165.5800018310547,59092
2025-09-22 03:00:00+00:00,165.5500030517578,165.92999267578125,165.18499755859375,165.8300018310547,200695
2025-09-22 04:00:00+00:00,165.8300018310547,166.02999877929688,165.27999877929688,165.44000244140625,64432
2025-09-22 05:00:00+00:00,165.4600067138672,165.4600067138672,164.9600067138672,165.13999938964844,127675
2025-09-22 06:00:00+00:00,165.57000732421875,165.57000732421875,165.57000732421875,165.57000732421875,369167
2025-09-23 00:00:00+00:00,165.7899932861328,165.97000122070312,164.9600067138672,165.7899932861328,0
2025-09-23 01:00:00+00:00,165.7899932861328,167.3000030517578,165.69000244140625,167.27999877929688,139634
2025-09-23 02:00:00+00:00,167.27000427246094,167.92999267578125,167.2100067138672,167.74000549316406,148510
2025-09-23 03:00:00+00:00,167.72999572753906,168.6750030517578,167.5800018310547,168.39999389648438,120936
2025-09-23 04:00:00+00:00,168.41000366210938,168.44000244140625,167.33999633789062,167.39999389648438,83704
2025-09-23 05:00:00+00:00,167.3699951171875,167.75,167.24000549316406,167.2899932861328,95044
2025-09-23 06:00:00+00:00,166.8699951171875,166.8699951171875,166.8699951171875,166.8699951171875,379654
2025-09-24 00:00:00+00:00,166.32000732421875,166.8000030517578,165.8800048828125,165.88999938964844,0
2025-09-24 01:00:00+00:00,165.88999938964844,166.42999267578125,164.98500061035156,165.1199951171875,154480
2025-09-24 02:00:00+00:00,165.1199951171875,165.77000427246094,164.99000549316406,165.07000732421875,119097
2025-09-24 03:00:00+00:00,165.07000732421875,165.23500061035156,164.85499572753906,164.97000122070312,105853
2025-09-24 04:00:00+00:00,164.97999572753906,165.0,163.82000732421875,164.0399932861328,248642
2025-09-24 05:00:00+00:00,164.02000427246094,164.0800018310547,163.19000244140625,163.7100067138672,287094
2025-09-24 06:00:00+00:00,164.52999877929688,164.52999877929688,164.52999877929688,164.52999877929688,859465
2025-09-25 00:00:00+00:00,163.88999938964844,164.8800048828125,163.50999450683594,163.7449951171875,0
2025-09-25 01:00:00+00:00,163.72999572753906,163.75,162.5399932861328,163.17999267578125,177379
2025-09-25 02:00:00+00:00,163.17999267578125,164.3800048828125,163.1649932861328,163.75999450683594,120628
2025-09-25 03:00:00+00:00,163.75999450683594,164.0800018310547,163.39999389648438,163.58999633789062,83545
2025-09-25 04:00:00+00:00,163.58999633789062,163.97500610351562,163.5,163.85000610351562,86511
2025-09-25 05:00:00+00:00,163.86000061035156,163.88999938964844,163.5,163.86000061035156,150005
2025-09-25 06:00:00+00:00,163.74000549316406,163.74000549316406,163.74000549316406,163.74000549316406,664455
2025-09-26 00:00:00+00:00,164.19000244140625,164.6199951171875,163.19000244140625,163.86000061035156,0
2025-09-26 01:00:00+00:00,163.89999389648438,164.60000610351562,163.60000610351562,164.47999572753906,85522
2025-09-26 02:00:00+00:00,164.5,164.92999267578125,164.4499969482422,164.75,99530
2025-09-26 03:00:00+00:00,164.74000549316406,164.97999572753906,164.4499969482422,164.86000061035156,150406
2025-09-26 04:00:00+00:00,164.83999633789062,165.14999389648438,164.5500030517578,164.66000366210938,147117
2025-09-26 05:00:00+00:00,164.66000366210938,165.2100067138672,164.4199981689453,164.91000366210938,206742
2025-09-26 06:00:00+00:00,164.8800048828125,164.8800048828125,164.8800048828125,164.8800048828125,589716
2025-09-29 00:00:00+00:00,165.08999633789062,168.6999969482422,164.75999450683594,168.4499969482422,0
2025-09-29 01:00:00+00:00,168.4600067138672,168.75,167.72999572753906,167.97000122070312,152960
2025-09-29 02:00:00+00:00,167.97999572753906,168.13999938964844,167.17999267578125,167.47999572753906,88963
2025-09-29 03:00:00+00:00,167.4600067138672,168.0500030517578,167.4250030517578,167.8000030517578,112975
2025-09-29 04:00:00+00:00,167.8000030517578,169.3800048828125,167.8000030517578,168.8000030517578,281838
2025-09-29 05:00:00+00:00,168.8000030517578,168.89999389648438,168.4600067138672,168.67999267578125,167017
2025-09-29 06:00:00+00:00,168.42999267578125,168.42999267578125,168.42999267578125,168.42999267578125,718068
2025-09-30 00:00:00+00:00,168.0,168.22999572753906,166.5800018310547,166.97999572753906,0
2025-09-30 01:00:00+00:00,166.9499969482422,167.2899932861328,166.33999633789062,166.41000366210938,110020
2025-09-30 02:00:00+00:00,166.40499877929688,166.85000610351562,165.80999755859375,166.72999572753906,112221
2025-09-30 03:00:00+00:00,166.75,167.09500122070312,166.64999389648438,166.83999633789062,78892
2025-09-30 04:00:00+00:00,166.83999633789062,167.35499572753906,166.55999755859375,166.55999755859375,104882
2025-09-30 05:00:00+00:00,166.55999755859375,166.8699951171875,166.10000610351562,166.33999633789062,172027
2025-09-30 06:00:00+00:00,166.89999389648438,166.89999389648438,166.89999389648438,166.89999389648438,1032675
2025-10-01 00:00:00+00:00,166.6999969482422,167.8350067138672,166.00999450683594,167.2100067138672,0
2025-10-01 01:00:00+00:00,167.2100067138672,167.2100067138672,166.39999389648438,166.5,229316
2025-10-01 02:00:00+00:00,166.50999450683594,166.50999450683594,165.69000244140625,165.88999938964844,185347
2025-10-01 03:00:00+00:00,165.88999938964844,166.02999877929688,165.125,165.22999572753906,89892
2025-10-01 04:00:00+00:00,165.22000122070312,166.22999572753906,165.1999969482422,166.0399932861328,145431
2025-10-01 05:00:00+00:00,166.0399932861328,166.92999267578125,165.9600067138672,166.66000366210938,186889
2025-10-01 06:00:00+00:00,167.05999755859375,167.05999755859375,167.05999755859375,167.05999755859375,674704
2025-10-02 00:00:00+00:00,167.6699981689453,169.10000610351562,167.39999389648438,168.80999755859375,0
2025-10-02 01:00:00+00:00,168.8000030517578,170.2899932861328,168.61000061035156,170.11000061035156,268276
2025-10-02 02:00:00+00:00,170.1199951171875,170.1199951171875,169.47999572753906,169.8000030517578,106137
2025-10-02 03:00:00+00:00,169.82000732421875,170.1999969482422,169.60000610351562,170.17999267578125,113977
2025-10-02 04:00:00+00:00,170.1699981689453,170.4499969482422,169.58999633789062,170.33999633789062,170116
2025-10-02 05:00:00+00:00,170.35000610351562,170.9499969482422,170.1300048828125,170.3699951171875,252533
2025-10-02 06:00:00+00:00,169.82000732421875,169.82000732421875,169.82000732421875,169.82000732421875,769425
2025-10-03 00:00:00+00:00,169.11500549316406,170.3000030517578,168.5,169.97999572753906,337959
2025-10-03 01:00:00+00:00,169.9600067138672,170.375,169.36000061035156,170.3300018310547,120205
2025-10-03 02:00:00+00:00,170.32000732421875,170.9199981689453,170.24000549316406,170.57000732421875,175642
2025-10-03 03:00:00+00:00,170.56500244140625,170.6750030517578,170.22999572753906,170.58999633789062,95659
2025-10-03 04:00:00+00:00,170.58999633789062,170.9199981689453,170.47999572753906,170.7899932861328,101391
2025-10-03 05:00:00+00:00,170.7899932861328,171.0,170.4600067138672,170.5500030517578,156149
2025-10-03 06:00:00+00:00,170.3800048828125,170.3800048828125,170.3800048828125,170.3800048828125,493977
2025-10-05 23:00:00+00:00,170.89999389648438,171.86000061035156,170.8000030517578,171.14999389648438,0
2025-10-06 00:00:00+00:00,171.14999389648438,171.36000061035156,170.41000366210938,170.55999755859375,81217
2025-10-06 01:00:00+00:00,170.5399932861328,170.60000610351562,169.75,169.8300018310547,47137
2025-10-06 02:00:00+00:00,169.85000610351562,170.38999938964844,169.74000549316406,169.9199981689453,45772
2025-10-06 03:00:00+00:00,169.91000366210938,170.08999633789062,169.47000122070312,169.63999938964844,39910
2025-10-06 04:00:00+00:00,169.61000061035156,169.8000030517578,169.30999755859375,169.39999389648438,70095
2025-10-06 05:00:00+00:00,169.9600067138672,169.9600067138672,169.9600067138672,169.9600067138672,385060
2025-10-06 23:00:00+00:00,168.80999755859375,168.88999938964844,167.86000061035156,168.09500122070312,168072
2025-10-07 00:00:00+00:00,168.0850067138672,168.63999938964844,167.5500030517578,168.60000610351562,220418
2025-10-07 01:00:00+00:00,168.6199951171875,169.74000549316406,168.5500030517578,169.74000549316406,118389
2025-10-07 02:00:00+00:00,169.7100067138672,169.94000244140625,169.39999389648438,169.75,131299
2025-10-07 03:00:00+00:00,169.75,169.9199981689453,169.1199951171875,169.2899932861328,102609
2025-10-07 04:00:00+00:00,169.2899932861328,170.10000610351562,169.2100067138672,169.8300018310547,152754
2025-10-07 05:00:00+00:00,169.33999633789062,169.33999633789062,169.33999633789062,169.33999633789062,434230
2025-10-07 23:00:00+00:00,169.44000244140625,169.9600067138672,169.24000549316406,169.49000549316406,0
2025-10-08 00:00:00+00:00,169.52999877929688,170.0399932861328,169.0399932861328,169.6300048828125,83967
2025-10-08 01:00:00+00:00,169.63999938964844,170.3000030517578,169.63999938964844,170.2100067138672,87618
2025-10-08 02:00:00+00:00,170.1999969482422,170.39999389648438,170.0,170.2899932861328,243503
2025-10-08 03:00:00+00:00,170.3000030517578,170.6300048828125,170.19000244140625,170.3000030517578,89577
2025-10-08 04:00:00+00:00,170.3000030517578,170.3000030517578,169.3300018310547,169.42999267578125,198712
2025-10-08 05:00:00+00:00,169.4199981689453,169.4199981689453,169.4199981689453,169.4199981689453,466632
2025-10-08 23:00:00+00:00,168.8699951171875,169.02000427246094,168.07000732421875,168.39999389648438,0
2025-10-09 00:00:00+00:00,168.39999389648438,168.8699951171875,167.97999572753906,168.55999755859375,73774
2025-10-09 01:00:00+00:00,168.5399932861328,168.58999633789062,167.55999755859375,167.74000549316406,91753
2025-10-09 02:00:00+00:00,167.74000549316406,168.0800018310547,167.6300048828125,168.07000732421875,63578
2025-10-09 03:00:00+00:00,168.05999755859375,168.49000549316406,167.47000122070312,167.58999633789062,115212
2025-10-09 04:00:00+00:00,167.58999633789062,167.69000244140625,167.22000122070312,167.5,505325
2025-10-09 05:00:00+00:00,167.5800018310547,167.5800018310547,167.30999755859375,167.30999755859375,802439
2025-10-09 23:00:00+00:00,167.97999572753906,168.5800018310547,167.35000610351562,167.5399932861328,0
2025-10-10 00:00:00+00:00,167.5399932861328,168.8699951171875,167.4199981689453,168.67999267578125,106348
2025-10-10 01:00:00+00:00,168.6699981689453,169.1999969482422,168.33999633789062,169.11000061035156,84809
2025-10-10 02:00:00+00:00,169.10000610351562,169.17999267578125,168.38499450683594,168.72500610351562,111162
2025-10-10 03:00:00+00:00,168.72999572753906,168.86500549316406,168.3000030517578,168.4499969482422,85393
2025-10-10 04:00:00+00:00,168.42999267578125,168.61000061035156,167.88999938964844,168.05999755859375,122108
2025-10-10 05:00:00+00:00,168.33999633789062,168.33999633789062,168.33999633789062,168.33999633789062,681367
2025-10-12 23:00:00+00:00,167.7899932861328,168.3300018310547,167.1699981689453,167.64999389648438,0
2025-10-13 00:00:00+00:00,167.63999938964844,168.19000244140625,167.1300048828125,167.32000732421875,77898
2025-10-13 01:00:00+00:00,167.32000732421875,167.38999938964844,166.44000244140625,166.44000244140625,122059
2025-10-13 02:00:00+00:00,166.42999267578125,166.67999267578125,165.8699951171875,165.97500610351562,108463
2025-10-13 03:00:00+00:00,165.97999572753906,166.25999450683594,165.36000061035156,165.3699951171875,137834
2025-10-13 04:00:00+00:00,165.3699951171875,165.61000061035156,164.83999633789062,165.35000610351562,249319
2025-10-13 05:00:00+00:00,165.19000244140625,165.19000244140625,165.19000244140625,165.19000244140625,455323
2025-10-13 23:00:00+00:00,164.85000610351562,164.9149932861328,161.82000732421875,161.9600067138672,363252
2025-10-14 00:00:00+00:00,161.97000122070312,162.89999389648438,161.86000061035156,162.3300018310547,161981
2025-10-14 01:00:00+00:00,162.35499572753906,162.9499969482422,162.1300048828125,162.63999938964844,152573
2025-10-14 02:00:00+00:00,162.64999389648438,163.75999450683594,162.64999389648438,163.2449951171875,129932
2025-10-14 03:00:00+00:00,163.24000549316406,164.1300048828125,163.22999572753906,163.9199981689453,160001
2025-10-14 04:00:00+00:00,163.9199981689453,163.99000549316406,163.1699981689453,163.8800048828125,230721
2025-10-14 05:00:00+00:00,164.39999389648438,164.39999389648438,164.39999389648438,164.39999389648438,664060
2025-10-14 23:00:00+00:00,166.36500549316406,167.6999969482422,166.3000030517578,167.5399932861328,0
2025-10-15 00:00:00+00:00,167.5399932861328,167.58999633789062,165.9600067138672,166.0,126144
2025-10-15 01:00:00+00:00,166.02000427246094,166.19000244140625,165.63999938964844,165.92999267578125,86707
2025-10-15 02:00:00+00:00,165.92999267578125,166.36000061035156,165.74000549316406,166.25,83582
2025-10-15 03:00:00+00:00,166.27000427246094,166.27999877929688,165.64999389648438,166.0399932861328,81000
2025-10-15 04:00:00+00:00,166.02999877929688,166.16000366210938,165.50999450683594,166.0,136933
2025-10-15 05:00:00+00:00,166.77999877929688,166.77999877929688,166.77999877929688,166.77999877929688,706042
2025-10-15 23:00:00+00:00,168.0800018310547,168.85000610351562,167.07000732421875,167.9499969482422,0
2025-10-16 00:00:00+00:00,167.91000366210938,169.22000122070312,167.60000610351562,169.10000610351562,219017
2025-10-16 01:00:00+00:00,169.11000061035156,170.9499969482422,169.0,169.89500427246094,317858
2025-10-16 02:00:00+00:00,169.89500427246094,169.9949951171875,168.4600067138672,168.92999267578125,101152
2025-10-16 03:00:00+00:00,168.91000366210938,169.32000732421875,168.2899932861328,168.57000732421875,114947
2025-10-16 04:00:00+00:00,168.5800018310547,168.8699951171875,167.7100067138672,168.14999389648438,197290
2025-10-16 05:00:00+00:00,168.10000610351562,168.10000610351562,168.10000610351562,168.10000610351562,642321
2025-10-16 23:00:00+00:00,167.5,168.9600067138672,167.25,168.4600067138672,0
2025-10-17 00:00:00+00:00,168.4600067138672,168.6699981689453,167.6649932861328,168.06500244140625,128357
2025-10-17 01:00:00+00:00,168.0800018310547,168.36000061035156,167.75999450683594,168.11000061035156,139796
2025-10-17 02:00:00+00:00,168.11000061035156,168.5500030517578,167.89999389648438,168.02999877929688,88350
2025-10-17 03:00:00+00:00,168.02000427246094,168.72500610351562,167.97999572753906,168.0800018310547,100608
2025-10-17 04:00:00+00:00,168.0800018310547,168.33999633789062,167.75,168.06500244140625,180100
2025-10-17 05:00:00+00:00,168.32000732421875,168.32000732421875,168.32000732421875,168.32000732421875,530832
2025-10-19 23:00:00+00:00,168.6999969482422,168.99000549316406,167.50999450683594,168.64999389648438,140936
2025-10-20 00:00:00+00:00,168.64999389648438,170.36000061035156,168.4600067138672,170.00999450683594,179647
2025-10-20 01:00:00+00:00,169.99000549316406,170.16000366210938,169.80999755859375,170.02499389648438,108744
2025-10-20 02:00:00+00:00,170.02499389648438,170.9499969482422,169.77000427246094,170.92999267578125,113463
2025-10-20 03:00:00+00:00,170.9250030517578,171.82000732421875,170.9250030517578,171.81500244140625,269247
2025-10-20 04:00:00+00:00,171.82000732421875,172.72999572753906,171.63499450683594,172.66000366210938,375773
2025-10-20 05:00:00+00:00,172.6999969482422,172.6999969482422,172.6999969482422,172.6999969482422,884010
2025-10-20 23:00:00+00:00,172.9499969482422,173.60000610351562,171.86500549316406,172.0,0
2025-10-21 00:00:00+00:00,172.0500030517578,173.88999938964844,172.0399932861328,173.88999938964844,163904
2025-10-21 01:00:00+00:00,173.875,173.9499969482422,172.97500610351562,173.25999450683594,355500
2025-10-21 02:00:00+00:00,173.27999877929688,173.99000549316406,172.85000610351562,173.9499969482422,112489
2025-10-21 03:00:00+00:00,173.9499969482422,174.36000061035156,173.92999267578125,173.97999572753906,151310
2025-10-21 04:00:00+00:00,173.97999572753906,174.15499877929688,173.0800018310547,173.11000061035156,310765
2025-10-21 05:00:00+00:00,173.11000061035156,173.55999755859375,173.11000061035156,173.55999755859375,756954
2025-10-21 23:00:00+00:00,173.6199951171875,174.8800048828125,173.39999389648438,174.3000030517578,0
2025-10-22 00:00:00+00:00,174.27999877929688,174.75,173.72999572753906,174.25999450683594,166175
2025-10-22 01:00:00+00:00,174.26499938964844,174.64999389648438,174.10000610351562,174.23500061035156,173814
2025-10-22 02:00:00+00:00,174.23500061035156,174.5500030517578,173.80499267578125,174.02999877929688,113803
2025-10-22 03:00:00+00:00,174.02499389648438,174.24000549316406,173.60000610351562,173.7899932861328,170160
2025-10-22 04:00:00+00:00,173.77000427246094,174.1199951171875,173.6300048828125,173.8800048828125,193204
2025-10-22 05:00:00+00:00,174.14999389648438,174.14999389648438,174.14999389648438,174.14999389648438,628177
2025-10-22 23:00:00+00:00,172.8000030517578,173.35000610351562,170.22000122070312,172.13999938964844,0
2025-10-23 00:00:00+00:00,172.13999938964844,172.57000732421875,171.75,172.3000030517578,88105
2025-10-23 01:00:00+00:00,172.2899932861328,173.02000427246094,172.08999633789062,173.0,87287
2025-10-23 02:00:00+00:00,173.00999450683594,173.30999755859375,172.75,172.97500610351562,71668
2025-10-23 03:00:00+00:00,172.97500610351562,173.0399932861328,171.8800048828125,172.0,96706
2025-10-23 04:00:00+00:00,172.0,172.41000366210938,171.80999755859375,172.0500030517578,173929
2025-10-23 05:00:00+00:00,171.66000366210938,171.66000366210938,171.66000366210938,171.66000366210938,543064
2025-10-23 23:00:00+00:00,172.0,172.39999389648438,171.17999267578125,171.83999633789062,0
2025-10-24 00:00:00+00:00,171.8800048828125,171.8800048828125,170.86000061035156,170.97500610351562,82652
2025-10-24 01:00:00+00:00,170.97000122070312,171.0500030517578,170.25,170.6300048828125,106218
2025-10-24 02:00:00+00:00,170.6300048828125,170.8800048828125,170.02000427246094,170.7550048828125,110033
2025-10-24 03:00:00+00:00,170.7550048828125,170.94000244140625,170.16000366210938,170.61500549316406,98696
2025-10-24 04:00:00+00:00,170.61500549316406,171.17999267578125,170.44000244140625,170.92999267578125,128916
2025-10-26 23:00:00+00:00,171.97000122070312,172.8000030517578,171.32000732421875,172.39999389648438,0
2025-10-27 00:00:00+00:00,172.39999389648438,172.75999450683594,171.5500030517578,171.85000610351562,79249
2025-10-27 01:00:00+00:00,171.86000061035156,172.3300018310547,171.60000610351562,171.88499450683594,48098
2025-10-27 02:00:00+00:00,171.8800048828125,171.88999938964844,171.5,171.8699951171875,42353
2025-10-27 03:00:00+00:00,171.8699951171875,171.8699951171875,171.0399932861328,171.0800018310547,62021
2025-10-27 04:00:00+00:00,171.0749969482422,171.60000610351562,170.8699951171875,171.41000366210938,92749
2025-10-27 05:00:00+00:00,171.6699981689453,171.6699981689453,171.6699981689453,171.6699981689453,610135
2025-10-27 23:00:00+00:00,173.66000366210938,175.8300018310547,173.66000366210938,174.52999877929688,0
2025-10-28 00:00:00+00:00,174.52000427246094,175.86000061035156,174.5,175.2100067138672,238638
2025-10-28 01:00:00+00:00,175.22000122070312,175.4600067138672,174.60000610351562,174.77999877929688,145787
2025-10-28 02:00:00+00:00,174.77999877929688,174.8699951171875,174.3699951171875,174.6300048828125,74752
2025-10-28 03:00:00+00:00,174.66000366210938,174.9499969482422,174.27000427246094,174.86000061035156,93832
2025-10-28 04:00:00+00:00,174.86000061035156,175.10000610351562,174.1699981689453,174.4499969482422,150867
2025-10-28 05:00:00+00:00,174.02000427246094,174.02000427246094,174.02000427246094,174.02000427246094,624129
2025-10-28 23:00:00+00:00,174.25,174.8000030517578,173.35000610351562,173.35000610351562,0
2025-10-29 00:00:00+00:00,173.36000061035156,173.97000122070312,170.9499969482422,171.0399932861328,196341
2025-10-29 01:00:00+00:00,171.0399932861328,171.8800048828125,170.5,171.10000610351562,158572
2025-10-29 02:00:00+00:00,171.0800018310547,171.4499969482422,170.41000366210938,170.47999572753906,115624
2025-10-29 03:00:00+00:00,170.49000549316406,170.77000427246094,170.17999267578125,170.52999877929688,126098
2025-10-29 04:00:00+00:00,170.52999877929688,170.55999755859375,169.8800048828125,170.22999572753906,209718
2025-10-29 05:00:00+00:00,170.22999572753906,170.39999389648438,170.22999572753906,170.39999389648438,496197
2025-10-29 23:00:00+00:00,169.35000610351562,171.69000244140625,169.16000366210938,171.08999633789062,134555
2025-10-30 00:00:00+00:00,171.10000610351562,171.5749969482422,170.75,171.02000427246094,130505
2025-10-30 01:00:00+00:00,170.97999572753906,171.69000244140625,170.80999755859375,171.60000610351562,119237
2025-10-30 02:00:00+00:00,171.61000061035156,172.0399932861328,171.3300018310547,171.4199981689453,123793
2025-10-30 03:00:00+00:00,171.44000244140625,171.5800018310547,170.75,170.86000061035156,91706
2025-10-30 04:00:00+00:00,170.8699951171875,171.2100067138672,170.41000366210938,170.85000610351562,138147
2025-10-30 05:00:00+00:00,170.52999877929688,170.52999877929688,170.52999877929688,170.52999877929688,521707
2025-10-30 23:00:00+00:00,171.5,173.4199981689453,171.1699981689453,173.31500244140625,0
2025-10-31 00:00:00+00:00,173.30999755859375,173.66000366210938,172.16000366210938,173.66000366210938,121989
2025-10-31 01:00:00+00:00,173.64500427246094,173.74000549316406,172.9199981689453,173.13499450683594,81622
2025-10-31 02:00:00+00:00,173.13999938964844,173.1999969482422,172.25,172.3300018310547,69238
2025-10-31 03:00:00+00:00,172.33999633789062,172.67999267578125,171.6699981689453,172.19500732421875,117408
2025-10-31 04:00:00+00:00,172.19000244140625,172.55999755859375,172.02999877929688,172.35000610351562,133599
2025-10-31 05:00:00+00:00,171.63999938964844,171.63999938964844,171.63999938964844,171.63999938964844,1120035
2025-11-02 23:00:00+00:00,170.58999633789062,171.4499969482422,170.16000366210938,170.41000366210938,0
2025-11-03 00:00:00+00:00,170.3699951171875,172.69000244140625,170.3000030517578,172.3000030517578,163394
2025-11-03 01:00:00+00:00,172.3000030517578,173.2899932861328,172.1699981689453,172.99000549316406,141479
2025-11-03 02:00:00+00:00,172.99000549316406,174.1699981689453,172.9499969482422,174.125,179557
2025-11-03 03:00:00+00:00,174.1199951171875,175.0,173.94000244140625,174.9499969482422,240785
2025-11-03 04:00:00+00:00,174.9499969482422,175.63999938964844,174.66000366210938,174.89999389648438,307770
2025-11-03 05:00:00+00:00,175.5399932861328,175.5399932861328,175.5399932861328,175.5399932861328,754186
2025-11-03 23:00:00+00:00,174.1999969482422,175.3699951171875,173.5,173.88999938964844,0
2025-11-04 00:00:00+00:00,173.88999938964844,173.92999267578125,172.4199981689453,173.83999633789062,201028
2025-11-04 01:00:00+00:00,173.85000610351562,174.05499267578125,173.17999267578125,173.8699951171875,100299
2025-11-04 02:00:00+00:00,173.8699951171875,174.0850067138672,173.5500030517578,173.77999877929688,92714
2025-11-04 03:00:00+00:00,173.77999877929688,174.66000366210938,173.7100067138672,174.57000732421875,118616
2025-11-04 04:00:00+00:00,174.5800018310547,174.8300018310547,173.82000732421875,174.22999572753906,182093
2025-11-04 05:00:00+00:00,174.11000061035156,174.11000061035156,174.11000061035156,174.11000061035156,441569
2025-11-04 23:00:00+00:00,174.27000427246094,177.3000030517578,174.27000427246094,176.6999969482422,0
2025-11-05 00:00:00+00:00,176.6999969482422,177.32000732421875,176.42999267578125,176.7899932861328,197357
2025-11-05 01:00:00+00:00,176.77999877929688,176.85000610351562,176.02999877929688,176.35000610351562,233986
2025-11-05 02:00:00+00:00,176.36000061035156,177.36000061035156,176.33999633789062,176.82000732421875,241447
2025-11-05 03:00:00+00:00,176.81500244140625,176.97000122070312,176.4199981689453,176.5800018310547,191465
2025-11-05 04:00:00+00:00,176.55999755859375,176.5800018310547,175.88999938964844,176.19000244140625,245009
2025-11-05 05:00:00+00:00,176.35000610351562,176.35000610351562,176.35000610351562,176.35000610351562,725473
2025-11-05 23:00:00+00:00,177.14999389648438,178.83999633789062,176.72999572753906,178.7899932861328,0
2025-11-06 00:00:00+00:00,178.78500366210938,179.14999389648438,177.88499450683594,178.08999633789062,151069
2025-11-06 01:00:00+00:00,178.05999755859375,178.16000366210938,177.5749969482422,177.71499633789062,116688
2025-11-06 02:00:00+00:00,177.7100067138672,178.14999389648438,176.9600067138672,178.14999389648438,217486
2025-11-06 03:00:00+00:00,178.14999389648438,178.4600067138672,177.625,178.3249969482422,196715
2025-11-06 04:00:00+00:00,178.32000732421875,178.60000610351562,177.92999267578125,178.5800018310547,229937
2025-11-06 05:00:00+00:00,178.57000732421875,178.57000732421875,178.57000732421875,178.57000732421875,815612
2025-11-06 23:00:00+00:00,176.5800018310547,177.67999267578125,176.0,176.98500061035156,0
2025-11-07 00:00:00+00:00,176.98500061035156,177.78500366210938,176.50999450683594,177.36000061035156,323202
2025-11-07 01:00:00+00:00,177.35499572753906,177.39999389648438,176.39999389648438,177.0,127023
2025-11-07 02:00:00+00:00,176.99000549316406,177.10000610351562,176.36000061035156,176.72000122070312,91883
2025-11-07 03:00:00+00:00,176.72000122070312,176.74000549316406,175.72999572753906,176.24000549316406,140082
2025-11-07 04:00:00+00:00,176.24000549316406,176.5800018310547,175.5500030517578,175.6699981689453,274608
2025-11-07 05:00:00+00:00,175.91000366210938,175.91000366210938,175.91000366210938,175.91000366210938,0
2025-11-09 23:00:00+00:00,175.38999938964844,176.17999267578125,174.6999969482422,175.5399932861328,0
2025-11-10 00:00:00+00:00,175.5399932861328,176.02999877929688,175.02999877929688,175.38999938964844,143694
2025-11-10 01:00:00+00:00,175.38999938964844,175.61000061035156,174.9199981689453,175.38999938964844,169557
2025-11-10 02:00:00+00:00,175.3699951171875,175.7100067138672,175.08999633789062,175.55999755859375,173168
2025-11-10 03:00:00+00:00,175.55499267578125,175.67999267578125,174.9600067138672,175.0399932861328,128446
2025-11-10 04:00:00+00:00,175.03500366210938,175.1999969482422,174.8800048828125,175.17999267578125,228730
2025-11-10 05:00:00+00:00,175.17999267578125,175.17999267578125,174.9199981689453,174.9199981689453,717999
2025-11-10 23:00:00+00:00,174.66000366210938,174.83999633789062,166.30999755859375,168.66000366210938,0
2025-11-11 00:00:00+00:00,168.6699981689453,168.75999450683594,164.8300018310547,165.02999877929688,734965
2025-11-11 01:00:00+00:00,165.0399932861328,165.3000030517578,163.5500030517578,164.3800048828125,412904
2025-11-11 02:00:00+00:00,164.3800048828125,164.47999572753906,163.38999938964844,163.97000122070312,375615
2025-11-11 03:00:00+00:00,163.9499969482422,164.5,163.77000427246094,164.0050048828125,474045
2025-11-11 04:00:00+00:00,164.0050048828125,164.44000244140625,163.85000610351562,164.36000061035156,491219
2025-11-11 05:00:00+00:00,163.39999389648438,163.39999389648438,163.39999389648438,163.39999389648438,729453
2025-11-11 23:00:00+00:00,163.61000061035156,164.1199951171875,160.3000030517578,161.97000122070312,874654
2025-11-12 00:00:00+00:00,161.97999572753906,162.8300018310547,161.25,161.25,442206
2025-11-12 01:00:00+00:00,161.2899932861328,161.55999755859375,160.8000030517578,160.8300018310547,373898
2025-11-12 02:00:00+00:00,160.82000732421875,161.58999633789062,160.47000122070312,160.5,398268
2025-11-12 03:00:00+00:00,160.5,160.83999633789062,159.8000030517578,160.01499938964844,412478
2025-11-12 04:00:00+00:00,160.01499938964844,160.02999877929688,158.60000610351562,158.69000244140625,680223
2025-11-12 05:00:00+00:00,158.3800048828125,158.3800048828125,158.3800048828125,158.3800048828125,1190395
2025-11-12 23:00:00+00:00,158.41000366210938,159.97999572753906,158.10000610351562,159.55499267578125,0
2025-11-13 00:00:00+00:00,159.55499267578125,160.22000122070312,158.07000732421875,158.61000061035156,541674
2025-11-13 01:00:00+00:00,158.60000610351562,159.22000122070312,158.52999877929688,158.8800048828125,338710
2025-11-13 02:00:00+00:00,158.8699951171875,160.33999633789062,158.80999755859375,159.5399932861328,372486
2025-11-13 03:00:00+00:00,159.5399932861328,159.9250030517578,159.11000061035156,159.90499877929688,232676
2025-11-13 04:00:00+00:00,159.89999389648438,160.0399932861328,159.47999572753906,159.9199981689453,349872
2025-11-13 05:00:00+00:00,159.92999267578125,160.19000244140625,159.92999267578125,160.19000244140625,655219
2025-11-13 23:00:00+00:00,157.50999450683594,158.0,155.91000366210938,157.72000122070312,0
2025-11-14 00:00:00+00:00,157.7100067138672,158.0800018310547,157.17999267578125,157.27000427246094,180844
2025-11-14 01:00:00+00:00,157.25999450683594,157.77000427246094,157.00999450683594,157.6300048828125,153918
2025-11-14 02:00:00+00:00,157.6300048828125,157.83999633789062,157.44000244140625,157.72000122070312,114142
2025-11-14 03:00:00+00:00,157.72000122070312,157.99000549316406,157.41000366210938,157.4550018310547,154188
2025-11-14 04:00:00+00:00,157.4550018310547,157.50999450683594,156.8350067138672,156.97500610351562,246173
2025-11-14 05:00:00+00:00,157.3000030517578,157.3000030517578,157.3000030517578,157.3000030517578,697564
2025-11-16 23:00:00+00:00,157.0,158.3800048828125,156.5500030517578,158.3699951171875,0
2025-11-17 00:00:00+00:00,158.3699951171875,158.3699951171875,156.94000244140625,156.9600067138672,136851
2025-11-17 01:00:00+00:00,156.97000122070312,156.97000122070312,155.64999389648438,155.69000244140625,171477
2025-11-17 02:00:00+00:00,155.69000244140625,155.84500122070312,154.6300048828125,155.36000061035156,220448
2025-11-17 03:00:00+00:00,155.36500549316406,155.47000122070312,154.8000030517578,155.0800018310547,173651
2025-11-17 04:00:00+00:00,155.07000732421875,155.75,155.07000732421875,155.39999389648438,232164
2025-11-17 05:00:00+00:00,155.7899932861328,155.7899932861328,155.7899932861328,155.7899932861328,539790
2025-11-17 23:00:00+00:00,153.7449951171875,153.7899932861328,152.16000366210938,153.61000061035156,0
2025-11-18 00:00:00+00:00,153.60000610351562,153.6699981689453,152.6699981689453,153.22999572753906,158855
2025-11-18 01:00:00+00:00,153.22999572753906,153.6300048828125,152.9600067138672,153.33999633789062,206690
2025-11-18 02:00:00+00:00,153.3350067138672,153.4600067138672,152.3300018310547,152.99000549316406,232314
2025-11-18 03:00:00+00:00,152.99000549316406,153.05999755859375,152.52999877929688,152.69000244140625,215184
2025-11-18 04:00:00+00:00,152.69000244140625,153.22000122070312,152.17999267578125,152.8000030517578,347374
2025-11-18 05:00:00+00:00,152.8000030517578,153.22000122070312,152.8000030517578,153.22000122070312,810859
2025-11-18 23:00:00+00:00,152.19000244140625,152.7100067138672,151.60000610351562,151.9199981689453,0
2025-11-19 00:00:00+00:00,151.9499969482422,152.22000122070312,151.19000244140625,151.9600067138672,162390
2025-11-19 01:00:00+00:00,151.94500732421875,151.97999572753906,150.85499572753906,150.9199981689453,139318
2025-11-19 02:00:00+00:00,150.88999938964844,151.2899932861328,150.63999938964844,150.64999389648438,140095
2025-11-19 03:00:00+00:00,150.63999938964844,151.17999267578125,150.47500610351562,151.08999633789062,168828
2025-11-19 04:00:00+00:00,151.0800018310547,151.8300018310547,151.0399932861328,151.58999633789062,288292
2025-11-19 05:00:00+00:00,151.3000030517578,151.3000030517578,151.3000030517578,151.3000030517578,508426
2025-11-19 23:00:00+00:00,152.4199981689453,153.5,151.6300048828125,153.46499633789062,565187
2025-11-20 00:00:00+00:00,153.46499633789062,153.88999938964844,152.82000732421875,152.97000122070312,176112
2025-11-20 01:00:00+00:00,152.97000122070312,153.0,152.52999877929688,152.94000244140625,127631
2025-11-20 02:00:00+00:00,152.94000244140625,153.28500366210938,152.55999755859375,152.97000122070312,136527
2025-11-20 03:00:00+00:00,152.96499633789062,153.35000610351562,152.67999267578125,152.77000427246094,192310
2025-11-20 04:00:00+00:00,152.77999877929688,153.05999755859375,152.68499755859375,152.91000366210938,207862
2025-11-20 05:00:00+00:00,153.0,153.0,153.0,153.0,537036
2025-11-20 23:00:00+00:00,151.64999389648438,152.0399932861328,150.9199981689453,151.9949951171875,0
2025-11-21 00:00:00+00:00,151.97999572753906,152.25,151.13999938964844,152.22000122070312,106022
2025-11-21 01:00:00+00:00,152.22999572753906,152.5500030517578,152.0,152.32000732421875,95742
2025-11-21 02:00:00+00:00,152.30999755859375,153.63999938964844,152.1999969482422,153.61000061035156,147794
2025-11-21 03:00:00+00:00,153.58999633789062,153.72000122070312,153.0,153.27000427246094,301810
2025-11-21 04:00:00+00:00,153.25999450683594,153.27999877929688,152.8699951171875,153.19000244140625,201205
2025-11-21 05:00:00+00:00,153.05999755859375,153.05999755859375,153.05999755859375,153.05999755859375,509351
2025-11-23 23:00:00+00:00,153.75,155.0,153.63999938964844,154.6699981689453,0
2025-11-24 00:00:00+00:00,154.63999938964844,154.6699981689453,153.74000549316406,154.0,85715
2025-11-24 01:00:00+00:00,154.00999450683594,154.47000122070312,153.72000122070312,154.32000732421875,64280
2025-11-24 02:00:00+00:00,154.3000030517578,155.22000122070312,154.3000030517578,155.02999877929688,111729
2025-11-24 03:00:00+00:00,155.05999755859375,156.0,155.02999877929688,155.6300048828125,137597
2025-11-24 04:00:00+00:00,155.64999389648438,155.88999938964844,154.91000366210938,155.1199951171875,200369
2025-11-24 05:00:00+00:00,154.9600067138672,154.9600067138672,154.9600067138672,154.9600067138672,3063450
2025-11-24 23:00:00+00:00,154.8000030517578,154.8000030517578,153.2100067138672,153.3699951171875,0
2025-11-25 00:00:00+00:00,153.36000061035156,153.77999877929688,153.05999755859375,153.5399932861328,112169
2025-11-25 01:00:00+00:00,153.52999877929688,153.60000610351562,152.3699951171875,152.6300048828125,92120
2025-11-25 02:00:00+00:00,152.6300048828125,153.00999450683594,152.3800048828125,152.97000122070312,67390
2025-11-25 03:00:00+00:00,152.97000122070312,153.0,152.5800018310547,152.58999633789062,77370
2025-11-25 04:00:00+00:00,152.59500122070312,153.3000030517578,152.5,153.1999969482422,193523
2025-11-25 05:00:00+00:00,153.13999938964844,153.13999938964844,153.13999938964844,153.13999938964844,391432
2025-11-25 23:00:00+00:00,153.9949951171875,154.92999267578125,153.52999877929688,154.6300048828125,0
2025-11-26 00:00:00+00:00,154.6199951171875,154.82000732421875,154.25,154.38999938964844,181154
2025-11-26 01:00:00+00:00,154.36000061035156,154.5,153.57000732421875,154.02999877929688,82352
2025-11-26 02:00:00+00:00,154.02999877929688,154.5500030517578,153.9199981689453,154.5,121714
2025-11-26 03:00:00+00:00,154.5,154.5500030517578,154.02999877929688,154.10499572753906,83629
2025-11-26 04:00:00+00:00,154.10000610351562,154.10499572753906,153.13999938964844,153.47999572753906,238499
2025-11-26 05:00:00+00:00,153.49000549316406,153.52000427246094,153.49000549316406,153.52000427246094,552849
2025-11-26 23:00:00+00:00,153.41000366210938,155.19000244140625,153.0,155.07000732421875,0
2025-11-27 00:00:00+00:00,155.07000732421875,155.39999389648438,154.8300018310547,155.22000122070312,102675
2025-11-27 01:00:00+00:00,155.22000122070312,155.27999877929688,154.11000061035156,154.1300048828125,57646
2025-11-27 02:00:00+00:00,154.13999938964844,154.22999572753906,153.7899932861328,153.89999389648438,51315
2025-11-27 03:00:00+00:00,153.89999389648438,154.27999877929688,153.8800048828125,154.0800018310547,90780
2025-11-27 04:00:00+00:00,154.0800018310547,154.0800018310547,153.6999969482422,153.9199981689453,125004
2025-11-27 05:00:00+00:00,154.24000549316406,154.24000549316406,154.24000549316406,154.24000549316406,240480
2025-11-27 23:00:00+00:00,153.5500030517578,153.89999389648438,153.00999450683594,153.75,0
2025-11-28 00:00:00+00:00,153.75,154.10000610351562,153.3800048828125,153.72000122070312,69130
2025-11-28 01:00:00+00:00,153.7100067138672,153.75999450683594,153.0800018310547,153.11000061035156,75742
2025-11-28 02:00:00+00:00,153.11000061035156,153.1300048828125,152.52000427246094,152.6999969482422,96254
2025-11-28 03:00:00+00:00,152.69000244140625,152.82000732421875,152.44000244140625,152.57000732421875,100613
2025-11-28 04:00:00+00:00,152.55999755859375,152.6699981689453,152.07000732421875,152.3000030517578,187058
2025-11-28 05:00:00+00:00,152.3000030517578,152.50999450683594,152.3000030517578,152.50999450683594,882632
2025-11-30 23:00:00+00:00,152.2899932861328,153.27000427246094,151.74000549316406,152.64999389648438,0
2025-12-01 00:00:00+00:00,152.6300048828125,153.0800018310547,152.36000061035156,152.8300018310547,46647
2025-12-01 01:00:00+00:00,152.85000610351562,152.91000366210938,152.1999969482422,152.3300018310547,64135
2025-12-01 02:00:00+00:00,152.33999633789062,152.58999633789062,152.07000732421875,152.14999389648438,62532
2025-12-01 03:00:00+00:00,152.13999938964844,152.55999755859375,151.99000549316406,152.42999267578125,93965
2025-12-01 04:00:00+00:00,152.44000244140625,152.44000244140625,151.52999877929688,151.63999938964844,135506
2025-12-01 05:00:00+00:00,151.63999938964844,151.63999938964844,151.63999938964844,151.63999938964844,423869
2025-12-01 23:00:00+00:00,152.47999572753906,153.0800018310547,151.69000244140625,151.77000427246094,0
2025-12-02 00:00:00+00:00,151.75,152.35000610351562,151.5800018310547,151.72999572753906,123889
2025-12-02 01:00:00+00:00,151.7100067138672,152.6699981689453,151.55999755859375,152.5050048828125,238811
2025-12-02 02:00:00+00:00,152.5,152.75,152.30499267578125,152.32000732421875,77805
2025-12-02 03:00:00+00:00,152.30999755859375,152.3300018310547,151.77000427246094,151.92999267578125,90158
2025-12-02 04:00:00+00:00,151.93499755859375,152.07000732421875,151.6699981689453,151.8300018310547,112732
2025-12-02 05:00:00+00:00,152.24000549316406,152.24000549316406,152.24000549316406,152.24000549316406,720395
2025-12-02 23:00:00+00:00,152.07000732421875,153.08999633789062,151.83999633789062,153.08999633789062,0
2025-12-03 00:00:00+00:00,153.08999633789062,153.36000061035156,152.3699951171875,153.0399932861328,97539
2025-12-03 01:00:00+00:00,153.0399932861328,153.3800048828125,152.75,152.9499969482422,51881
2025-12-03 02:00:00+00:00,152.9600067138672,152.97000122070312,152.39999389648438,152.41000366210938,49278
2025-12-03 03:00:00+00:00,152.41000366210938,152.63999938964844,152.1300048828125,152.13499450683594,82982
2025-12-03 04:00:00+00:00,152.1300048828125,152.25,151.91000366210938,152.0500030517578,115964
2025-12-03 05:00:00+00:00,152.0500030517578,152.0500030517578,152.0500030517578,152.0500030517578,983449
2025-12-03 23:00:00+00:00,152.25999450683594,152.9499969482422,151.42999267578125,151.86000061035156,0
2025-12-04 00:00:00+00:00,151.8699951171875,151.92999267578125,150.3800048828125,151.39999389648438,168566
2025-12-04 01:00:00+00:00,151.42999267578125,152.5749969482422,151.36000061035156,152.0399932861328,93503
2025-12-04 02:00:00+00:00,152.00999450683594,152.1999969482422,151.63999938964844,152.1699981689453,56196
2025-12-04 03:00:00+00:00,152.17999267578125,152.1999969482422,151.75999450683594,151.97000122070312,160299
2025-12-04 04:00:00+00:00,151.97000122070312,152.77999877929688,151.82000732421875,152.55999755859375,183399
2025-12-04 05:00:00+00:00,153.22000122070312,153.22000122070312,153.22000122070312,153.22000122070312,893935
2025-12-04 23:00:00+00:00,152.06500244140625,153.1999969482422,151.6300048828125,153.08999633789062,0
2025-12-05 00:00:00+00:00,153.0800018310547,153.69000244140625,152.2100067138672,153.5399932861328,81684
2025-12-05 01:00:00+00:00,153.5399932861328,154.2899932861328,153.4600067138672,153.94000244140625,105928
2025-12-05 02:00:00+00:00,153.92999267578125,154.5399932861328,153.67999267578125,153.85499572753906,80358
2025-12-05 03:00:00+00:00,153.86000061035156,154.16000366210938,153.36000061035156,153.57000732421875,176341
2025-12-05 04:00:00+00:00,153.5749969482422,154.08999633789062,153.52000427246094,154.0500030517578,141029
2025-12-05 05:00:00+00:00,154.2100067138672,154.2100067138672,154.2100067138672,154.2100067138672,561229
2025-12-07 23:00:00+00:00,152.8000030517578,155.24000549316406,152.72000122070312,154.88999938964844,0
2025-12-08 00:00:00+00:00,154.88499450683594,155.0399932861328,154.1699981689453,154.8800048828125,149172
2025-12-08 01:00:00+00:00,154.88999938964844,154.9199981689453,154.02999877929688,154.38499450683594,94940
2025-12-08 02:00:00+00:00,154.38999938964844,154.7899932861328,153.99000549316406,154.3800048828125,91021
2025-12-08 03:00:00+00:00,154.36000061035156,154.72000122070312,154.2100067138672,154.36000061035156,70629
2025-12-08 04:00:00+00:00,154.33999633789062,155.02000427246094,154.1999969482422,155.02000427246094,136208
2025-12-08 05:00:00+00:00,155.4199981689453,155.4199981689453,155.4199981689453,155.4199981689453,601691
2025-12-08 23:00:00+00:00,155.08999633789062,155.16000366210938,154.13999938964844,154.7899932861328,146214
2025-12-09 00:00:00+00:00,154.80999755859375,154.80999755859375,153.77999877929688,154.39999389648438,111203
2025-12-09 01:00:00+00:00,154.39999389648438,154.89500427246094,154.33999633789062,154.75999450683594,120623
2025-12-09 02:00:00+00:00,154.75999450683594,154.97000122070312,154.57000732421875,154.77000427246094,65030
2025-12-09 03:00:00+00:00,154.77000427246094,155.25999450683594,153.85000610351562,154.1699981689453,143513
2025-12-09 04:00:00+00:00,154.19000244140625,154.58999633789062,153.6199951171875,154.30999755859375,159663
2025-12-09 05:00:00+00:00,154.52999877929688,154.52999877929688,154.52999877929688,154.52999877929688,846394
2025-12-09 23:00:00+00:00,154.02000427246094,154.9199981689453,154.0,154.6999969482422,0
2025-12-10 00:00:00+00:00,154.72000122070312,154.82000732421875,153.52000427246094,153.6199951171875,100923
2025-12-10 01:00:00+00:00,153.6199951171875,153.92999267578125,153.24000549316406,153.61000061035156,70751
2025-12-10 02:00:00+00:00,153.60499572753906,154.1199951171875,153.3699951171875,153.44000244140625,48493
2025-12-10 03:00:00+00:00,153.4499969482422,153.8699951171875,153.2899932861328,153.47999572753906,67187
2025-12-10 04:00:00+00:00,153.47999572753906,154.0800018310547,153.3300018310547,153.6999969482422,109878
2025-12-10 05:00:00+00:00,153.82000732421875,153.82000732421875,153.82000732421875,153.82000732421875,585749
2025-12-10 23:00:00+00:00,153.2449951171875,153.63999938964844,152.6300048828125,153.2949981689453,0
2025-12-11 00:00:00+00:00,153.27999877929688,154.0,153.0500030517578,153.30999755859375,267130
2025-12-11 01:00:00+00:00,153.3000030517578,153.39999389648438,152.9199981689453,152.98500061035156,111390
2025-12-11 02:00:00+00:00,153.0,153.1699981689453,152.8300018310547,153.13999938964844,175529
2025-12-11 03:00:00+00:00,153.14999389648438,153.16000366210938,152.6300048828125,152.86000061035156,115369
2025-12-11 04:00:00+00:00,152.8699951171875,153.33999633789062,152.6999969482422,153.22000122070312,191708
2025-12-11 05:00:00+00:00,152.74000549316406,152.74000549316406,152.74000549316406,152.74000549316406,885522
2025-12-11 23:00:00+00:00,153.75,154.41000366210938,153.02000427246094,154.10000610351562,0
2025-12-12 00:00:00+00:00,154.10499572753906,155.39999389648438,153.97000122070312,155.39999389648438,173683
2025-12-12 01:00:00+00:00,155.39999389648438,156.10000610351562,155.08999633789062,155.91000366210938,177140
2025-12-12 02:00:00+00:00,155.9199981689453,156.1999969482422,155.6699981689453,155.9199981689453,112547
2025-12-12 03:00:00+00:00,155.91000366210938,156.3800048828125,155.6699981689453,156.02000427246094,136399
2025-12-12 04:00:00+00:00,156.02000427246094,156.1199951171875,155.30499267578125,155.5399932861328,153991
2025-12-12 05:00:00+00:00,155.9600067138672,155.9600067138672,155.9600067138672,155.9600067138672,609268
2025-12-14 23:00:00+00:00,154.1199951171875,155.3000030517578,154.0,154.3699951171875,0
2025-12-15 00:00:00+00:00,154.35000610351562,155.02999877929688,154.11000061035156,154.94000244140625,140748
2025-12-15 01:00:00+00:00,154.9499969482422,155.42999267578125,154.82000732421875,154.82000732421875,91246
2025-12-15 02:00:00+00:00,154.8300018310547,155.39999389648438,154.8300018310547,155.10000610351562,121953
2025-12-15 03:00:00+00:00,155.09500122070312,155.3300018310547,154.82000732421875,155.1999969482422,83769
2025-12-15 04:00:00+00:00,155.1999969482422,155.41000366210938,155.1699981689453,155.32000732421875,107161
2025-12-15 05:00:00+00:00,155.0800018310547,155.0800018310547,155.0800018310547,155.0800018310547,342554
2025-12-15 23:00:00+00:00,156.6699981689453,157.50999450683594,155.52000427246094,155.60000610351562,211438
2025-12-16 00:00:00+00:00,155.61000061035156,156.9499969482422,155.42999267578125,156.58999633789062,114908
2025-12-16 01:00:00+00:00,156.58999633789062,156.6999969482422,155.41000366210938,155.74000549316406,93162
2025-12-16 02:00:00+00:00,155.74000549316406,155.8300018310547,155.25,155.3800048828125,134960
2025-12-16 03:00:00+00:00,155.39999389648438,155.57000732421875,154.6699981689453,154.75,148660
2025-12-16 04:00:00+00:00,154.72999572753906,155.0500030517578,154.22000122070312,154.85000610351562,229809
2025-12-16 05:00:00+00:00,155.1300048828125,155.1300048828125,155.1300048828125,155.1300048828125,591662
2025-12-16 23:00:00+00:00,153.11000061035156,154.77999877929688,152.75999450683594,154.1300048828125,0
2025-12-17 00:00:00+00:00,154.1199951171875,154.3699951171875,153.5800018310547,153.74000549316406,96189
2025-12-17 01:00:00+00:00,153.75,154.02000427246094,153.25999450683594,153.89999389648438,114217
2025-12-17 02:00:00+00:00,153.89500427246094,153.90499877929688,153.2899932861328,153.3000030517578,72492
2025-12-17 03:00:00+00:00,153.3000030517578,153.30999755859375,152.8800048828125,153.0399932861328,409778
2025-12-17 04:00:00+00:00,153.02999877929688,153.55999755859375,152.9499969482422,153.39999389648438,169652
2025-12-17 05:00:00+00:00,153.86000061035156,153.86000061035156,153.86000061035156,153.86000061035156,657469
2025-12-17 23:00:00+00:00,153.86000061035156,154.6699981689453,153.11000061035156,154.27000427246094,1203955
2025-12-18 00:00:00+00:00,154.25999450683594,154.3699951171875,153.72000122070312,154.1750030517578,114096
2025-12-18 01:00:00+00:00,154.1699981689453,154.4499969482422,153.82000732421875,153.8800048828125,104625
2025-12-18 02:00:00+00:00,153.8800048828125,154.44000244140625,153.7899932861328,154.32000732421875,69332
2025-12-18 03:00:00+00:00,154.33999633789062,154.33999633789062,153.86000061035156,154.24000549316406,79113
2025-12-18 04:00:00+00:00,154.24000549316406,154.94000244140625,154.19000244140625,154.74000549316406,152014
2025-12-18 05:00:00+00:00,155.0,155.0,155.0,155.0,586310
2025-12-18 23:00:00+00:00,155.6649932861328,156.9600067138672,155.55999755859375,156.94000244140625,0
2025-12-19 00:00:00+00:00,156.9499969482422,157.1199951171875,156.3699951171875,157.0,135678
2025-12-19 01:00:00+00:00,156.99000549316406,157.36000061035156,156.75,157.14999389648438,297193
2025-12-19 02:00:00+00:00,157.16000366210938,157.69000244140625,157.0500030517578,157.6199951171875,121551
2025-12-19 03:00:00+00:00,157.61000061035156,157.66000366210938,157.3800048828125,157.4199981689453,190158
2025-12-19 04:00:00+00:00,157.42999267578125,157.47000122070312,157.0800018310547,157.17999267578125,254519
2025-12-19 05:00:00+00:00,157.75,157.75,157.75,157.75,2580594
2025-12-21 23:00:00+00:00,158.41000366210938,158.5800018310547,157.24000549316406,158.5399932861328,0
2025-12-22 00:00:00+00:00,158.52999877929688,159.16000366210938,158.19000244140625,159.00999450683594,134779
2025-12-22 01:00:00+00:00,159.02000427246094,159.67999267578125,159.02000427246094,159.25999450683594,89922
2025-12-22 02:00:00+00:00,159.26499938964844,159.35000610351562,158.92999267578125,159.02999877929688,79663
2025-12-22 03:00:00+00:00,159.0449981689453,159.0500030517578,158.44000244140625,158.66000366210938,90115
2025-12-22 04:00:00+00:00,158.64999389648438,158.77999877929688,158.1999969482422,158.57000732421875,133300
2025-12-22 05:00:00+00:00,158.25999450683594,158.25999450683594,158.25999450683594,158.25999450683594,511250
2025-12-22 23:00:00+00:00,158.89999389648438,159.74000549316406,158.72000122070312,159.49000549316406,182822
2025-12-23 00:00:00+00:00,159.47000122070312,159.74000549316406,159.13999938964844,159.66000366210938,101886
2025-12-23 01:00:00+00:00,159.66000366210938,160.8300018310547,159.52000427246094,160.7899932861328,139544
2025-12-23 02:00:00+00:00,160.7899932861328,161.6999969482422,160.74000549316406,161.625,206620
2025-12-23 03:00:00+00:00,161.6300048828125,161.8000030517578,161.3300018310547,161.3800048828125,129560
2025-12-23 04:00:00+00:00,161.3699951171875,161.69000244140625,160.9600067138672,161.61000061035156,133081
2025-12-23 05:00:00+00:00,161.72999572753906,161.72999572753906,161.72999572753906,161.72999572753906,606023
2025-12-23 23:00:00+00:00,161.30499267578125,161.5,160.6999969482422,161.27000427246094,0
2025-12-24 00:00:00+00:00,161.25999450683594,161.41000366210938,160.36000061035156,160.50999450683594,109105
2025-12-24 01:00:00+00:00,160.52999877929688,161.0399932861328,160.39999389648438,160.6300048828125,65318
2025-12-24 02:00:00+00:00,160.63499450683594,161.1300048828125,160.61000061035156,160.9199981689453,60220
2025-12-24 03:00:00+00:00,161.38999938964844,161.38999938964844,161.38999938964844,161.38999938964844,250079
2025-12-28 23:00:00+00:00,161.38999938964844,162.16000366210938,160.8800048828125,161.92999267578125,0
2025-12-29 00:00:00+00:00,161.92999267578125,162.1199951171875,161.0800018310547,161.47999572753906,81607
2025-12-29 01:00:00+00:00,161.47999572753906,161.57000732421875,160.89999389648438,160.97000122070312,82285
2025-12-29 02:00:00+00:00,160.97000122070312,161.47000122070312,160.8000030517578,161.22999572753906,65927
2025-12-29 03:00:00+00:00,161.22000122070312,161.33999633789062,160.60000610351562,160.72999572753906,82715
2025-12-29 04:00:00+00:00,160.75999450683594,161.0399932861328,160.50999450683594,160.9499969482422,130156
2025-12-29 05:00:00+00:00,160.49000549316406,160.49000549316406,160.49000549316406,160.49000549316406,279436
2025-12-29 23:00:00+00:00,162.44000244140625,163.10000610351562,162.25,162.49000549316406,0
2025-12-30 00:00:00+00:00,162.49000549316406,162.69000244140625,161.86000061035156,161.86000061035156,67962
2025-12-30 01:00:00+00:00,161.83999633789062,162.00999450683594,161.33999633789062,161.56500244140625,77065
2025-12-30 02:00:00+00:00,161.55999755859375,161.61000061035156,161.08999633789062,161.14999389648438,56124
2025-12-30 03:00:00+00:00,161.16000366210938,161.6199951171875,161.13999938964844,161.58999633789062,60055
2025-12-30 04:00:00+00:00,161.5800018310547,161.75999450683594,161.3699951171875,161.52000427246094,117784
2025-12-30 05:00:00+00:00,161.2899932861328,161.2899932861328,161.2899932861328,161.2899932861328,441122
2025-12-30 23:00:00+00:00,161.47000122070312,161.64999389648438,160.7899932861328,160.80999755859375,0
2025-12-31 00:00:00+00:00,160.82000732421875,160.86000061035156,160.0800018310547,160.49000549316406,90950
2025-12-31 01:00:00+00:00,160.5,160.8000030517578,159.94000244140625,160.1300048828125,102026
2025-12-31 02:00:00+00:00,160.13999938964844,160.72999572753906,159.67999267578125,160.47999572753906,176969
2025-12-31 03:00:00+00:00,160.57000732421875,160.57000732421875,160.57000732421875,160.57000732421875,558593
2026-01-01 23:00:00+00:00,160.6999969482422,161.49000549316406,160.49000549316406,160.77000427246094,0
2026-01-02 00:00:00+00:00,160.7899932861328,161.2899932861328,160.77999877929688,160.97000122070312,51065
2026-01-02 01:00:00+00:00,160.97000122070312,161.19000244140625,160.77999877929688,161.08999633789062,48143
2026-01-02 02:00:00+00:00,161.0800018310547,161.63999938964844,161.0500030517578,161.30999755859375,54491
2026-01-02 03:00:00+00:00,161.3300018310547,161.42999267578125,161.1999969482422,161.33999633789062,36527
2026-01-02 04:00:00+00:00,161.35000610351562,161.6699981689453,161.2899932861328,161.5800018310547,62999
2026-01-02 05:00:00+00:00,161.1199951171875,161.1199951171875,161.1199951171875,161.1199951171875,315515
2026-01-04 23:00:00+00:00,161.1300048828125,161.5500030517578,160.7050018310547,161.2100067138672,0
2026-01-05 00:00:00+00:00,161.2100067138672,161.24000549316406,160.58999633789062,160.72999572753906,49476
2026-01-05 01:00:00+00:00,160.72000122070312,161.0050048828125,160.67999267578125,160.9499969482422,44517
2026-01-05 02:00:00+00:00,160.9499969482422,161.1999969482422,160.6699981689453,160.72999572753906,33377
2026-01-05 03:00:00+00:00,160.72999572753906,160.7899932861328,160.3000030517578,160.58999633789062,73180
2026-01-05 04:00:00+00:00,160.60000610351562,161.17999267578125,160.59500122070312,160.9199981689453,110440
2026-01-05 05:00:00+00:00,160.5800018310547,160.5800018310547,160.5800018310547,160.5800018310547,518013
2026-01-05 23:00:00+00:00,160.8000030517578,160.8000030517578,157.9499969482422,157.9600067138672,0
2026-01-06 00:00:00+00:00,157.97999572753906,157.97999572753906,155.69000244140625,156.11000061035156,334403
2026-01-06 01:00:00+00:00,156.1199951171875,157.44000244140625,155.67999267578125,157.1199951171875,174289
2026-01-06 02:00:00+00:00,157.125,157.1300048828125,156.50999450683594,156.72000122070312,134873
2026-01-06 03:00:00+00:00,156.7100067138672,156.97999572753906,156.49000549316406,156.97000122070312,132492
2026-01-06 04:00:00+00:00,156.9600067138672,157.24000549316406,156.33999633789062,156.55999755859375,225372
2026-01-06 05:00:00+00:00,155.85000610351562,155.85000610351562,155.85000610351562,155.85000610351562,942981
2026-01-06 23:00:00+00:00,155.66000366210938,156.3800048828125,155.25,155.72000122070312,0
2026-01-07 00:00:00+00:00,155.75,156.02999877929688,154.5,155.49000549316406,182392
2026-01-07 01:00:00+00:00,155.5,155.9199981689453,154.3000030517578,154.72999572753906,130471
2026-01-07 02:00:00+00:00,154.72999572753906,155.3800048828125,154.63999938964844,154.86000061035156,87496
2026-01-07 03:00:00+00:00,154.86500549316406,155.03500366210938,154.39999389648438,154.61000061035156,120008
2026-01-07 04:00:00+00:00,154.61000061035156,154.61000061035156,153.85000610351562,153.9199981689453,255704
2026-01-07 05:00:00+00:00,153.22999572753906,153.22999572753906,153.22999572753906,153.22999572753906,679892
2026-01-07 23:00:00+00:00,153.5,153.5800018310547,152.5,152.9199981689453,0
2026-01-08 00:00:00+00:00,152.9199981689453,153.77000427246094,152.80999755859375,153.27000427246094,141057
2026-01-08 01:00:00+00:00,153.25,153.27999877929688,152.4499969482422,153.1999969482422,83713
2026-01-08 02:00:00+00:00,153.2100067138672,153.5800018310547,152.7100067138672,152.9550018310547,176358
2026-01-08 03:00:00+00:00,152.97000122070312,153.27000427246094,152.72000122070312,153.2050018310547,176486
2026-01-08 04:00:00+00:00,153.19000244140625,153.47000122070312,153.05999755859375,153.27000427246094,218152
2026-01-08 05:00:00+00:00,153.33999633789062,153.33999633789062,153.33999633789062,153.33999633789062,889846
2026-01-08 23:00:00+00:00,154.2899932861328,155.0,152.80999755859375,153.36000061035156,0
2026-01-09 00:00:00+00:00,153.35000610351562,154.63999938964844,153.1300048828125,154.44000244140625,97443
2026-01-09 01:00:00+00:00,154.4499969482422,154.6699981689453,153.83999633789062,153.9199981689453,88476
2026-01-09 02:00:00+00:00,153.9199981689453,153.99000549316406,153.10000610351562,153.13999938964844,101114
2026-01-09 03:00:00+00:00,153.1300048828125,153.42999267578125,152.6999969482422,152.85000610351562,148107
2026-01-09 04:00:00+00:00,152.86000061035156,152.97999572753906,152.41000366210938,152.94000244140625,192811
2026-01-09 05:00:00+00:00,153.22000122070312,153.22000122070312,153.22000122070312,153.22000122070312,628848
2026-01-11 23:00:00+00:00,153.86000061035156,154.9499969482422,153.00999450683594,154.89999389648438,0
2026-01-12 00:00:00+00:00,154.89999389648438,154.92999267578125,153.97000122070312,154.03500366210938,111140
2026-01-12 01:00:00+00:00,154.0500030517578,154.10499572753906,153.63999938964844,154.0800018310547,72383
2026-01-12 02:00:00+00:00,154.07000732421875,154.2899932861328,153.57000732421875,153.99000549316406,103322
2026-01-12 03:00:00+00:00,153.99000549316406,154.1300048828125,153.60000610351562,154.0399932861328,75392
2026-01-12 04:00:00+00:00,154.0399932861328,154.39999389648438,153.74000549316406,154.22999572753906,114365
2026-01-12 05:00:00+00:00,154.0800018310547,154.0800018310547,154.0800018310547,154.0800018310547,431014
2026-01-12 23:00:00+00:00,154.8249969482422,155.49000549316406,154.27999877929688,155.0500030517578,160536
2026-01-13 00:00:00+00:00,155.02000427246094,155.88999938964844,154.74000549316406,155.88999938964844,163427
2026-01-13 01:00:00+00:00,155.89500427246094,156.10000610351562,155.5500030517578,155.86000061035156,75655
2026-01-13 02:00:00+00:00,155.8800048828125,156.08999633789062,155.57000732421875,155.66000366210938,65523
2026-01-13 03:00:00+00:00,155.6699981689453,155.72999572753906,155.00999450683594,155.25999450683594,76301
2026-01-13 04:00:00+00:00,155.28500366210938,155.4499969482422,154.99000549316406,155.05999755859375,178605
2026-01-13 05:00:00+00:00,154.82000732421875,154.82000732421875,154.82000732421875,154.82000732421875,573228
2026-01-13 23:00:00+00:00,154.5,154.99000549316406,153.80999755859375,153.9149932861328,211694
2026-01-14 00:00:00+00:00,153.88999938964844,154.0500030517578,152.86000061035156,153.05999755859375,169764
2026-01-14 01:00:00+00:00,153.05999755859375,153.17999267578125,151.5,151.88999938964844,188045
2026-01-14 02:00:00+00:00,151.9199981689453,152.11000061035156,150.8800048828125,152.10000610351562,172691
2026-01-14 03:00:00+00:00,152.1300048828125,152.44000244140625,151.94000244140625,152.25,115996
2026-01-14 04:00:00+00:00,152.25999450683594,152.6199951171875,151.80999755859375,152.1199951171875,198493
2026-01-14 05:00:00+00:00,152.8800048828125,152.8800048828125,152.8800048828125,152.8800048828125,832192
2026-01-14 23:00:00+00:00,153.1199951171875,153.5,151.14999389648438,151.3800048828125,0
2026-01-15 00:00:00+00:00,151.38999938964844,152.3699951171875,151.36000061035156,152.0,119451
2026-01-15 01:00:00+00:00,151.99000549316406,152.6300048828125,151.8699951171875,152.02999877929688,119793
2026-01-15 02:00:00+00:00,152.05999755859375,152.0800018310547,151.32000732421875,151.83999633789062,148442
2026-01-15 03:00:00+00:00,151.85000610351562,152.85000610351562,151.74000549316406,152.7100067138672,126967
2026-01-15 04:00:00+00:00,152.7100067138672,153.66000366210938,152.6300048828125,153.38999938964844,238985
2026-01-15 05:00:00+00:00,153.5,153.5,153.5,153.5,0
2026-01-15 23:00:00+00:00,152.88999938964844,154.10000610351562,152.88999938964844,153.7949981689453,826661
2026-01-16 00:00:00+00:00,153.80999755859375,154.5399932861328,153.6699981689453,154.24000549316406,105327
2026-01-16 01:00:00+00:00,154.25,154.7899932861328,154.1300048828125,154.47999572753906,83183
2026-01-16 02:00:00+00:00,154.47999572753906,155.2899932861328,154.33999633789062,155.10000610351562,131766
2026-01-16 03:00:00+00:00,155.10000610351562,155.18499755859375,154.66000366210938,154.8699951171875,88234
2026-01-16 04:00:00+00:00,154.8699951171875,154.9199981689453,154.47999572753906,154.60000610351562,114023
2026-01-16 05:00:00+00:00,154.3000030517578,154.3000030517578,154.3000030517578,154.3000030517578,521178
2026-01-18 23:00:00+00:00,154.4550018310547,154.55999755859375,153.1199951171875,153.22000122070312,0
2026-01-19 00:00:00+00:00,153.2100067138672,153.64999389648438,153.0500030517578,153.47000122070312,66668
2026-01-19 01:00:00+00:00,153.47000122070312,153.5500030517578,152.9199981689453,152.98500061035156,71135
2026-01-19 02:00:00+00:00,153.0,153.5500030517578,152.9600067138672,153.35000610351562,42715
2026-01-19 03:00:00+00:00,153.3699951171875,153.39999389648438,152.9499969482422,153.27000427246094,41385
2026-01-19 04:00:00+00:00,153.27999877929688,153.3800048828125,153.0500030517578,153.22999572753906,71345
2026-01-19 05:00:00+00:00,153.25999450683594,153.25999450683594,153.25999450683594,153.25999450683594,321682
2026-01-19 23:00:00+00:00,152.6199951171875,152.7899932861328,151.6999969482422,152.07000732421875,0
2026-01-20 00:00:00+00:00,152.08999633789062,152.08999633789062,150.97999572753906,151.0,212495
2026-01-20 01:00:00+00:00,150.99000549316406,151.60499572753906,150.7100067138672,150.89999389648438,120048
2026-01-20 02:00:00+00:00,150.9250030517578,151.38999938964844,150.75,151.02000427246094,112744
2026-01-20 03:00:00+00:00,151.05999755859375,151.05999755859375,150.72000122070312,150.85000610351562,85720
2026-01-20 04:00:00+00:00,150.8300018310547,150.86000061035156,150.10000610351562,150.10000610351562,237059
2026-01-20 05:00:00+00:00,150.47999572753906,150.47999572753906,150.47999572753906,150.47999572753906,552448
2026-01-20 23:00:00+00:00,148.30999755859375,148.61000061035156,147.14999389648438,147.75,0
2026-01-21 00:00:00+00:00,147.77000427246094,147.83999633789062,146.97999572753906,147.66000366210938,169338
2026-01-21 01:00:00+00:00,147.66000366210938,148.00999450683594,147.0800018310547,147.6699981689453,106423
2026-01-21 02:00:00+00:00,147.6999969482422,147.85000610351562,147.3000030517578,147.72000122070312,84639
2026-01-21 03:00:00+00:00,147.72000122070312,147.9499969482422,147.42999267578125,147.61000061035156,132582
2026-01-21 04:00:00+00:00,147.60000610351562,148.0500030517578,147.1999969482422,147.4499969482422,239777
2026-01-21 05:00:00+00:00,147.47000122070312,147.47000122070312,147.22000122070312,147.22000122070312,561433
2026-01-21 23:00:00+00:00,148.36000061035156,149.57000732421875,148.14999389648438,149.17999267578125,0
2026-01-22 00:00:00+00:00,149.16000366210938,149.83999633789062,148.91000366210938,149.41000366210938,138067
2026-01-22 01:00:00+00:00,149.39999389648438,150.24000549316406,149.0800018310547,149.60000610351562,132722
2026-01-22 02:00:00+00:00,149.58999633789062,149.83999633789062,149.1199951171875,149.3699951171875,78454
2026-01-22 03:00:00+00:00,149.3699951171875,150.27999877929688,149.30999755859375,150.1999969482422,115812
2026-01-22 04:00:00+00:00,150.17999267578125,150.6300048828125,149.99000549316406,150.5800018310547,168255
2026-01-22 05:00:00+00:00,150.61000061035156,150.61000061035156,150.61000061035156,150.61000061035156,554157
2026-01-22 23:00:00+00:00,148.7899932861328,149.64999389648438,148.0,148.19000244140625,0
2026-01-23 00:00:00+00:00,148.16000366210938,149.11000061035156,148.0800018310547,148.7899932861328,88332
2026-01-23 01:00:00+00:00,148.7899932861328,149.7100067138672,148.72999572753906,149.44000244140625,177299
2026-01-23 02:00:00+00:00,149.4499969482422,149.61000061035156,148.9499969482422,149.13499450683594,80841
2026-01-23 03:00:00+00:00,149.13999938964844,149.72999572753906,149.1300048828125,149.6699981689453,74546
2026-01-23 04:00:00+00:00,149.63999938964844,149.6699981689453,149.1300048828125,149.47000122070312,83612
2026-01-23 05:00:00+00:00,149.47999572753906,149.47999572753906,149.47999572753906,149.47999572753906,606274
2026-01-26 23:00:00+00:00,150.0,151.14999389648438,149.91000366210938,151.05999755859375,0
2026-01-27 00:00:00+00:00,151.06500244140625,151.1999969482422,150.38999938964844,150.74000549316406,137704
2026-01-27 01:00:00+00:00,150.72999572753906,150.8000030517578,150.2899932861328,150.47999572753906,104820
2026-01-27 02:00:00+00:00,150.5,150.63999938964844,150.22999572753906,150.35000610351562,71654
2026-01-27 03:00:00+00:00,150.36000061035156,150.4550018310547,149.9499969482422,149.99000549316406,73673
2026-01-27 04:00:00+00:00,149.99000549316406,150.5800018310547,149.9600067138672,150.22000122070312,171015
2026-01-27 05:00:00+00:00,150.07000732421875,150.07000732421875,150.07000732421875,150.07000732421875,789770
2026-01-27 23:00:00+00:00,150.83999633789062,151.3800048828125,150.49000549316406,150.5800018310547,159200
2026-01-28 00:00:00+00:00,150.58999633789062,150.85000610351562,149.9199981689453,150.6699981689453,115764
2026-01-28 01:00:00+00:00,150.67999267578125,151.1199951171875,150.1300048828125,150.2550048828125,116038
2026-01-28 02:00:00+00:00,150.25,150.39999389648438,149.97000122070312,150.09500122070312,64111
2026-01-28 03:00:00+00:00,150.08999633789062,150.60000610351562,150.00999450683594,150.36000061035156,78598
2026-01-28 04:00:00+00:00,150.36000061035156,150.42999267578125,149.8300018310547,150.16000366210938,147858
2026-01-28 05:00:00+00:00,150.36000061035156,150.36000061035156,150.36000061035156,150.36000061035156,522220
2026-01-28 23:00:00+00:00,149.02999877929688,149.4949951171875,148.69000244140625,149.42999267578125,0
2026-01-29 00:00:00+00:00,149.42999267578125,149.4499969482422,148.39999389648438,148.52999877929688,96275
2026-01-29 01:00:00+00:00,148.5500030517578,149.25999450683594,148.38999938964844,149.16000366210938,84600
2026-01-29 02:00:00+00:00,149.14999389648438,149.38999938964844,148.8000030517578,149.00999450683594,64217
2026-01-29 03:00:00+00:00,149.00999450683594,149.11000061035156,148.39500427246094,148.47999572753906,86935
2026-01-29 04:00:00+00:00,148.4600067138672,148.75999450683594,148.2100067138672,148.66000366210938,140003
2026-01-29 05:00:00+00:00,148.66000366210938,148.66000366210938,148.66000366210938,148.66000366210938,0
2026-01-29 23:00:00+00:00,149.22000122070312,150.10000610351562,148.6999969482422,149.2050018310547,449091
2026-01-30 00:00:00+00:00,149.2100067138672,149.2100067138672,148.36000061035156,148.6199951171875,111989
2026-01-30 01:00:00+00:00,148.6300048828125,149.00999450683594,148.33999633789062,148.8800048828125,120120
2026-01-30 02:00:00+00:00,148.86000061035156,149.66000366210938,148.80999755859375,149.25,142045
2026-01-30 03:00:00+00:00,149.25999450683594,150.0500030517578,149.25,149.39999389648438,173783
2026-01-30 04:00:00+00:00,149.39999389648438,149.60000610351562,148.9499969482422,149.52999877929688,243901
2026-01-30 05:00:00+00:00,149.36000061035156,149.36000061035156,149.36000061035156,149.36000061035156,1076645
2026-02-01 23:00:00+00:00,152.00999450683594,152.88999938964844,150.99000549316406,151.1699981689453,375610
2026-02-02 00:00:00+00:00,151.1699981689453,151.85000610351562,150.44500732421875,151.14999389648438,179163
2026-02-02 01:00:00+00:00,151.14999389648438,151.33999633789062,149.80999755859375,150.75999450683594,136061
2026-02-02 02:00:00+00:00,150.75999450683594,151.05499267578125,150.41000366210938,150.41000366210938,106112
2026-02-02 03:00:00+00:00,150.41000366210938,151.14999389648438,150.24000549316406,151.11000061035156,141281
2026-02-02 04:00:00+00:00,151.1300048828125,151.4499969482422,150.88999938964844,151.3300018310547,195216
2026-02-02 05:00:00+00:00,151.47999572753906,151.47999572753906,151.47999572753906,151.47999572753906,760261
2026-02-02 23:00:00+00:00,153.14999389648438,154.0800018310547,152.7899932861328,153.07000732421875,231893
2026-02-03 00:00:00+00:00,153.00999450683594,153.36500549316406,152.22999572753906,152.75,125428
2026-02-03 01:00:00+00:00,152.75,152.75,152.10000610351562,152.3000030517578,81719
2026-02-03 02:00:00+00:00,152.32000732421875,153.17999267578125,152.25,152.92999267578125,77958
2026-02-03 03:00:00+00:00,152.91000366210938,152.97999572753906,151.83999633789062,151.8800048828125,139932
2026-02-03 04:00:00+00:00,151.8699951171875,153.0399932861328,151.75999450683594,152.88999938964844,163009
2026-02-03 05:00:00+00:00,152.89999389648438,153.0800018310547,152.89999389648438,153.0800018310547,685566
2026-02-03 23:00:00+00:00,151.2550048828125,151.60000610351562,150.5,151.47000122070312,0
2026-02-04 00:00:00+00:00,151.4499969482422,153.0399932861328,151.25,152.72999572753906,133073
2026-02-04 01:00:00+00:00,152.72000122070312,154.86000061035156,152.67999267578125,154.81500244140625,193947
2026-02-04 02:00:00+00:00,154.83999633789062,155.7449951171875,154.74000549316406,155.6300048828125,178025
2026-02-04 03:00:00+00:00,155.6300048828125,157.1699981689453,155.46499633789062,157.16000366210938,233353
2026-02-04 04:00:00+00:00,157.16000366210938,157.36000061035156,156.41000366210938,156.72999572753906,306321
2026-02-04 05:00:00+00:00,157.05999755859375,157.05999755859375,157.05999755859375,157.05999755859375,993506
2026-02-04 23:00:00+00:00,158.2899932861328,158.5,157.1999969482422,157.64999389648438,0
2026-02-05 00:00:00+00:00,157.64999389648438,158.36000061035156,157.57000732421875,158.0500030517578,143253
2026-02-05 01:00:00+00:00,158.07000732421875,159.14999389648438,157.92999267578125,159.07000732421875,152906
2026-02-05 02:00:00+00:00,159.07000732421875,159.08999633789062,158.5500030517578,158.75999450683594,113491
2026-02-05 03:00:00+00:00,158.77000427246094,159.22000122070312,158.49000549316406,158.57000732421875,173408
2026-02-05 04:00:00+00:00,158.57000732421875,159.42999267578125,158.47999572753906,159.25,264083
2026-02-05 05:00:00+00:00,159.27999877929688,159.27999877929688,159.27999877929688,159.27999877929688,751514
2026-02-05 23:00:00+00:00,157.7100067138672,159.25999450683594,156.9499969482422,159.0500030517578,0
2026-02-06 00:00:00+00:00,159.00999450683594,159.64999389648438,158.55999755859375,159.13999938964844,168152
2026-02-06 01:00:00+00:00,159.1300048828125,160.0800018310547,159.0,159.44000244140625,228549
2026-02-06 02:00:00+00:00,159.4499969482422,159.8000030517578,158.6300048828125,158.88999938964844,141076
2026-02-06 03:00:00+00:00,158.89999389648438,159.17999267578125,158.27000427246094,159.02999877929688,140469
2026-02-06 04:00:00+00:00,159.02000427246094,159.1300048828125,158.1300048828125,158.77999877929688,348980
2026-02-06 05:00:00+00:00,158.91000366210938,158.91000366210938,158.91000366210938,158.91000366210938,776645
2026-02-08 23:00:00+00:00,159.40499877929688,161.1300048828125,159.25,159.36000061035156,0
2026-02-09 00:00:00+00:00,159.3699951171875,160.2949981689453,159.22000122070312,159.8800048828125,197516
2026-02-09 01:00:00+00:00,159.8699951171875,160.9499969482422,159.75,160.5800018310547,129485
2026-02-09 02:00:00+00:00,160.61000061035156,160.8800048828125,160.33999633789062,160.5800018310547,97591
2026-02-09 03:00:00+00:00,160.58999633789062,160.75,160.07000732421875,160.1699981689453,138003
2026-02-09 04:00:00+00:00,160.17999267578125,160.49000549316406,160.10000610351562,160.33999633789062,161539
2026-02-09 05:00:00+00:00,159.88999938964844,159.88999938964844,159.88999938964844,159.88999938964844,648294
2026-02-09 23:00:00+00:00,159.25999450683594,160.36000061035156,159.00999450683594,159.1750030517578,0
2026-02-10 00:00:00+00:00,159.17999267578125,159.41000366210938,158.52000427246094,159.27999877929688,158298
2026-02-10 01:00:00+00:00,159.2899932861328,159.5850067138672,158.86000061035156,159.08999633789062,118958
2026-02-10 02:00:00+00:00,159.08999633789062,159.30999755859375,158.86000061035156,159.08999633789062,86632
2026-02-10 03:00:00+00:00,159.0749969482422,159.58999633789062,158.88999938964844,158.89999389648438,167239
2026-02-10 04:00:00+00:00,158.86000061035156,159.4199981689453,158.47000122070312,158.9600067138672,212827
2026-02-10 05:00:00+00:00,158.9600067138672,158.9600067138672,158.74000549316406,158.74000549316406,728574
2026-02-10 23:00:00+00:00,164.57000732421875,169.60000610351562,164.27000427246094,168.63999938964844,0
2026-02-11 00:00:00+00:00,168.64999389648438,172.0800018310547,168.5,171.25999450683594,581533
2026-02-11 01:00:00+00:00,171.25,171.60000610351562,171.13999938964844,171.4499969482422,278547
2026-02-11 02:00:00+00:00,171.43499755859375,171.52999877929688,170.4499969482422,170.89999389648438,245902
2026-02-11 03:00:00+00:00,170.88499450683594,171.2100067138672,170.6999969482422,171.02999877929688,270182
2026-02-11 04:00:00+00:00,171.0399932861328,171.24000549316406,169.08999633789062,169.3300018310547,547300
2026-02-11 05:00:00+00:00,169.55999755859375,169.55999755859375,169.55999755859375,169.55999755859375,665010
2026-02-11 23:00:00+00:00,171.49000549316406,174.3800048828125,170.9600067138672,174.19000244140625,0
2026-02-12 00:00:00+00:00,174.16000366210938,176.25999450683594,173.6999969482422,176.1199951171875,530535
2026-02-12 01:00:00+00:00,176.1199951171875,178.58999633789062,175.89999389648438,178.55999755859375,770782
2026-02-12 02:00:00+00:00,178.57000732421875,178.5800018310547,177.39999389648438,177.85000610351562,314408
2026-02-12 03:00:00+00:00,177.83999633789062,178.33999633789062,177.75999450683594,177.80999755859375,279502
2026-02-12 04:00:00+00:00,177.8000030517578,178.0399932861328,177.2949981689453,178.0,477627
2026-02-12 05:00:00+00:00,178.74000549316406,178.74000549316406,178.74000549316406,178.74000549316406,1032880
2026-02-12 23:00:00+00:00,178.1699981689453,179.27000427246094,176.7899932861328,176.83999633789062,0
2026-02-13 00:00:00+00:00,176.83999633789062,177.22999572753906,176.52999877929688,176.9199981689453,254318
2026-02-13 01:00:00+00:00,176.92999267578125,177.00999450683594,175.4499969482422,175.92999267578125,220843
2026-02-13 02:00:00+00:00,175.94000244140625,176.13999938964844,175.52999877929688,175.57000732421875,149312
2026-02-13 03:00:00+00:00,175.55999755859375,175.9499969482422,175.27000427246094,175.35000610351562,199089
2026-02-13 04:00:00+00:00,175.36000061035156,176.69000244140625,175.25,176.3800048828125,342170
2026-02-13 05:00:00+00:00,176.3699951171875,176.3699951171875,176.1999969482422,176.1999969482422,994748
2026-02-15 23:00:00+00:00,176.0,177.19000244140625,175.50999450683594,176.58999633789062,0
2026-02-16 00:00:00+00:00,176.58999633789062,177.11500549316406,176.44000244140625,176.61000061035156,208008
2026-02-16 01:00:00+00:00,176.60000610351562,177.30999755859375,176.52999877929688,176.67999267578125,174116
2026-02-16 02:00:00+00:00,176.68499755859375,177.57000732421875,176.66000366210938,176.97999572753906,195803
2026-02-16 03:00:00+00:00,176.97500610351562,177.375,176.5,176.8300018310547,216362
2026-02-16 04:00:00+00:00,176.8300018310547,178.0,176.8300018310547,177.6300048828125,282606
2026-02-16 05:00:00+00:00,178.27999877929688,178.27999877929688,178.27999877929688,178.27999877929688,777380
2026-02-16 23:00:00+00:00,177.5399932861328,179.41000366210938,177.39999389648438,177.44500732421875,0
2026-02-17 00:00:00+00:00,177.44500732421875,178.08999633789062,177.27999877929688,177.7899932861328,86394
2026-02-17 01:00:00+00:00,177.80999755859375,178.56500244140625,177.4600067138672,178.4949951171875,114619
2026-02-17 02:00:00+00:00,178.4949951171875,178.52999877929688,177.55999755859375,177.77999877929688,123285
2026-02-17 03:00:00+00:00,177.7899932861328,177.92999267578125,177.22000122070312,177.39500427246094,157618
2026-02-17 04:00:00+00:00,177.3800048828125,177.7100067138672,177.22000122070312,177.52000427246094,240246
2026-02-17 05:00:00+00:00,178.02999877929688,178.02999877929688,178.02999877929688,178.02999877929688,558020
2026-02-17 23:00:00+00:00,177.74000549316406,177.74000549316406,175.5,175.61000061035156,0
2026-02-18 00:00:00+00:00,175.6199951171875,177.47999572753906,175.6199951171875,176.85499572753906,155025
2026-02-18 01:00:00+00:00,176.83999633789062,177.27999877929688,176.72000122070312,177.0800018310547,86038
2026-02-18 02:00:00+00:00,177.0850067138672,177.24000549316406,176.8000030517578,177.22999572753906,72966
2026-02-18 03:00:00+00:00,177.22999572753906,177.75,176.41000366210938,176.7550048828125,163006
2026-02-18 04:00:00+00:00,176.75999450683594,177.33999633789062,176.11000061035156,176.25,264136
2026-02-18 05:00:00+00:00,176.8800048828125,180.10000610351562,176.8800048828125,180.10000610351562,662021
2026-02-18 23:00:00+00:00,178.6999969482422,179.5800018310547,177.47999572753906,178.8000030517578,0
2026-02-19 00:00:00+00:00,178.80999755859375,180.1999969482422,178.77000427246094,179.51499938964844,228942
2026-02-19 01:00:00+00:00,179.50999450683594,180.14999389648438,179.13999938964844,179.89999389648438,160848
2026-02-19 02:00:00+00:00,179.8800048828125,179.97000122070312,179.0500030517578,179.2100067138672,259527
2026-02-19 03:00:00+00:00,179.2100067138672,179.22500610351562,177.75999450683594,178.05499267578125,214485
2026-02-19 04:00:00+00:00,178.05999755859375,178.3699951171875,177.50999450683594,178.19000244140625,495531
2026-02-19 05:00:00+00:00,178.19000244140625,178.19000244140625,178.19000244140625,178.19000244140625,963071
2026-02-19 23:00:00+00:00,178.0399932861328,178.60000610351562,177.47999572753906,177.5,0
2026-02-20 00:00:00+00:00,177.50999450683594,178.47500610351562,177.47000122070312,178.2100067138672,123825
2026-02-20 01:00:00+00:00,178.2100067138672,178.58999633789062,177.9199981689453,178.5800018310547,160822
2026-02-20 02:00:00+00:00,178.58999633789062,179.47999572753906,178.35000610351562,179.24000549316406,144227
2026-02-20 03:00:00+00:00,179.2449951171875,180.0800018310547,179.07000732421875,179.64999389648438,267165
2026-02-20 04:00:00+00:00,179.66000366210938,179.8300018310547,179.0399932861328,179.47999572753906,235463
2026-02-20 05:00:00+00:00,179.6699981689453,179.6699981689453,179.6699981689453,179.6699981689453,939995
2026-02-22 23:00:00+00:00,179.82000732421875,180.60000610351562,179.5500030517578,179.72999572753906,0
2026-02-23 00:00:00+00:00,179.75999450683594,180.0,178.8800048828125,178.9199981689453,216009
2026-02-23 01:00:00+00:00,178.89999389648438,178.9149932861328,177.60000610351562,178.35000610351562,162700
2026-02-23 02:00:00+00:00,178.35000610351562,178.9199981689453,178.22000122070312,178.88999938964844,152020
2026-02-23 03:00:00+00:00,178.88999938964844,178.97000122070312,177.64500427246094,178.02000427246094,237493
2026-02-23 04:00:00+00:00,178.0399932861328,178.4199981689453,177.55999755859375,177.99000549316406,233902
2026-02-23 05:00:00+00:00,177.99000549316406,178.52999877929688,177.99000549316406,178.52999877929688,736637
2026-02-23 23:00:00+00:00,178.00999450683594,179.7899932861328,177.9600067138672,179.67999267578125,285829
2026-02-24 00:00:00+00:00,179.6699981689453,179.67999267578125,177.25999450683594,177.4199981689453,162509
2026-02-24 01:00:00+00:00,177.4199981689453,177.74000549316406,177.1300048828125,177.66000366210938,133052
2026-02-24 02:00:00+00:00,177.6649932861328,179.25,177.5749969482422,178.92999267578125,152257
2026-02-24 03:00:00+00:00,178.91000366210938,179.35000610351562,178.875,179.1300048828125,165110
2026-02-24 04:00:00+00:00,179.125,179.22999572753906,178.61500549316406,178.91000366210938,204282
2026-02-24 05:00:00+00:00,178.5,178.5,178.5,178.5,779665
2026-02-24 23:00:00+00:00,179.5800018310547,180.55499267578125,178.74000549316406,180.10499572753906,0
2026-02-25 00:00:00+00:00,180.10499572753906,180.17999267578125,178.88999938964844,179.7899932861328,189705
2026-02-25 01:00:00+00:00,179.7899932861328,180.0500030517578,179.60000610351562,179.92999267578125,129825
2026-02-25 02:00:00+00:00,179.92999267578125,180.07000732421875,179.3300018310547,179.3699951171875,127274
2026-02-25 03:00:00+00:00,179.375,179.4199981689453,178.50999450683594,178.625,269111
2026-02-25 04:00:00+00:00,178.625,178.64999389648438,177.81500244140625,178.0800018310547,256129
2026-02-25 05:00:00+00:00,178.1300048828125,178.67999267578125,178.1300048828125,178.67999267578125,1092927
2026-02-25 23:00:00+00:00,179.63999938964844,179.63999938964844,176.02000427246094,177.30999755859375,0
2026-02-26 00:00:00+00:00,177.32000732421875,178.7949981689453,177.32000732421875,178.7050018310547,127305
2026-02-26 01:00:00+00:00,178.7050018310547,178.72000122070312,177.25999450683594,178.07000732421875,121333
2026-02-26 02:00:00+00:00,178.07000732421875,178.3000030517578,177.74000549316406,178.19000244140625,93568
2026-02-26 03:00:00+00:00,178.2100067138672,178.38999938964844,177.77999877929688,177.93499755859375,119712
2026-02-26 04:00:00+00:00,177.94000244140625,178.0399932861328,177.32000732421875,177.64999389648438,212489
2026-02-26 05:00:00+00:00,177.27000427246094,177.27000427246094,177.27000427246094,177.27000427246094,965922
2026-02-26 23:00:00+00:00,176.93499755859375,177.07000732421875,174.64999389648438,174.97999572753906,0
2026-02-27 00:00:00+00:00,174.97999572753906,175.125,173.75999450683594,174.0500030517578,197585
2026-02-27 01:00:00+00:00,174.0500030517578,174.33999633789062,173.1199951171875,173.75999450683594,220735
2026-02-27 02:00:00+00:00,173.7550048828125,173.82000732421875,173.1699981689453,173.5850067138672,121265
2026-02-27 03:00:00+00:00,173.5850067138672,174.24000549316406,173.39999389648438,174.02000427246094,274497
2026-02-27 04:00:00+00:00,174.01499938964844,174.22999572753906,173.5800018310547,173.8699951171875,250310
2026-02-27 05:00:00+00:00,174.6199951171875,174.6199951171875,174.6199951171875,174.6199951171875,2240048
2026-03-01 23:00:00+00:00,173.60000610351562,173.60000610351562,169.24000549316406,170.64999389648438,0
2026-03-02 00:00:00+00:00,170.64999389648438,171.44000244140625,169.77000427246094,171.1999969482422,156761
2026-03-02 01:00:00+00:00,171.1999969482422,172.3000030517578,170.5800018310547,172.0399932861328,101484
2026-03-02 02:00:00+00:00,172.0399932861328,172.6999969482422,171.36000061035156,172.39999389648438,92704
2026-03-02 03:00:00+00:00,172.3800048828125,172.8300018310547,172.35000610351562,172.59500122070312,92064
2026-03-02 04:00:00+00:00,172.60000610351562,173.17999267578125,172.50999450683594,172.72999572753906,159520
2026-03-02 05:00:00+00:00,173.49000549316406,173.49000549316406,173.49000549316406,173.49000549316406,518394
2026-03-02 23:00:00+00:00,172.99000549316406,174.77000427246094,172.88999938964844,174.27999877929688,0
2026-03-03 00:00:00+00:00,174.27499389648438,174.27499389648438,172.55999755859375,173.32000732421875,124558
2026-03-03 01:00:00+00:00,173.32000732421875,173.74000549316406,173.02999877929688,173.58999633789062,91926
2026-03-03 02:00:00+00:00,173.61000061035156,174.58999633789062,173.55999755859375,174.47000122070312,115134
2026-03-03 03:00:00+00:00,174.46499633789062,174.77000427246094,173.99000549316406,174.08999633789062,142388
2026-03-03 04:00:00+00:00,174.10000610351562,174.47999572753906,172.82000732421875,173.5800018310547,189616
2026-03-03 05:00:00+00:00,173.97999572753906,173.97999572753906,173.97999572753906,173.97999572753906,782991
2026-03-03 23:00:00+00:00,172.25,173.47999572753906,171.8300018310547,172.61000061035156,0
2026-03-04 00:00:00+00:00,172.6199951171875,173.0399932861328,171.7100067138672,171.89500427246094,126084
2026-03-04 01:00:00+00:00,171.89999389648438,172.1999969482422,170.6999969482422,171.36000061035156,127846
2026-03-04 02:00:00+00:00,171.3699951171875,171.60000610351562,170.5,171.19500732421875,94834
2026-03-04 03:00:00+00:00,171.19000244140625,171.85000610351562,170.92999267578125,171.6999969482422,122286
2026-03-04 04:00:00+00:00,171.6999969482422,171.91000366210938,171.22999572753906,171.5,140608
2026-03-04 05:00:00+00:00,171.91000366210938,171.91000366210938,171.91000366210938,171.91000366210938,717358
2026-03-04 23:00:00+00:00,174.07000732421875,174.8800048828125,173.8000030517578,173.83999633789062,0
2026-03-05 00:00:00+00:00,173.83999633789062,174.11000061035156,173.25,173.89999389648438,88416
2026-03-05 01:00:00+00:00,173.91000366210938,173.99000549316406,173.21499633789062,173.38999938964844,109791
2026-03-05 02:00:00+00:00,173.39999389648438,173.4199981689453,172.5,173.22500610351562,93825
2026-03-05 03:00:00+00:00,173.22999572753906,173.6699981689453,172.6300048828125,172.7949981689453,137673
2026-03-05 04:00:00+00:00,172.8000030517578,173.25,172.75,173.0,151962
2026-03-05 05:00:00+00:00,172.66000366210938,172.66000366210938,172.66000366210938,172.66000366210938,1399144
2026-03-05 23:00:00+00:00,172.58999633789062,172.6300048828125,171.47000122070312,172.4499969482422,0
2026-03-06 00:00:00+00:00,172.4499969482422,173.0449981689453,171.76499938964844,172.01499938964844,112506
2026-03-06 01:00:00+00:00,172.00999450683594,172.47000122070312,171.77000427246094,171.91000366210938,106330
2026-03-06 02:00:00+00:00,171.9199981689453,172.32000732421875,171.17999267578125,171.27499389648438,116118
2026-03-06 03:00:00+00:00,171.27999877929688,172.05999755859375,170.89999389648438,171.99000549316406,138221
2026-03-06 04:00:00+00:00,171.98500061035156,172.49000549316406,171.8000030517578,172.22000122070312,176773
2026-03-06 05:00:00+00:00,172.47000122070312,172.47000122070312,172.47000122070312,172.47000122070312,664341
2026-03-08 23:00:00+00:00,167.41000366210938,167.9499969482422,165.5,166.1199951171875,0
2026-03-09 00:00:00+00:00,166.08999633789062,167.58999633789062,165.08999633789062,165.77000427246094,425264
2026-03-09 01:00:00+00:00,165.77000427246094,166.07000732421875,165.11000061035156,165.76499938964844,346392
2026-03-09 02:00:00+00:00,165.77999877929688,167.7949981689453,165.74000549316406,167.5399932861328,154976
2026-03-09 03:00:00+00:00,167.5399932861328,168.33999633789062,167.24000549316406,167.6699981689453,358618
2026-03-09 04:00:00+00:00,167.66000366210938,168.7899932861328,167.63999938964844,168.17999267578125,277419
2026-03-09 05:00:00+00:00,169.4499969482422,169.4499969482422,169.4499969482422,169.4499969482422,1250549
2026-03-09 23:00:00+00:00,171.07000732421875,173.25999450683594,169.8300018310547,172.72000122070312,0
2026-03-10 00:00:00+00:00,172.69000244140625,173.14999389648438,172.00999450683594,172.8699951171875,158208
2026-03-10 01:00:00+00:00,172.85000610351562,173.21499633789062,172.5500030517578,172.99000549316406,138803
2026-03-10 02:00:00+00:00,172.99000549316406,173.02999877929688,171.97000122070312,172.125,137809
2026-03-10 03:00:00+00:00,172.125,172.19000244140625,171.2050018310547,171.4199981689453,212595
2026-03-10 04:00:00+00:00,171.42999267578125,171.8699951171875,170.82000732421875,171.7899932861328,312231
2026-03-10 05:00:00+00:00,171.8000030517578,171.8000030517578,171.8000030517578,171.8000030517578,1039276
2026-03-10 23:00:00+00:00,173.10499572753906,173.85000610351562,172.1999969482422,172.50999450683594,0
2026-03-11 00:00:00+00:00,172.51499938964844,174.42999267578125,172.51499938964844,173.5449981689453,161211
2026-03-11 01:00:00+00:00,173.5500030517578,174.4499969482422,173.47000122070312,173.5,109972
2026-03-11 02:00:00+00:00,173.5050048828125,173.8800048828125,173.4550018310547,173.8350067138672,81135
2026-03-11 03:00:00+00:00,173.8300018310547,174.08999633789062,173.5749969482422,173.72999572753906,227065
2026-03-11 04:00:00+00:00,173.72500610351562,173.72500610351562,172.5800018310547,172.58999633789062,181735
2026-03-11 05:00:00+00:00,172.6699981689453,172.6699981689453,172.6699981689453,172.6699981689453,792370
2026-03-11 23:00:00+00:00,170.32000732421875,171.85000610351562,169.60000610351562,171.3699951171875,0
2026-03-12 00:00:00+00:00,171.3800048828125,171.38999938964844,170.39999389648438,170.8800048828125,202047
2026-03-12 01:00:00+00:00,170.88999938964844,171.4600067138672,170.3699951171875,171.0,145067
2026-03-12 02:00:00+00:00,170.99000549316406,171.27999877929688,170.19500732421875,170.22000122070312,144854
2026-03-12 03:00:00+00:00,170.2100067138672,171.11000061035156,170.13999938964844,171.08999633789062,229117
2026-03-12 04:00:00+00:00,171.0800018310547,171.58999633789062,170.72999572753906,170.77999877929688,362111
2026-03-12 05:00:00+00:00,171.60000610351562,171.60000610351562,171.60000610351562,171.60000610351562,1091624
2026-03-12 23:00:00+00:00,172.4199981689453,173.63999938964844,172.07000732421875,173.50999450683594,0
2026-03-13 00:00:00+00:00,173.5,174.77999877929688,173.35499572753906,174.42999267578125,149876
2026-03-13 01:00:00+00:00,174.4199981689453,174.89999389648438,173.89999389648438,173.94500732421875,107938
2026-03-13 02:00:00+00:00,173.9600067138672,174.5,173.9600067138672,174.42999267578125,72313
2026-03-13 03:00:00+00:00,174.42999267578125,174.60000610351562,173.75,173.77999877929688,95965
2026-03-13 04:00:00+00:00,173.7899932861328,174.00999450683594,172.9600067138672,173.33999633789062,150979
2026-03-13 05:00:00+00:00,173.75999450683594,173.75999450683594,173.75999450683594,173.75999450683594,773424
2026-03-15 23:00:00+00:00,173.05999755859375,174.6999969482422,173.05999755859375,173.74000549316406,0
2026-03-16 00:00:00+00:00,173.72999572753906,175.0800018310547,173.6699981689453,174.83999633789062,166813
2026-03-16 01:00:00+00:00,174.83999633789062,175.33999633789062,174.0,174.72000122070312,113712
2026-03-16 02:00:00+00:00,174.72000122070312,174.74000549316406,174.19000244140625,174.52000427246094,76708
2026-03-16 03:00:00+00:00,174.52999877929688,175.5,174.52999877929688,175.4600067138672,129344
2026-03-16 04:00:00+00:00,175.4600067138672,175.69000244140625,174.8000030517578,174.8300018310547,181338
2026-03-16 05:00:00+00:00,175.52999877929688,175.52999877929688,175.52999877929688,175.52999877929688,698093
2026-03-16 23:00:00+00:00,176.27999877929688,176.44000244140625,175.58999633789062,175.72999572753906,0
2026-03-17 00:00:00+00:00,175.7550048828125,175.7899932861328,175.11000061035156,175.64999389648438,176365
2026-03-17 01:00:00+00:00,175.64999389648438,176.1300048828125,175.5,175.84500122070312,183108
2026-03-17 02:00:00+00:00,175.84500122070312,176.05999755859375,175.5800018310547,175.6999969482422,144841
2026-03-17 03:00:00+00:00,175.6999969482422,177.0399932861328,175.66000366210938,176.10000610351562,209610
2026-03-17 04:00:00+00:00,176.11000061035156,176.6300048828125,176.02000427246094,176.25,176727
2026-03-17 05:00:00+00:00,176.1199951171875,176.1199951171875,176.1199951171875,176.1199951171875,641691
2026-03-17 23:00:00+00:00,176.77999877929688,176.88999938964844,175.2899932861328,175.5,0
2026-03-18 00:00:00+00:00,175.50999450683594,176.5,175.14999389648438,176.25999450683594,115789
2026-03-18 01:00:00+00:00,176.27000427246094,177.0,175.98500061035156,176.125,101808
2026-03-18 02:00:00+00:00,176.125,176.6199951171875,176.08999633789062,176.55999755859375,97366
2026-03-18 03:00:00+00:00,176.55999755859375,176.9600067138672,176.5,176.75999450683594,115070
2026-03-18 04:00:00+00:00,176.7550048828125,177.25,176.74000549316406,177.07000732421875,166554
2026-03-18 05:00:00+00:00,177.08999633789062,177.08999633789062,177.08999633789062,177.08999633789062,658987
2026-03-18 23:00:00+00:00,175.0,176.47000122070312,174.64999389648438,176.02999877929688,1164953
2026-03-19 00:00:00+00:00,176.02999877929688,176.77000427246094,175.8300018310547,176.47999572753906,127260
2026-03-19 01:00:00+00:00,176.49000549316406,177.25999450683594,176.39999389648438,176.39999389648438,123718
2026-03-19 02:00:00+00:00,176.41000366210938,177.25,175.97999572753906,177.0399932861328,102054
2026-03-19 03:00:00+00:00,177.0399932861328,177.41000366210938,176.66000366210938,176.68499755859375,139765
2026-03-19 04:00:00+00:00,176.69000244140625,177.16000366210938,176.6199951171875,177.0399932861328,248064
2026-03-19 05:00:00+00:00,177.36000061035156,177.36000061035156,177.36000061035156,177.36000061035156,749781
2026-03-19 23:00:00+00:00,178.17999267578125,179.55999755859375,177.83999633789062,177.94000244140625,0
2026-03-20 00:00:00+00:00,177.92999267578125,178.11000061035156,177.08999633789062,177.08999633789062,148100
2026-03-20 01:00:00+00:00,177.10000610351562,177.60000610351562,176.10000610351562,177.05999755859375,123691
2026-03-20 02:00:00+00:00,177.05999755859375,177.27000427246094,176.44000244140625,176.86000061035156,107055
2026-03-20 03:00:00+00:00,176.8800048828125,176.97000122070312,176.22000122070312,176.64999389648438,104371
2026-03-20 04:00:00+00:00,176.66000366210938,176.7899932861328,176.05999755859375,176.16000366210938,155145
2026-03-22 23:00:00+00:00,172.00999450683594,174.19500732421875,170.8000030517578,173.72999572753906,0
2026-03-23 00:00:00+00:00,173.75999450683594,174.08999633789062,173.1699981689453,173.9600067138672,217447
2026-03-23 01:00:00+00:00,173.9499969482422,175.2100067138672,173.91000366210938,174.8000030517578,201513
2026-03-23 02:00:00+00:00,174.82000732421875,175.94000244140625,174.7899932861328,174.88999938964844,192776
2026-03-23 03:00:00+00:00,174.8800048828125,175.3300018310547,174.27000427246094,174.41000366210938,168302
2026-03-23 04:00:00+00:00,174.41000366210938,175.0800018310547,174.3800048828125,174.5399932861328,203961
2026-03-23 05:00:00+00:00,174.25,174.25,174.25,174.25,608752
2026-03-23 23:00:00+00:00,176.48500061035156,176.76499938964844,173.75,174.32000732421875,0
2026-03-24 00:00:00+00:00,174.25,174.38999938964844,172.13999938964844,172.3800048828125,169372
2026-03-24 01:00:00+00:00,172.3800048828125,173.07000732421875,171.91000366210938,173.05999755859375,113117
2026-03-24 02:00:00+00:00,173.18499755859375,174.10000610351562,172.13999938964844,172.1999969482422,80476
2026-03-24 03:00:00+00:00,172.1999969482422,172.83999633789062,172.0,172.36000061035156,96558
2026-03-24 04:00:00+00:00,172.35000610351562,172.64999389648438,171.66000366210938,171.80999755859375,213452
2026-03-24 05:00:00+00:00,171.1199951171875,171.1199951171875,171.1199951171875,171.1199951171875,676444
2026-03-24 23:00:00+00:00,173.27000427246094,173.69000244140625,172.3800048828125,173.0399932861328,0
2026-03-25 00:00:00+00:00,173.0500030517578,174.42999267578125,172.9499969482422,174.11000061035156,157691
2026-03-25 01:00:00+00:00,174.11000061035156,174.2100067138672,173.6699981689453,173.72999572753906,93661
2026-03-25 02:00:00+00:00,173.72999572753906,173.8000030517578,172.72999572753906,172.7899932861328,84991
2026-03-25 03:00:00+00:00,172.77000427246094,173.11000061035156,172.3300018310547,172.8000030517578,112017
2026-03-25 04:00:00+00:00,172.80499267578125,173.00999450683594,172.08999633789062,172.1699981689453,128765
2026-03-25 05:00:00+00:00,172.1699981689453,172.1699981689453,172.1699981689453,172.1699981689453,671613
